1790642369763544036 0.0 0.0 -0.05097280442714691
1790642369791017159 0.0 0.0 -0.05097280442714691
1790642369810636845 0.0 0.0 -0.05097280442714691
1790642369830685198 0.0 0.0 -0.050972793251276016
1790642369851663238 0.0 0.0 -0.050972793251276016
1790642369870754125 0.0 0.0 -0.05097277835011482
1790642369890796301 0.0 0.0 -0.05097277835011482
1790642369910809771 0.0 0.0 -0.050972774624824524
1790642369931061688 0.0 0.0 -0.05097277835011482
1790642369950958032 0.0 0.0 -0.050972774624824524
1790642369970865511 0.0 0.0 -0.05097277835011482
1790642369990764831 0.0 0.0 -0.05097278207540512
1790642370017288264 0.0 0.0 -0.05097278207540512
1790642370031037195 0.0 0.0 -0.05097277835011482
1790642370051134798 0.0 0.0 -0.05097278580069542
1790642370071025029 0.0 0.0 -0.05097277835011482
1790642370091054660 0.0 0.0 -0.05097277835011482
1790642370111459483 0.0 0.0 -0.050972774624824524
1790642370131273165 0.0 0.0 -0.05097277835011482
1790642370151239176 0.0 0.0 -0.050972770899534225
1790642370171573242 0.0 0.0 -0.05097277835011482
1790642370191375052 0.0 0.0 -0.050972774624824524
1790642370211312005 0.0 0.0 -0.050972770899534225
1790642370231285633 0.0 0.0 -0.05097276344895363
1790642370253566793 0.0 0.0 -0.05097276344895363
1790642370272152337 0.0 0.0 -0.05097276717424393
1790642370291407874 0.0 0.0 -0.050972774624824524
1790642370311530247 0.0 0.0 -0.050972774624824524
1790642370331426974 0.0 0.0 -0.050972774624824524
1790642370351637768 0.0 0.0 -0.05097277835011482
1790642370371426425 0.0 0.0 -0.05097278580069542
1790642370393118877 0.0 0.0 -0.05097278580069542
1790642370411727750 0.0 0.0 -0.05097278207540512
1790642370431592252 0.0 0.0 -0.05097278207540512
1790642370459910738 0.0 0.0 -0.05097278207540512
1790642370472054547 0.0 0.0 -0.05097277835011482
1790642370491989260 0.0 0.0 -0.05097277835011482
1790642370511914213 0.0 0.0 -0.05097278207540512
1790642370531836414 0.0 0.0 -0.05097277835011482
1790642370551930466 0.0 0.0 -0.05097278952598572
1790642370582186510 0.0 0.0 -0.05097278580069542
1790642370601998144 0.0 0.0 -0.05097278580069542
1790642370622009982 0.0 0.0 -0.050972774624824524
1790642370641974265 0.0 0.0 -0.050972770899534225
1790642370662001081 0.0 0.0 -0.050972770899534225
1790642370682124542 0.0 0.0 -0.05097276717424393
1790642370702109274 0.0 0.0 -0.05097276344895363
1790642370723764540 0.0 0.0 -0.05097275599837303
1790642370742366181 0.0 0.0 -0.05097275227308273
1790642370762564015 0.0 0.0 -0.05097275227308273
1790642370782473095 0.0 0.0 -0.050972744822502136
1790642370802347005 0.0 0.0 -0.05097275227308273
1790642370823311637 0.0 0.0 -0.05097275227308273
1790642370842502977 0.0 0.0 -0.050972748547792435
1790642370862574115 0.0 0.0 -0.050972744822502136
1790642370882572064 0.0 0.0 -0.050972744822502136
1790642370902511354 0.0 0.0 -0.05097274109721184
1790642370922640992 0.0 0.0 -0.05097274109721184
1790642370942675423 0.0 0.0 -0.05097274109721184
1790642370964625395 0.0 0.0 -0.05097273737192154
1790642370982837060 0.0 0.0 -0.05098189041018486
1790642371002844546 0.0 0.0 -0.05098189413547516
1790642371022614802 0.0 0.0 -0.05098189041018486
1790642371042676819 0.0 0.0 -0.05098188668489456
1790642371062720372 0.0 0.0 -0.050981901586055756
1790642371082915997 0.0 0.0 -0.050981901586055756
1790642371102822101 0.0 0.0 -0.05098189413547516
1790642371122866549 0.0 0.0 -0.05098189041018486
1790642371143001691 0.0 0.0 -0.050981901586055756
1790642371162969367 0.0 0.0 -0.050981901586055756
1790642371183129758 0.0 0.0 -0.05098189413547516
1790642371202951377 0.0 0.0 -0.05098189413547516
1790642371223220734 0.0 0.0 -0.05098188668489456
1790642371243281760 0.0 0.0 -0.05098188295960426
1790642371263049711 0.0 0.0 -0.05098188668489456
1790642371283195318 0.0 0.0 -0.050981879234313965
1790642371303169618 0.0 0.0 -0.05098188668489456
1790642371323168655 0.0 0.0 -0.050998784601688385
1790642371343220624 0.0 0.0 -0.05100415647029877
1790642371363442459 0.0 0.0 -0.05098338425159454
1790642371383325681 0.0 0.0 -0.05098472908139229
1790642371403263403 0.0 0.0 -0.05098150297999382
1790642371423331277 0.0 0.0 -0.050969429314136505
1790642371443579834 0.0 0.0 -0.05097433179616928
1790642371463526196 0.0 0.0 -0.05098278447985649
1790642371487625354 0.0 0.0 -0.050992563366889954
1790642371507791250 0.0 0.0 -0.050998155027627945
1790642371527719211 0.0 0.0 -0.050984207540750504
1790642371547572992 0.0 0.0 -0.050988730043172836
1790642371567641281 0.0 0.0 -0.05099042132496834
1790642371587670017 0.0 0.0 -0.05101407691836357
1790642371607868394 0.0 0.0 -0.05100161209702492
1790642371627649499 0.0 0.0 -0.05098168924450874
1790642371648033551 0.0 0.0 -0.05099958926439285
1790642371669713587 0.0 0.0 -0.05101076140999794
1790642371690132426 0.0 0.0 -0.050977468490600586
1790642371709784402 0.0 0.0 -0.05100453272461891
1790642371729956026 0.0 0.0 -0.0510207861661911
1790642371750135299 0.0 0.0 -0.05099357292056084
1790642371769853679 0.0 0.0 -0.051014237105846405
1790642371790013719 0.0 0.0 -0.051005586981773376
1790642371809991219 0.0 0.0 -0.05100085213780403
1790642371830046036 0.0 0.0 -0.05101164057850838
1790642371850219196 0.0 0.0 -0.05103088170289993
1790642371870260028 0.0 0.0 -0.05103984847664833
1790642371890147059 0.0 0.0 -0.05101672187447548
1790642371910277176 0.0 0.0 -0.051014091819524765
1790642371930182032 0.0 0.0 -0.05102476105093956
1790642371950305557 0.0 0.0 -0.05102381855249405
1790642371970330484 0.0 0.0 -0.05103113502264023
1790642371990236908 0.0 0.0 -0.051030274480581284
1790642372010474360 0.0 0.0 -0.051030516624450684
1790642372030338797 0.0 0.0 -0.05102890357375145
1790642372050524726 0.0 0.0 -0.05102488771080971
1790642372070448111 0.0 0.0 -0.05102186277508736
1790642372090420171 0.0 0.0 -0.05105280503630638
1790642372110450474 0.0 0.0 -0.051062025129795074
1790642372132694288 0.0 0.0 -0.05107715353369713
1790642372152826966 0.0 0.0 -0.051027391105890274
1790642372172679466 0.0 0.0 -0.05099212005734444
1790642372192625732 0.0 0.0 -0.05093473941087723
1790642372212834735 0.0 0.0 -0.05092014744877815
1790642372232735590 0.0 0.0 -0.05094344541430473
1790642372254805217 0.0 0.0 -0.05096232891082764
1790642372272897835 0.0 0.0 -0.050973474979400635
1790642372292850022 0.0 0.0 -0.05096281319856644
1790642372312848803 0.0 0.0 -0.05099213868379593
1790642372333019467 0.0 0.0 -0.05100729316473007
1790642372353272408 0.0 0.0 -0.05105159059166908
1790642372373110700 0.0 0.0 -0.05110027268528938
1790642372393162893 0.0 0.0 -0.05111413076519966
1790642372413186636 0.0 0.0 -0.05107508972287178
1790642372433075907 0.0 0.0 -0.05107619985938072
1790642372453136548 0.0 0.0 -0.05105185881257057
1790642372473167203 0.0 0.0 -0.05102565139532089
1790642372493328843 0.0 0.0 -0.05104348435997963
1790642372513463504 0.0 0.0 -0.05102592334151268
1790642372533284547 0.0 0.0 -0.05101393908262253
1790642372553378950 0.0 0.0 -0.051013220101594925
1790642372573270109 0.0 0.0 -0.05100734904408455
1790642372594213524 0.0 0.0 -0.05101574584841728
1790642372613387776 0.0 0.0 -0.051030173897743225
1790642372633664142 0.0 0.0 -0.05104177072644234
1790642372653428221 0.0 0.0 -0.05105035379528999
1790642372673817554 0.0 0.0 -0.051042307168245316
1790642372694043262 0.0 0.0 -0.05103423446416855
1790642372713701094 0.0 0.0 -0.051069848239421844
1790642372733833644 0.0 0.0 -0.051058996468782425
1790642372754363722 0.0 0.0 -0.05104412883520126
1790642372773865033 0.0 0.0 -0.05102424696087837
1790642372795041102 0.0 0.0 -0.05101035535335541
1790642372814092146 0.0 0.0 -0.0510375015437603
1790642372833890083 0.0 0.0 -0.051066797226667404
1790642372854226005 0.0 0.0 -0.051053211092948914
1790642372873844092 0.0 0.0 -0.05103342607617378
1790642372893968673 0.0 0.0 -0.05103939026594162
1790642372914060164 0.0 0.0 -0.05106265842914581
1790642372934471290 0.0 0.0 -0.051078230142593384
1790642372956286598 0.0 0.0 -0.05107880383729935
1790642372974105343 0.0 0.0 -0.0510803759098053
1790642372994081340 0.0 0.0 -0.051061730831861496
1790642373014222818 0.0 0.0 -0.05107153579592705
1790642373034310469 0.0 0.0 -0.051079221069812775
1790642373054126007 0.0 0.0 -0.05105363205075264
1790642373074357027 0.0 0.0 -0.05105596035718918
1790642373098586561 0.0 0.0 -0.05105552822351456
1790642373118781194 0.0 0.0 -0.0510513037443161
1790642373138599901 0.0 0.0 -0.05107514187693596
1790642373158310025 0.0 0.0 -0.051062557846307755
1790642373178514771 0.0 0.0 -0.05103302001953125
1790642373198547154 0.0 0.0 -0.05104631558060646
1790642373222616839 0.0 0.0 -0.051046762615442276
1790642373238605105 0.0 0.0 -0.05104604735970497
1790642373258636272 0.0 0.0 -0.05104095861315727
1790642373278784791 0.0 0.0 -0.051018912345170975
1790642373298690383 0.0 0.0 -0.051050301641225815
1790642373318898265 0.0 0.0 -0.05108007416129112
1790642373338987196 0.0 0.0 -0.05105040594935417
1790642373359032060 0.0 0.0 -0.05106786638498306
1790642373378770698 0.0 0.0 -0.05108209699392319
1790642373398774728 0.0 0.0 -0.05107215419411659
1790642373419525011 0.0 0.0 -0.05106743425130844
1790642373439003313 0.0 0.0 -0.051046211272478104
1790642373458829156 0.0 0.0 -0.051033005118370056
1790642373478903526 0.0 0.0 -0.05105859786272049
1790642373498926373 0.0 0.0 -0.051072098314762115
1790642373519116078 0.0 0.0 -0.05108248442411423
1790642373538950497 0.0 0.0 -0.05107986927032471
1790642373559184173 0.0 0.0 -0.05106125771999359
1790642373579183659 0.0 0.0 -0.05104934424161911
1790642373599230091 0.0 0.0 -0.05104415491223335
1790642373619428373 0.0 0.0 -0.05103587359189987
1790642373639314411 0.0 0.0 -0.051028624176979065
1790642373659366284 0.0 0.0 -0.05101265758275986
1790642373679521811 0.0 0.0 -0.05100984498858452
1790642373699246464 0.0 0.0 -0.051036082208156586
1790642373719335267 0.0 0.0 -0.05101336911320686
1790642373739604145 0.0 0.0 -0.051013607531785965
1790642373759452997 0.0 0.0 -0.05100826546549797
1790642373779360061 0.0 0.0 -0.050965726375579834
1790642373799520996 0.0 0.0 -0.05096743628382683
1790642373819646730 0.0 0.0 -0.050978999584913254
1790642373839679273 0.0 0.0 -0.05096613988280296
1790642373859917717 0.0 0.0 -0.05096517503261566
1790642373879559805 0.0 0.0 -0.050947126001119614
1790642373899667745 0.0 0.0 -0.05093053728342056
1790642373919786918 0.0 0.0 -0.05094762146472931
1790642373939610169 0.0 0.0 -0.050955407321453094
1790642373959904264 0.0 0.0 -0.05092568323016167
1790642373980062127 0.0 0.0 -0.050930485129356384
1790642373999773403 0.0 0.0 -0.05093728005886078
1790642374020033577 0.0 0.0 -0.05094523727893829
1790642374039966882 0.0 0.0 -0.0509675107896328
1790642374060158923 0.0 0.0 -0.050952211022377014
1790642374079964157 0.0 0.0 -0.05095173045992851
1790642374107584073 0.0 0.0 -0.05094485357403755
1790642374120172869 0.0 0.0 -0.050958164036273956
1790642374140165794 0.0 0.0 -0.05094263330101967
1790642374160275014 0.0 0.0 -0.05093129724264145
1790642374180320295 0.0 0.0 -0.05093786492943764
1790642374200144314 0.0 0.0 -0.05094250664114952
1790642374220272607 0.0 0.0 -0.050953395664691925
1790642374240181015 0.0 0.0 -0.05093979090452194
1790642374261373437 0.0 0.0 -0.050936516374349594
1790642374280542184 0.0 0.0 -0.05093884840607643
1790642374300337209 0.0 0.0 -0.050916291773319244
1790642374320522178 0.0 0.0 -0.05091140419244766
1790642374340335156 0.0 0.0 -0.05090649425983429
1790642374360833200 0.0 0.0 -0.050918031483888626
1790642374380681796 0.0 0.0 -0.050926320254802704
1790642374400652960 0.0 0.0 -0.05092279985547066
1790642374420759748 0.0 0.0 -0.050903160125017166
1790642374440815589 0.0 0.0 -0.05089859291911125
1790642374460723485 0.0 0.0 -0.05088481679558754
1790642374481290365 0.0 0.0 -0.05092835798859596
1790642374500818270 0.0 0.0 -0.05092835798859596
1790642374520846557 0.0 0.0 -0.050928350538015366
1790642374540879197 0.0 0.0 -0.050928354263305664
1790642374560790933 0.0 0.0 -0.05092835798859596
1790642374580844374 0.0 0.0 -0.05092836171388626
1790642374600781488 0.0 0.0 -0.05092835798859596
1790642374625243676 0.0 0.0 -0.05092836543917656
1790642374645225432 0.0 0.0 -0.05092835798859596
1790642374665099502 0.0 0.0 -0.050928354263305664
1790642374685035048 0.0 0.0 -0.05092836171388626
1790642374705154509 0.0 0.0 -0.050928354263305664
1790642374725228175 0.0 0.0 -0.05092835798859596
1790642374746880337 0.0 0.0 -0.05092836171388626
1790642374765258636 0.0 0.0 -0.050928350538015366
1790642374785136770 0.0 0.0 -0.050928354263305664
1790642374805196259 0.0 0.0 -0.05092836171388626
1790642374825271461 0.0 0.0 -0.05092836171388626
1790642374845595351 0.0 0.0 -0.05092836171388626
1790642374865209853 0.0 0.0 -0.050928350538015366
1790642374891439956 0.0 0.0 -0.05092835798859596
1790642374911359789 0.0 0.0 -0.050928354263305664
1790642374933674839 0.0 0.0 -0.05092833936214447
1790642374953700054 0.0 0.0 -0.05092833936214447
1790642374973501064 0.0 0.0 -0.05092833936214447
1790642374993859131 0.0 0.0 -0.050928354263305664
1790642375014093575 0.0 0.0 -0.05092834681272507
1790642375033543363 0.0 0.0 -0.05092833936214447
1790642375053754637 0.0 0.0 -0.05092833936214447
1790642375073767724 0.0 0.0 -0.05092833936214447
1790642375093792331 0.0 0.0 -0.05092834681272507
1790642375113894735 0.0 0.0 -0.05092833936214447
1790642375134294468 0.0 0.0 -0.05092833563685417
1790642375153914507 0.0 0.0 -0.050928328186273575
1790642375173986573 0.0 0.0 -0.05092833191156387
1790642375194000363 0.0 0.0 -0.05092833563685417
1790642375214091822 0.0 0.0 -0.05092833936214447
1790642375234063530 0.0 0.0 -0.05092833936214447
1790642375264092840 0.0 0.0 -0.05092833936214447
1790642375284328724 0.0 0.0 -0.05092833563685417
1790642375304265134 0.0 0.0 -0.050928350538015366
1790642375324360337 0.0 0.0 -0.05092834681272507
1790642375344159139 0.0 0.0 -0.05092833563685417
1790642375364307017 0.0 0.0 -0.05092833563685417
1790642375385182044 0.0 0.0 -0.05092833191156387
1790642375404509073 0.0 0.0 -0.05092833936214447
1790642375424450923 0.0 0.0 -0.05092833563685417
1790642375444569135 0.0 0.0 -0.05092833191156387
1790642375464802843 0.0 0.0 -0.05092833191156387
1790642375484522504 0.0 0.0 -0.050928328186273575
1790642375504660238 0.0 0.0 -0.05092833191156387
1790642375524617545 0.0 0.0 -0.05092833191156387
1790642375544470909 0.0 0.0 -0.05092833563685417
1790642375564534559 0.0 0.0 -0.05092832073569298
1790642375584564158 0.0 0.0 -0.050928324460983276
1790642375604787465 0.0 0.0 -0.05092832073569298
1790642375624863371 0.0 0.0 -0.050928324460983276
1790642375645158843 0.0 0.0 -0.05092830955982208
1790642375664680795 0.0 0.0 -0.05092831328511238
1790642375685076081 0.0 0.0 -0.05092831328511238
1790642375705026603 0.0 0.0 -0.05092831701040268
1790642375724811452 0.0 0.0 -0.05092830955982208
1790642375744828795 0.0 0.0 -0.05092830955982208
1790642375764869179 0.0 0.0 -0.05092830955982208
1790642375785274225 0.0 0.0 -0.05092830955982208
1790642375805068194 0.0 0.0 -0.050928302109241486
1790642375825003099 0.0 0.0 -0.05092829465866089
1790642375845038075 0.0 0.0 -0.050928302109241486
1790642375865029176 0.0 0.0 -0.05092829465866089
1790642375885116091 0.0 0.0 -0.05092829838395119
1790642375907685076 0.0 0.0 -0.050928302109241486
1790642375927222550 0.0 0.0 -0.05092830955982208
1790642375947146255 0.0 0.0 -0.05092830955982208
1790642375967241650 0.0 0.0 -0.050928302109241486
1790642375987346966 0.0 0.0 -0.05092830955982208
1790642376007419128 0.0 0.0 -0.05092830955982208
1790642376027476857 0.0 0.0 -0.05092830955982208
1790642376047436244 0.0 0.0 -0.05092831328511238
1790642376067426097 0.0 0.0 -0.05092831328511238
1790642376087529141 0.0 0.0 -0.05092830955982208
1790642376107719550 0.0 0.0 -0.05092831701040268
1790642376127616438 0.0 0.0 -0.05092833563685417
1790642376147781629 0.0 0.0 -0.05092833563685417
1790642376167628721 0.0 0.0 -0.050928324460983276
1790642376187730581 0.0 0.0 -0.050928324460983276
1790642376207658926 0.0 0.0 -0.050928324460983276
1790642376227873369 0.0 0.0 -0.05093476176261902
1790642376247693580 0.0 0.0 -0.05093476176261902
1790642376267780495 0.0 0.0 -0.05093475431203842
1790642376287813006 0.0 0.0 -0.05093476176261902
1790642376307807723 0.0 0.0 -0.05093475058674812
1790642376327877613 0.0 0.0 -0.05093475803732872
1790642376348197566 0.0 0.0 -0.05093475058674812
1790642376368147449 0.0 0.0 -0.05093476176261902
1790642376387997613 0.0 0.0 -0.05093475803732872
1790642376408728183 0.0 0.0 -0.05093475803732872
1790642376428179731 0.0 0.0 -0.05093476176261902
1790642376448148463 0.0 0.0 -0.050934769213199615
1790642376468122475 0.0 0.0 -0.05093476548790932
1790642376488254481 0.0 0.0 -0.05093476548790932
1790642376508212140 0.0 0.0 -0.05093476548790932
1790642376528242859 0.0 0.0 -0.05093476176261902
1790642376548409075 0.0 0.0 -0.05093475058674812
1790642376568329963 0.0 0.0 -0.05093475058674812
1790642376588524213 0.0 0.0 -0.05093475431203842
1790642376608568021 0.0 0.0 -0.05093475058674812
1790642376628436459 0.0 0.0 -0.050934746861457825
1790642376648503404 0.0 0.0 -0.050934769213199615
1790642376668556589 0.0 0.0 -0.050934746861457825
1790642376688549898 0.0 0.0 -0.050934746861457825
1790642376708666415 0.0 0.0 -0.050934746861457825
1790642376728742481 0.0 0.0 -0.05093475058674812
1790642376748569764 0.0 0.0 -0.050934746861457825
1790642376768728907 0.0 0.0 -0.05093475431203842
1790642376789969844 0.0 0.0 -0.05093475431203842
1790642376808748136 0.0 0.0 -0.05093475058674812
1790642376828761510 0.0 0.0 -0.05093475803732872
1790642376848822471 0.0 0.0 -0.05093475431203842
1790642376868927435 0.0 0.0 -0.05093475058674812
1790642376889024527 0.0 0.0 -0.05093473941087723
1790642376909055822 0.0 0.0 -0.05093473941087723
1790642376929032394 0.0 0.0 -0.050934746861457825
1790642376949190129 0.0 0.0 -0.050934746861457825
1790642376969082408 0.0 0.0 -0.05093473941087723
1790642376988974847 0.0 0.0 -0.05093475058674812
1790642377009120902 0.0 0.0 -0.05093473568558693
1790642377029216649 0.0 0.0 -0.050934746861457825
1790642377053448232 0.0 0.0 -0.050934746861457825
1790642377073304668 0.0 0.0 -0.05093473941087723
1790642377093274648 0.0 0.0 -0.050934746861457825
1790642377113611434 0.0 0.0 -0.05093473568558693
1790642377133455198 0.0 0.0 -0.050934746861457825
1790642377153651112 0.0 0.0 -0.050934746861457825
1790642377182475005 0.0 0.0 -0.05093473941087723
1790642377199603788 0.0 0.0 -0.05093473568558693
1790642377222120674 0.0 0.0 -0.05093473196029663
1790642377241768779 0.0 0.0 -0.05093473196029663
1790642377268202927 0.0 0.0 -0.05093473196029663
1790642377286131182 0.0 0.0 -0.05093473196029663
1790642377305585867 0.0 0.0 -0.050934720784425735
1790642377337147046 0.0 0.0 -0.05093473568558693
1790642377354165167 0.0 0.0 -0.050934724509716034
1790642377371687894 0.0 0.0 -0.05093473941087723
1790642377392042633 0.0 0.0 -0.05093473941087723
1790642377417339336 0.0 0.0 -0.05093473941087723
1790642377435967794 0.0 0.0 -0.050934720784425735
1790642377456107544 0.0 0.0 -0.05093473196029663
1790642377476123767 0.0 0.0 -0.050934724509716034
1790642377686128958 0.0 0.0 -0.05093470588326454
1790642377778887610 0.0 0.0 -0.05093471333384514
1790642377835941248 0.0 0.0 -0.05093471705913544
1790642377887365232 0.0 0.0 -0.05093470215797424
1790642377930332448 0.0 0.0 -0.050934698432683945
1790642377963370996 0.0 0.0 -0.05093470215797424
1790642377982895797 0.0 0.0 -0.050930384546518326
1790642378015687163 0.0 0.0 -0.05093038082122803
1790642378048091497 0.0 0.0 -0.050930384546518326
1790642378068672586 0.0 0.0 -0.05093039199709892
1790642378089211176 0.0 0.0 -0.05093039199709892
1790642378113269852 0.0 0.0 -0.05093040689826012
1790642378129371661 0.0 0.0 -0.05093040689826012
1790642378151303104 0.0 0.0 -0.05093040689826012
1790642378169359431 0.0 0.0 -0.05093219876289368
1790642378189508014 0.0 0.0 -0.05095125362277031
1790642378209541678 0.0 0.0 -0.05095271021127701
1790642378229890336 0.0 0.0 -0.05091428384184837
1790642378249884574 0.0 0.0 -0.0509626679122448
1790642378408829994 0.0 0.0 -0.051001399755477905
1790642378423268374 0.0 0.0 -0.05099011957645416
1790642378436388722 0.0 0.0 -0.05099354684352875
1790642378476030264 0.0 0.0 -0.05099209025502205
1790642378499485191 0.0 0.0 -0.05100005492568016
1790642378541053953 0.0 0.0 -0.050991348922252655
1790642378557137297 0.0 0.0 -0.05097901448607445
1790642378587525093 0.0 0.0 -0.0510048046708107
1790642378605517385 0.0 0.0 -0.05099838227033615
1790642378619225801 0.0 0.0 -0.05100210756063461
1790642378645565575 0.0 0.0 -0.05098459869623184
1790642378665505217 0.0 0.0 -0.050989121198654175
1790642378684378810 0.0 0.0 -0.05099082365632057
1790642378704362519 0.0 0.0 -0.0509580560028553
1790642378753260302 0.0 0.0 -0.050970565527677536
1790642378782646245 0.0 0.0 -0.050972308963537216
1790642378810774319 0.0 0.0 -0.05097496882081032
1790642378852330601 0.0 0.0 -0.05096616968512535
1790642378895938079 0.0 0.0 -0.050987619906663895
1790642378944255411 0.0 0.0 -0.050978560000658035
1790642378972150736 0.0 0.0 -0.050982050597667694
1790642378992386427 0.0 0.0 -0.051003605127334595
1790642379013711497 0.0 0.0 -0.050984758883714676
1790642379037067475 0.0 0.0 -0.0509817861020565
1790642379058309371 0.0 0.0 -0.050988368690013885
1790642379076910852 0.0 0.0 -0.050976093858480453
1790642379096799451 0.0 0.0 -0.05101095139980316
1790642379116899935 0.0 0.0 -0.050998371094465256
1790642379139114467 0.0 0.0 -0.05098169669508934
1790642379156896154 0.0 0.0 -0.05096960440278053
1790642379179230949 0.0 0.0 -0.05097747594118118
1790642379199140029 0.0 0.0 -0.050978630781173706
1790642379219098136 0.0 0.0 -0.05097541958093643
1790642379239057619 0.0 0.0 -0.050956182181835175
1790642379274096257 0.0 0.0 -0.05096927285194397
1790642379301868758 0.0 0.0 -0.050977673381567
1790642379319256853 0.0 0.0 -0.05098314210772514
1790642379339186607 0.0 0.0 -0.05094577744603157
1790642379359640520 0.0 0.0 -0.050935015082359314
1790642379379397047 0.0 0.0 -0.05092248693108559
1790642379399331536 0.0 0.0 -0.05091957002878189
1790642379419704548 0.0 0.0 -0.050940003246068954
1790642379439417649 0.0 0.0 -0.050951261073350906
1790642379459659101 0.0 0.0 -0.0509503073990345
1790642379479427436 0.0 0.0 -0.05095665901899338
1790642379504086853 0.0 0.0 -0.05094781145453453
1790642379523648136 0.0 0.0 -0.05095509812235832
1790642379543606627 0.0 0.0 -0.05095554143190384
1790642379563709062 0.0 0.0 -0.05097883194684982
1790642379583598365 0.0 0.0 -0.05098024010658264
1790642379603786726 0.0 0.0 -0.050981078296899796
1790642379623860264 0.0 0.0 -0.05100000649690628
1790642379644057458 0.0 0.0 -0.05098455771803856
1790642379664279133 0.0 0.0 -0.05098024755716324
1790642379683912484 0.0 0.0 -0.05095810070633888
1790642379705378971 0.0 0.0 -0.05099513381719589
1790642379724085930 0.0 0.0 -0.051014602184295654
1790642379744101384 0.0 0.0 -0.051017653197050095
1790642379764175498 0.0 0.0 -0.051017940044403076
1790642379783972892 0.0 0.0 -0.051013145595788956
1790642379803952024 0.0 0.0 -0.05102348327636719
1790642379824009241 0.0 0.0 -0.05104950815439224
1790642379844104412 0.0 0.0 -0.05105757340788841
1790642379866620467 0.0 0.0 -0.0510140061378479
1790642379884121496 0.0 0.0 -0.05096821114420891
1790642379904189402 0.0 0.0 -0.0509018674492836
1790642379924225850 0.0 0.0 -0.05085248500108719
1790642379944330366 0.0 0.0 -0.05087175965309143
1790642379964437762 0.0 0.0 -0.05087902024388313
1790642379984599721 0.0 0.0 -0.05088113993406296
1790642380004423900 0.0 0.0 -0.050902366638183594
1790642380024880502 0.0 0.0 -0.050944734364748
1790642380051136687 0.0 0.0 -0.050982438027858734
1790642380070572938 0.0 0.0 -0.051010966300964355
1790642380090733521 0.0 0.0 -0.05102593079209328
1790642380110995999 0.0 0.0 -0.05102025717496872
1790642380130607749 0.0 0.0 -0.051043588668107986
1790642380151188294 0.0 0.0 -0.051034025847911835
1790642380171498902 0.0 0.0 -0.05101155489683151
1790642380194100658 0.0 0.0 -0.0510018952190876
1790642380215443937 0.0 0.0 -0.050976455211639404
1790642380232914021 0.0 0.0 -0.05096204951405525
1790642380252749848 0.0 0.0 -0.05094994604587555
1790642380275472795 0.0 0.0 -0.05094680190086365
1790642380293044133 0.0 0.0 -0.05096273496747017
1790642380319242587 0.0 0.0 -0.05096399039030075
1790642380336033270 0.0 0.0 -0.05095826834440231
1790642380355122620 0.0 0.0 -0.050961751490831375
1790642380375321126 0.0 0.0 -0.05096060782670975
1790642380399620744 0.0 0.0 -0.050998445600271225
1790642380417194643 0.0 0.0 -0.0509941391646862
1790642380452648666 0.0 0.0 -0.05098355561494827
1790642380461608281 0.0 0.0 -0.0509905144572258
1790642380481566677 0.0 0.0 -0.05097462236881256
1790642380507679781 0.0 0.0 -0.05098934471607208
1790642380534685900 0.0 0.0 -0.050996504724025726
1790642380557706689 0.0 0.0 -0.05098426714539528
1790642380586486035 0.0 0.0 -0.05097290500998497
1790642380601961950 0.0 0.0 -0.050965338945388794
1790642380621669962 0.0 0.0 -0.050942711532115936
1790642380641672744 0.0 0.0 -0.05092812702059746
1790642380661516316 0.0 0.0 -0.05094064027070999
1790642380681567804 0.0 0.0 -0.05092483013868332
1790642380701623709 0.0 0.0 -0.05093693733215332
1790642380721798917 0.0 0.0 -0.05095226317644119
1790642380741648346 0.0 0.0 -0.05095304548740387
1790642380761917000 0.0 0.0 -0.05097021907567978
1790642380781713593 0.0 0.0 -0.05096539109945297
1790642380801881249 0.0 0.0 -0.050984937697649
1790642380822046600 0.0 0.0 -0.050968464463949203
1790642380842186542 0.0 0.0 -0.050948645919561386
1790642380861987840 0.0 0.0 -0.05096050351858139
1790642380882155208 0.0 0.0 -0.05095769464969635
1790642380901836210 0.0 0.0 -0.05097504332661629
1790642380923016311 0.0 0.0 -0.05095645785331726
1790642380941917682 0.0 0.0 -0.050936508923769
1790642380962726305 0.0 0.0 -0.05094444379210472
1790642380981998130 0.0 0.0 -0.05096526816487312
1790642381002060499 0.0 0.0 -0.050990596413612366
1790642381022139382 0.0 0.0 -0.050968967378139496
1790642381042370177 0.0 0.0 -0.05093318596482277
1790642381062304059 0.0 0.0 -0.05093517526984215
1790642381082246421 0.0 0.0 -0.050931159406900406
1790642381102384731 0.0 0.0 -0.05094534903764725
1790642381122455325 0.0 0.0 -0.05095690116286278
1790642381142295729 0.0 0.0 -0.05094492435455322
1790642381162625794 0.0 0.0 -0.050927359610795975
1790642381182873263 0.0 0.0 -0.05096292123198509
1790642381202547096 0.0 0.0 -0.05097262188792229
1790642381222970288 0.0 0.0 -0.05096563324332237
1790642381242665563 0.0 0.0 -0.050934355705976486
1790642381262808065 0.0 0.0 -0.05091375485062599
1790642381284739444 0.0 0.0 -0.05095437169075012
1790642381304892059 0.0 0.0 -0.050952840596437454
1790642381324904441 0.0 0.0 -0.050959523767232895
1790642381344881205 0.0 0.0 -0.0509491004049778
1790642381364744906 0.0 0.0 -0.05092935264110565
1790642381384756809 0.0 0.0 -0.05095106363296509
1790642381404814602 0.0 0.0 -0.05096413195133209
1790642381427020333 0.0 0.0 -0.05094076693058014
1790642381446984969 0.0 0.0 -0.05094432458281517
1790642381467156977 0.0 0.0 -0.050962816923856735
1790642381487749042 0.0 0.0 -0.050940293818712234
1790642381507398106 0.0 0.0 -0.05093308910727501
1790642381527074468 0.0 0.0 -0.050957031548023224
1790642381547116164 0.0 0.0 -0.05093424767255783
1790642381567014300 0.0 0.0 -0.05090726912021637
1790642381587273289 0.0 0.0 -0.050930432975292206
1790642381607108861 0.0 0.0 -0.05093776434659958
1790642381627533972 0.0 0.0 -0.05093291774392128
1790642381647432523 0.0 0.0 -0.05091580003499985
1790642381667424265 0.0 0.0 -0.050875306129455566
1790642381687293566 0.0 0.0 -0.05088319256901741
1790642381707462630 0.0 0.0 -0.050896089524030685
1790642381727398272 0.0 0.0 -0.05090852081775665
1790642381747354139 0.0 0.0 -0.05088313668966293
1790642381767445694 0.0 0.0 -0.05089740827679634
1790642381787502527 0.0 0.0 -0.05089884251356125
1790642381807487291 0.0 0.0 -0.05089714750647545
1790642381827507866 0.0 0.0 -0.05090850219130516
1790642381847875310 0.0 0.0 -0.050900254398584366
1790642381867735171 0.0 0.0 -0.05088295787572861
1790642381887763970 0.0 0.0 -0.0508737713098526
1790642381907628120 0.0 0.0 -0.05089905112981796
1790642381927774366 0.0 0.0 -0.05089632794260979
1790642381948123921 0.0 0.0 -0.05089596286416054
1790642381967721366 0.0 0.0 -0.050906866788864136
1790642381987858524 0.0 0.0 -0.050892554223537445
1790642382007934718 0.0 0.0 -0.05092084780335426
1790642382027908090 0.0 0.0 -0.05090993642807007
1790642382048039136 0.0 0.0 -0.05090305954217911
1790642382067947576 0.0 0.0 -0.050894539803266525
1790642382088011033 0.0 0.0 -0.05090674012899399
1790642382108336682 0.0 0.0 -0.05089392140507698
1790642382128171102 0.0 0.0 -0.050899043679237366
1790642382148483182 0.0 0.0 -0.05092276260256767
1790642382168325218 0.0 0.0 -0.050903987139463425
1790642382188438535 0.0 0.0 -0.0509091354906559
1790642382208236920 0.0 0.0 -0.050921421498060226
1790642382228250551 0.0 0.0 -0.05092191323637962
1790642382249425307 0.0 0.0 -0.05091913789510727
1790642382268270419 0.0 0.0 -0.05093349516391754
1790642382288545761 0.0 0.0 -0.050936851650476456
1790642382308646949 0.0 0.0 -0.05093573406338692
1790642382328532860 0.0 0.0 -0.0509517528116703
1790642382348473270 0.0 0.0 -0.05093818157911301
1790642382368544535 0.0 0.0 -0.05092405527830124
1790642382388618681 0.0 0.0 -0.05093047022819519
1790642382409073459 0.0 0.0 -0.05093692988157272
1790642382428522287 0.0 0.0 -0.050943560898303986
1790642382448645460 0.0 0.0 -0.0509381964802742
1790642382468703029 0.0 0.0 -0.0509396493434906
1790642382488641551 0.0 0.0 -0.05093030631542206
1790642382508770836 0.0 0.0 -0.0509309247136116
1790642382528809108 0.0 0.0 -0.05093701183795929
1790642382548971803 0.0 0.0 -0.05092348903417587
1790642382568871155 0.0 0.0 -0.050923027098178864
1790642382588909043 0.0 0.0 -0.050925321877002716
1790642382609079995 0.0 0.0 -0.05093652382493019
1790642382629049334 0.0 0.0 -0.050948385149240494
1790642382649070069 0.0 0.0 -0.05097155272960663
1790642382669074227 0.0 0.0 -0.05098065733909607
1790642382689093522 0.0 0.0 -0.05099756643176079
1790642382709168628 0.0 0.0 -0.050980061292648315
1790642382729111054 0.0 0.0 -0.05097013711929321
1790642382749224178 0.0 0.0 -0.05099835619330406
1790642382769127338 0.0 0.0 -0.050991758704185486
1790642382789181803 0.0 0.0 -0.05100150406360626
1790642382809338290 0.0 0.0 -0.05098990350961685
1790642382829535324 0.0 0.0 -0.05097208917140961
1790642382849292906 0.0 0.0 -0.051005952060222626
1790642382869582938 0.0 0.0 -0.05099457502365112
1790642382891060049 0.0 0.0 -0.05097806826233864
1790642382909551027 0.0 0.0 -0.050976984202861786
1790642382929445930 0.0 0.0 -0.05096838250756264
1790642382949388388 0.0 0.0 -0.050964053720235825
1790642382969519338 0.0 0.0 -0.05095819756388664
1790642382989520487 0.0 0.0 -0.05095108598470688
1790642383010732238 0.0 0.0 -0.05093538016080856
1790642383029634985 0.0 0.0 -0.05095734819769859
1790642383049934009 0.0 0.0 -0.05096542835235596
1790642383069727626 0.0 0.0 -0.05096977576613426
1790642383089982839 0.0 0.0 -0.05097462981939316
1790642383109731461 0.0 0.0 -0.050948984920978546
1790642383130005876 0.0 0.0 -0.050963807851076126
1790642383149878634 0.0 0.0 -0.050965894013643265
1790642383170042289 0.0 0.0 -0.050977256149053574
1790642383189819425 0.0 0.0 -0.05098170414566994
1790642383210030539 0.0 0.0 -0.05096142366528511
1790642383230136303 0.0 0.0 -0.050941210240125656
1790642383250121420 0.0 0.0 -0.05094120651483536
1790642383270067718 0.0 0.0 -0.05094120651483536
1790642383290489854 0.0 0.0 -0.050941213965415955
1790642383310171688 0.0 0.0 -0.050941213965415955
1790642383330165829 0.0 0.0 -0.050941210240125656
1790642383350378032 0.0 0.0 -0.05094120651483536
1790642383370239909 0.0 0.0 -0.050941213965415955
1790642383390780771 0.0 0.0 -0.050941213965415955
1790642383410348710 0.0 0.0 -0.050941213965415955
1790642383432633775 0.0 0.0 -0.05094122514128685
1790642383450650484 0.0 0.0 -0.05094123259186745
1790642383470532554 0.0 0.0 -0.05094123259186745
1790642383490613485 0.0 0.0 -0.05094122514128685
1790642383514091965 0.0 0.0 -0.05094122514128685
1790642383530604231 0.0 0.0 -0.05094122141599655
1790642383550577795 0.0 0.0 -0.050941213965415955
1790642383570651941 0.0 0.0 -0.050941210240125656
1790642383590950357 0.0 0.0 -0.050941210240125656
1790642383610714916 0.0 0.0 -0.05094120278954506
1790642383630827017 0.0 0.0 -0.05094120278954506
1790642383651136121 0.0 0.0 -0.05094120651483536
1790642383674401821 0.0 0.0 -0.05094120278954506
1790642383701011883 0.0 0.0 -0.05094120278954506
1790642383721124400 0.0 0.0 -0.05094119906425476
1790642383741020999 0.0 0.0 -0.05094119906425476
1790642383761031205 0.0 0.0 -0.05094120651483536
1790642383780996289 0.0 0.0 -0.05094120278954506
1790642383801191018 0.0 0.0 -0.05094119906425476
1790642383821178055 0.0 0.0 -0.05094120278954506
1790642383842051578 0.0 0.0 -0.05094119906425476
1790642383861037338 0.0 0.0 -0.05094119906425476
1790642383881432015 0.0 0.0 -0.05094120278954506
1790642383901515218 0.0 0.0 -0.05094119533896446
1790642383921366502 0.0 0.0 -0.05094119906425476
1790642383941381829 0.0 0.0 -0.05094118416309357
1790642383961491849 0.0 0.0 -0.050941187888383865
1790642383981489222 0.0 0.0 -0.050941187888383865
1790642384001442945 0.0 0.0 -0.050941187888383865
1790642384021680365 0.0 0.0 -0.05094117671251297
1790642384041582885 0.0 0.0 -0.05094116926193237
1790642384061971962 0.0 0.0 -0.05094117298722267
1790642384081911188 0.0 0.0 -0.05094117671251297
1790642384101520346 0.0 0.0 -0.050941191613674164
1790642384121830506 0.0 0.0 -0.050941187888383865
1790642384141716769 0.0 0.0 -0.050941187888383865
1790642384161629433 0.0 0.0 -0.05094119533896446
1790642384182374052 0.0 0.0 -0.05094119533896446
1790642384202098769 0.0 0.0 -0.05094119906425476
1790642384221913539 0.0 0.0 -0.05094119906425476
1790642384241943586 0.0 0.0 -0.050941210240125656
1790642384262178574 0.0 0.0 -0.05094120651483536
1790642384285061723 0.0 0.0 -0.05094120651483536
1790642384302004607 0.0 0.0 -0.05094120651483536
1790642384322167430 0.0 0.0 -0.05094120278954506
1790642384342015707 0.0 0.0 -0.05094120278954506
1790642384362272680 0.0 0.0 -0.05094120651483536
1790642384382195169 0.0 0.0 -0.05094120651483536
1790642384402115001 0.0 0.0 -0.050941213965415955
1790642384422308483 0.0 0.0 -0.050941213965415955
1790642384442292159 0.0 0.0 -0.05094122141599655
1790642384462152724 0.0 0.0 -0.05094122141599655
1790642384482254328 0.0 0.0 -0.05094122141599655
1790642384502378365 0.0 0.0 -0.050941213965415955
1790642384523171275 0.0 0.0 -0.05094123259186745
1790642384542436060 0.0 0.0 -0.05094123259186745
1790642384562344564 0.0 0.0 -0.05094123259186745
1790642384582546398 0.0 0.0 -0.050941213965415955
1790642384602441845 0.0 0.0 -0.05094122514128685
1790642384622562330 0.0 0.0 -0.050941213965415955
1790642384642623419 0.0 0.0 -0.05094122141599655
1790642384666142318 0.0 0.0 -0.05094123259186745
1790642384682790592 0.0 0.0 -0.05094122886657715
1790642384702613587 0.0 0.0 -0.05094122886657715
1790642384722654099 0.0 0.0 -0.050941213965415955
1790642384742796697 0.0 0.0 -0.050941213965415955
1790642384762744820 0.0 0.0 -0.050941210240125656
1790642384783124136 0.0 0.0 -0.050941213965415955
1790642384802949627 0.0 0.0 -0.050941213965415955
1790642384825028855 0.0 0.0 -0.05094122141599655
1790642384845212960 0.0 0.0 -0.05094122141599655
1790642384865953450 0.0 0.0 -0.050941236317157745
1790642384884999758 0.0 0.0 -0.050941240042448044
1790642384904885093 0.0 0.0 -0.05094123259186745
1790642384928057347 0.0 0.0 -0.05094125494360924
1790642384947204909 0.0 0.0 -0.05094124749302864
1790642384967148583 0.0 0.0 -0.050941597670316696
1790642384987221481 0.0 0.0 -0.0509415939450264
1790642385007190852 0.0 0.0 -0.0509415827691555
1790642385027149087 0.0 0.0 -0.050941575318574905
1790642385047389356 0.0 0.0 -0.050941579043865204
1790642385067293699 0.0 0.0 -0.0509415827691555
1790642385087254751 0.0 0.0 -0.0509415864944458
1790642385107226554 0.0 0.0 -0.0509415864944458
1790642385128967586 0.0 0.0 -0.050941597670316696
1790642385147426146 0.0 0.0 -0.050941601395606995
1790642385167400414 0.0 0.0 -0.0509415939450264
1790642385187421949 0.0 0.0 -0.0509415939450264
1790642385207569059 0.0 0.0 -0.0509415864944458
1790642385227770925 0.0 0.0 -0.0509415864944458
1790642385247539068 0.0 0.0 -0.0509415864944458
1790642385267539162 0.0 0.0 -0.0509415864944458
1790642385287782406 0.0 0.0 -0.0509415864944458
1790642385307747106 0.0 0.0 -0.0509415864944458
1790642385327617271 0.0 0.0 -0.0509415939450264
1790642385347943049 0.0 0.0 -0.0509415939450264
1790642385367905028 0.0 0.0 -0.0509415939450264
1790642385389029990 0.0 0.0 -0.0509415864944458
1790642385409077478 0.0 0.0 -0.0509415939450264
1790642385427918301 0.0 0.0 -0.0509415864944458
1790642385448009921 0.0 0.0 -0.0509415902197361
1790642385468206346 0.0 0.0 -0.0509415902197361
1790642385488576030 0.0 0.0 -0.0509415902197361
1790642385508530585 0.0 0.0 -0.0509415902197361
1790642385528619804 0.0 0.0 -0.0509415902197361
1790642385548288901 0.0 0.0 -0.0509415864944458
1790642385568204798 0.0 0.0 -0.0509415939450264
1790642385588538832 0.0 0.0 -0.0509415939450264
1790642385608236763 0.0 0.0 -0.0509415939450264
1790642385628337055 0.0 0.0 -0.0509415939450264
1790642385648193395 0.0 0.0 -0.0509415902197361
1790642385668273910 0.0 0.0 -0.0509415902197361
1790642385690048191 0.0 0.0 -0.0509415902197361
1790642385708846164 0.0 0.0 -0.0509415939450264
1790642385728428632 0.0 0.0 -0.0509415939450264
1790642385748426709 0.0 0.0 -0.0509415939450264
1790642385768418194 0.0 0.0 -0.0509415864944458
1790642385789182046 0.0 0.0 -0.0509415902197361
1790642385809144378 0.0 0.0 -0.0509415827691555
1790642385828625688 0.0 0.0 -0.0509415827691555
1790642385848860356 0.0 0.0 -0.0509415939450264
1790642385868654389 0.0 0.0 -0.0509415902197361
1790642385889285913 0.0 0.0 -0.05094160512089729
1790642385908696306 0.0 0.0 -0.05094160512089729
1790642385928794006 0.0 0.0 -0.050941601395606995
1790642385951101055 0.0 0.0 -0.05094160512089729
1790642385968864149 0.0 0.0 -0.05094160512089729
1790642385988787662 0.0 0.0 -0.05094160512089729
1790642386009009657 0.0 0.0 -0.05094160512089729
1790642386028983605 0.0 0.0 -0.050941597670316696
1790642386051096467 0.0 0.0 -0.0509415864944458
1790642386071011531 0.0 0.0 -0.0509415939450264
1790642386091041675 0.0 0.0 -0.0509415939450264
1790642386111228244 0.0 0.0 -0.050941579043865204
1790642386135191586 0.0 0.0 -0.0509415827691555
1790642386156644567 0.0 0.0 -0.0509415827691555
1790642386175269954 0.0 0.0 -0.050941597670316696
1790642386195446314 0.0 0.0 -0.0509415827691555
1790642386215204761 0.0 0.0 -0.0509415902197361
1790642386235314301 0.0 0.0 -0.0509415902197361
1790642386256002692 0.0 0.0 -0.050941597670316696
1790642386275510308 0.0 0.0 -0.0509415939450264
1790642386295472543 0.0 0.0 -0.0509415939450264
1790642386315540481 0.0 0.0 -0.0509415939450264
1790642386335370452 0.0 0.0 -0.050941597670316696
1790642386355719911 0.0 0.0 -0.0509415939450264
1790642386375522649 0.0 0.0 -0.0509415939450264
1790642386395751076 0.0 0.0 -0.0509415939450264
1790642386415638075 0.0 0.0 -0.0509415939450264
1790642386435637880 0.0 0.0 -0.0509415864944458
1790642386455642582 0.0 0.0 -0.0509415939450264
1790642386475724985 0.0 0.0 -0.0509415939450264
1790642386495991334 0.0 0.0 -0.0509415902197361
1790642386515697458 0.0 0.0 -0.0509415864944458
1790642386535787125 0.0 0.0 -0.0509415939450264
1790642386556610981 0.0 0.0 -0.0509415939450264
1790642386576066977 0.0 0.0 -0.050941597670316696
1790642386601836957 0.0 0.0 -0.050941601395606995
1790642386616156802 0.0 0.0 -0.050941597670316696
1790642386639945349 0.0 0.0 -0.050941597670316696
1790642386660171153 0.0 0.0 -0.050941601395606995
1790642386680062920 0.0 0.0 -0.050941601395606995
1790642386699964031 0.0 0.0 -0.05094160512089729
1790642386720408568 0.0 0.0 -0.050975948572158813
1790642386740212809 0.0 0.0 -0.05097593367099762
1790642386760242377 0.0 0.0 -0.05097592994570732
1790642386780255431 0.0 0.0 -0.05097593367099762
1790642386800318153 0.0 0.0 -0.05097594112157822
1790642386823104399 0.0 0.0 -0.05097593739628792
1790642386840451020 0.0 0.0 -0.05097594112157822
1790642386860479915 0.0 0.0 -0.050975948572158813
1790642386880853183 0.0 0.0 -0.050975944846868515
1790642386900488327 0.0 0.0 -0.05097596347332001
1790642386922916824 0.0 0.0 -0.050975948572158813
1790642386940582056 0.0 0.0 -0.05097595602273941
1790642386960484415 0.0 0.0 -0.05097595229744911
1790642386980626501 0.0 0.0 -0.05097595229744911
1790642387000757643 0.0 0.0 -0.05097595229744911
1790642387020829645 0.0 0.0 -0.050975944846868515
1790642387040773223 0.0 0.0 -0.05097595602273941
1790642387060829864 0.0 0.0 -0.050975948572158813
1790642387080686557 0.0 0.0 -0.050975948572158813
1790642387100882758 0.0 0.0 -0.050975944846868515
1790642387120854114 0.0 0.0 -0.05097595229744911
1790642387140922340 0.0 0.0 -0.050975948572158813
1790642387160892704 0.0 0.0 -0.050975948572158813
1790642387181140428 0.0 0.0 -0.05097596347332001
1790642387201005218 0.0 0.0 -0.05097596347332001
1790642387221523167 0.0 0.0 -0.05097596347332001
1790642387240957402 0.0 0.0 -0.050975967198610306
1790642387261157796 0.0 0.0 -0.0509759783744812
1790642387281131456 0.0 0.0 -0.05097596347332001
1790642387301135005 0.0 0.0 -0.0509759783744812
1790642387321283332 0.0 0.0 -0.05097596347332001
1790642387341285762 0.0 0.0 -0.0509759820997715
1790642387361259070 0.0 0.0 -0.050975970923900604
1790642387381495433 0.0 0.0 -0.0509759746491909
1790642387401243352 0.0 0.0 -0.0509759820997715
1790642387421587562 0.0 0.0 -0.050975970923900604
1790642387441359258 0.0 0.0 -0.0509759858250618
1790642387461336694 0.0 0.0 -0.0509759783744812
1790642387485874535 0.0 0.0 -0.0509759858250618
1790642387503583994 0.0 0.0 -0.0509759895503521
1790642387527679696 0.0 0.0 -0.050975993275642395
1790642387547773491 0.0 0.0 -0.05097600445151329
1790642387567699308 0.0 0.0 -0.050975993275642395
1790642387587880277 0.0 0.0 -0.050975993275642395
1790642387607734313 0.0 0.0 -0.050975993275642395
1790642387627745512 0.0 0.0 -0.0509759895503521
1790642387647733924 0.0 0.0 -0.05097600072622299
1790642387667751139 0.0 0.0 -0.0509759858250618
1790642387688170074 0.0 0.0 -0.0509759895503521
1790642387707818594 0.0 0.0 -0.0509759820997715
1790642387728008779 0.0 0.0 -0.050975993275642395
1790642387748259096 0.0 0.0 -0.0509759895503521
1790642387770294993 0.0 0.0 -0.0509759895503521
1790642387788375130 0.0 0.0 -0.05097600072622299
1790642387808114056 0.0 0.0 -0.05097600445151329
1790642387827955740 0.0 0.0 -0.05097600072622299
1790642387847996604 0.0 0.0 -0.050975993275642395
1790642387868159331 0.0 0.0 -0.05097600445151329
1790642387888043738 0.0 0.0 -0.050975993275642395
1790642387908115740 0.0 0.0 -0.05097600445151329
1790642387928149788 0.0 0.0 -0.05097600445151329
1790642387948196316 0.0 0.0 -0.050975993275642395
1790642387968288159 0.0 0.0 -0.05097600072622299
1790642387988743800 0.0 0.0 -0.050975993275642395
1790642388008557483 0.0 0.0 -0.0509759895503521
1790642388028482788 0.0 0.0 -0.0509759820997715
1790642388048545509 0.0 0.0 -0.050975993275642395
1790642388068574212 0.0 0.0 -0.05097600072622299
1790642388088579522 0.0 0.0 -0.05097600817680359
1790642388108625731 0.0 0.0 -0.05097600445151329
1790642388128603999 0.0 0.0 -0.05097600817680359
1790642388148697538 0.0 0.0 -0.05097600817680359
1790642388170770589 0.0 0.0 -0.050976015627384186
1790642388190874913 0.0 0.0 -0.05097601190209389
1790642388210766936 0.0 0.0 -0.05097600445151329
1790642388230822937 0.0 0.0 -0.05097600817680359
1790642388251208910 0.0 0.0 -0.05097600072622299
1790642388270974718 0.0 0.0 -0.05097600445151329
1790642388290989436 0.0 0.0 -0.0509759895503521
1790642388310990906 0.0 0.0 -0.0509759895503521
1790642388330913459 0.0 0.0 -0.050975993275642395
1790642388355592076 0.0 0.0 -0.0509759858250618
1790642388378181959 0.0 0.0 -0.0509759895503521
1790642388394981346 0.0 0.0 -0.05097600072622299
1790642388415286290 0.0 0.0 -0.050975993275642395
1790642388435080643 0.0 0.0 -0.050975993275642395
1790642388455387860 0.0 0.0 -0.0509759895503521
1790642388475070206 0.0 0.0 -0.050943125039339066
1790642388495305482 0.0 0.0 -0.05094313994050026
1790642388515720897 0.0 0.0 -0.050943128764629364
1790642388535527602 0.0 0.0 -0.05094313994050026
1790642388555377287 0.0 0.0 -0.050943128764629364
1790642388575298944 0.0 0.0 -0.05094313994050026
1790642388595566701 0.0 0.0 -0.05094313248991966
1790642388615613934 0.0 0.0 -0.05094313994050026
1790642388636245426 0.0 0.0 -0.05094314366579056
1790642388655482753 0.0 0.0 -0.05094313994050026
1790642388675480414 0.0 0.0 -0.05094313994050026
1790642388695589539 0.0 0.0 -0.05094313994050026
1790642388715884530 0.0 0.0 -0.05094314366579056
1790642388735603871 0.0 0.0 -0.050943151116371155
1790642388755665632 0.0 0.0 -0.05094314366579056
1790642388775805958 0.0 0.0 -0.050943151116371155
1790642388795792227 0.0 0.0 -0.05094315484166145
1790642388815761983 0.0 0.0 -0.05094315484166145
1790642388835748731 0.0 0.0 -0.05094315484166145
1790642388855797500 0.0 0.0 -0.05094316601753235
1790642388875935650 0.0 0.0 -0.050943147391080856
1790642388895855322 0.0 0.0 -0.050943147391080856
1790642388915824502 0.0 0.0 -0.050943151116371155
1790642388935942075 0.0 0.0 -0.05094313994050026
1790642388955981243 0.0 0.0 -0.05094313994050026
1790642388976110976 0.0 0.0 -0.05094313248991966
1790642388995996279 0.0 0.0 -0.050943128764629364
1790642389016754274 0.0 0.0 -0.05094313994050026
1790642389036137883 0.0 0.0 -0.050943147391080856
1790642389056169786 0.0 0.0 -0.05094314366579056
1790642389076236060 0.0 0.0 -0.05094313994050026
1790642389096444006 0.0 0.0 -0.05094313248991966
1790642389116375423 0.0 0.0 -0.05094313994050026
1790642389136520966 0.0 0.0 -0.050943125039339066
1790642389156793460 0.0 0.0 -0.05094313994050026
1790642389176702380 0.0 0.0 -0.05094313994050026
1790642389196392215 0.0 0.0 -0.05094313994050026
1790642389216572383 0.0 0.0 -0.05094314366579056
1790642389236594494 0.0 0.0 -0.05094313994050026
1790642389256668544 0.0 0.0 -0.05094313994050026
1790642389276781925 0.0 0.0 -0.050943128764629364
1790642389296660219 0.0 0.0 -0.05094313994050026
1790642389316957066 0.0 0.0 -0.05094313248991966
1790642389336755452 0.0 0.0 -0.05094313994050026
1790642389356578766 0.0 0.0 -0.050943128764629364
1790642389376677490 0.0 0.0 -0.050943128764629364
1790642389396902653 0.0 0.0 -0.05094314366579056
1790642389416743185 0.0 0.0 -0.05094313994050026
1790642389436912953 0.0 0.0 -0.05094313994050026
1790642389457029822 0.0 0.0 -0.05094313994050026
1790642389476795949 0.0 0.0 -0.05094313994050026
1790642389496996119 0.0 0.0 -0.05094313994050026
1790642389517053880 0.0 0.0 -0.050943147391080856
1790642389537082551 0.0 0.0 -0.05094314366579056
1790642389557430314 0.0 0.0 -0.050943151116371155
1790642389577146166 0.0 0.0 -0.050943151116371155
1790642389597100241 0.0 0.0 -0.05094315484166145
1790642389617323068 0.0 0.0 -0.05094315484166145
1790642389637161968 0.0 0.0 -0.050943151116371155
1790642389657535396 0.0 0.0 -0.05094315856695175
1790642389678042400 0.0 0.0 -0.05094315484166145
1790642389697252302 0.0 0.0 -0.05094315484166145
1790642389717420662 0.0 0.0 -0.050943151116371155
1790642389737257993 0.0 0.0 -0.05094315856695175
1790642389757724003 0.0 0.0 -0.05094315484166145
1790642389777501171 0.0 0.0 -0.05094315856695175
1790642389797647450 0.0 0.0 -0.050943151116371155
1790642389820210227 0.0 0.0 -0.05094315484166145
1790642389839636878 0.0 0.0 -0.05094314366579056
1790642389859613322 0.0 0.0 -0.05094314366579056
1790642389879558276 0.0 0.0 -0.05094313994050026
1790642389899567490 0.0 0.0 -0.05094314366579056
1790642389919894004 0.0 0.0 -0.05094313994050026
1790642389939646754 0.0 0.0 -0.05094313994050026
1790642389959724516 0.0 0.0 -0.05094314366579056
1790642389979694656 0.0 0.0 -0.05094313994050026
1790642389999895530 0.0 0.0 -0.05094314366579056
1790642390021919042 0.0 0.0 -0.050943147391080856
1790642390042028070 0.0 0.0 -0.050943151116371155
1790642390061893980 0.0 0.0 -0.05094314366579056
1790642390082135720 0.0 0.0 -0.050943151116371155
1790642390102026143 0.0 0.0 -0.05094316974282265
1790642390122102337 0.0 0.0 -0.05094316974282265
1790642390142139777 0.0 0.0 -0.05094316974282265
1790642390162065114 0.0 0.0 -0.05094316601753235
1790642390182323751 0.0 0.0 -0.05094316601753235
1790642390202268418 0.0 0.0 -0.05094315484166145
1790642390222377478 0.0 0.0 -0.050939470529556274
1790642390242319392 0.0 0.0 -0.050939470529556274
1790642390262267770 0.0 0.0 -0.05093945562839508
1790642390282316795 0.0 0.0 -0.050939470529556274
1790642390302483042 0.0 0.0 -0.05093948170542717
1790642390322592999 0.0 0.0 -0.05093947798013687
1790642390342489438 0.0 0.0 -0.05093947798013687
1790642390362535294 0.0 0.0 -0.05093947798013687
1790642390382583199 0.0 0.0 -0.05093948915600777
1790642390402654593 0.0 0.0 -0.05093947798013687
1790642390426041100 0.0 0.0 -0.05093947798013687
1790642390442491698 0.0 0.0 -0.05093948170542717
1790642390462628280 0.0 0.0 -0.05093948543071747
1790642390482753757 0.0 0.0 -0.05093948543071747
1790642390502621203 0.0 0.0 -0.05093948170542717
1790642390522888736 0.0 0.0 -0.05093948543071747
1790642390542986468 0.0 0.0 -0.05093948543071747
1790642390568815331 0.0 0.0 -0.05093948543071747
1790642390592289779 0.0 0.0 -0.05093948170542717
1790642390610941471 0.0 0.0 -0.05093948170542717
1790642390630993792 0.0 0.0 -0.05093948543071747
1790642390651019423 0.0 0.0 -0.05093948543071747
1790642390671110434 0.0 0.0 -0.05093948915600777
1790642390695474281 0.0 0.0 -0.05093948915600777
1790642390710977717 0.0 0.0 -0.050939496606588364
1790642390731032822 0.0 0.0 -0.050939492881298065
1790642390751092087 0.0 0.0 -0.05093951150774956
1790642390771117911 0.0 0.0 -0.05093951150774956
1790642390791151030 0.0 0.0 -0.05093951150774956
1790642390813482913 0.0 0.0 -0.050939515233039856
1790642390831238295 0.0 0.0 -0.050939518958330154
1790642390851635916 0.0 0.0 -0.050939515233039856
1790642390871517283 0.0 0.0 -0.050939515233039856
1790642390894084156 0.0 0.0 -0.050939515233039856
1790642390911355796 0.0 0.0 -0.05093951150774956
1790642390931525788 0.0 0.0 -0.05093951150774956
1790642390951495800 0.0 0.0 -0.05093951150774956
1790642390971511606 0.0 0.0 -0.05093950033187866
1790642390991558903 0.0 0.0 -0.05093950405716896
1790642391011768641 0.0 0.0 -0.05093950405716896
1790642391031680153 0.0 0.0 -0.05093950405716896
1790642391054064871 0.0 0.0 -0.05093950033187866
1790642391071628465 0.0 0.0 -0.05093950405716896
1790642391091884222 0.0 0.0 -0.050939496606588364
1790642391112710862 0.0 0.0 -0.05093950405716896
1790642391131868472 0.0 0.0 -0.050939515233039856
1790642391151793169 0.0 0.0 -0.050956930965185165
1790642391172984503 0.0 0.0 -0.05094826966524124
1790642391191836431 0.0 0.0 -0.05094302073121071
1790642391211811915 0.0 0.0 -0.050928518176078796
1790642391232146429 0.0 0.0 -0.050911836326122284
1790642391251905580 0.0 0.0 -0.050920456647872925
1790642391272098901 0.0 0.0 -0.050920818001031876
1790642391292036975 0.0 0.0 -0.050918664783239365
1790642391312138707 0.0 0.0 -0.0509379580616951
1790642391332632878 0.0 0.0 -0.05091262608766556
1790642391354358837 0.0 0.0 -0.05092465505003929
1790642391374113507 0.0 0.0 -0.050964925438165665
1790642391394347407 0.0 0.0 -0.05099572613835335
1790642391414354157 0.0 0.0 -0.05102793872356415
1790642391434262309 0.0 0.0 -0.05099266767501831
1790642391460416568 0.0 0.0 -0.050929270684719086
1790642391480363410 0.0 0.0 -0.050918444991111755
1790642391500409235 0.0 0.0 -0.05086293816566467
1790642391522129785 0.0 0.0 -0.050871241837739944
1790642391540542550 0.0 0.0 -0.05087929219007492
1790642391560484752 0.0 0.0 -0.05085764080286026
1790642391580771103 0.0 0.0 -0.05089905485510826
1790642391601477255 0.0 0.0 -0.05090455338358879
1790642391621519432 0.0 0.0 -0.050919726490974426
1790642391640850301 0.0 0.0 -0.05097508057951927
1790642391660648526 0.0 0.0 -0.0509897843003273
1790642391680728144 0.0 0.0 -0.050988033413887024
1790642391700761200 0.0 0.0 -0.050964318215847015
1790642391720905046 0.0 0.0 -0.050958260893821716
1790642391740774028 0.0 0.0 -0.05094906687736511
1790642391760849774 0.0 0.0 -0.050943806767463684
1790642391780907567 0.0 0.0 -0.050923798233270645
1790642391800847497 0.0 0.0 -0.050915900617837906
1790642391821164154 0.0 0.0 -0.05090871453285217
1790642391840946090 0.0 0.0 -0.05090068280696869
1790642391861367969 0.0 0.0 -0.050915226340293884
1790642391881555658 0.0 0.0 -0.05089480057358742
1790642391901058922 0.0 0.0 -0.050888486206531525
1790642391921212912 0.0 0.0 -0.05092354491353035
1790642391941484511 0.0 0.0 -0.05092483386397362
1790642391961952536 0.0 0.0 -0.05091523751616478
1790642391981361746 0.0 0.0 -0.050926972180604935
1790642392001365872 0.0 0.0 -0.05093818157911301
1790642392021581723 0.0 0.0 -0.05091126263141632
1790642392041276294 0.0 0.0 -0.05091586336493492
1790642392061302597 0.0 0.0 -0.050921689718961716
1790642392081512591 0.0 0.0 -0.05092703178524971
1790642392101385701 0.0 0.0 -0.05091097578406334
1790642392121687989 0.0 0.0 -0.05091904103755951
1790642392144419160 0.0 0.0 -0.05090885981917381
1790642392163516831 0.0 0.0 -0.05091257765889168
1790642392183799758 0.0 0.0 -0.05090400204062462
1790642392203727271 0.0 0.0 -0.050902385264635086
1790642392225599766 0.0 0.0 -0.0508933924138546
1790642392245929800 0.0 0.0 -0.05089784041047096
1790642392265659285 0.0 0.0 -0.05093427002429962
1790642392286111374 0.0 0.0 -0.05091289058327675
1790642392305768503 0.0 0.0 -0.05090876668691635
1790642392325950975 0.0 0.0 -0.05092645436525345
1790642392354057961 0.0 0.0 -0.05093958228826523
1790642392374130827 0.0 0.0 -0.05094979703426361
1790642392394130152 0.0 0.0 -0.05094361677765846
1790642392414180745 0.0 0.0 -0.05094563588500023
1790642392434256555 0.0 0.0 -0.05097153037786484
1790642392454349294 0.0 0.0 -0.05095965042710304
1790642392474186370 0.0 0.0 -0.050956353545188904
1790642392496044656 0.0 0.0 -0.050972871482372284
1790642392514389770 0.0 0.0 -0.0509505420923233
1790642392534477644 0.0 0.0 -0.050932735204696655
1790642392554195769 0.0 0.0 -0.05094541981816292
1790642392574517258 0.0 0.0 -0.05094364285469055
1790642392595065385 0.0 0.0 -0.05095287412405014
1790642392616954905 0.0 0.0 -0.050954412668943405
1790642392634463487 0.0 0.0 -0.05096251517534256
1790642392654496543 0.0 0.0 -0.050968147814273834
1790642392674341619 0.0 0.0 -0.05093080550432205
1790642392694513371 0.0 0.0 -0.05093807727098465
1790642392714683107 0.0 0.0 -0.05092589184641838
1790642392737574256 0.0 0.0 -0.05093325302004814
1790642392754648924 0.0 0.0 -0.05094562843441963
1790642392774742111 0.0 0.0 -0.05093296989798546
1790642392794856868 0.0 0.0 -0.05091492831707001
1790642392814872162 0.0 0.0 -0.050929225981235504
1790642392834671380 0.0 0.0 -0.050938237458467484
1790642392855101323 0.0 0.0 -0.050941746681928635
1790642392875587526 0.0 0.0 -0.050944890826940536
1790642392895125256 0.0 0.0 -0.05093444883823395
1790642392915424792 0.0 0.0 -0.050907671451568604
1790642392934928279 0.0 0.0 -0.05093710497021675
1790642392954829839 0.0 0.0 -0.05097302421927452
1790642392974933555 0.0 0.0 -0.0509859099984169
1790642392995076089 0.0 0.0 -0.05098731443285942
1790642393014969232 0.0 0.0 -0.05097806081175804
1790642393037032843 0.0 0.0 -0.0509912446141243
1790642393056977669 0.0 0.0 -0.05100979283452034
1790642393077256851 0.0 0.0 -0.05099569261074066
1790642393097120489 0.0 0.0 -0.050977371633052826
1790642393117285648 0.0 0.0 -0.05100005120038986
1790642393137304911 0.0 0.0 -0.05100512504577637
1790642393157832397 0.0 0.0 -0.051029618829488754
1790642393177403472 0.0 0.0 -0.051037926226854324
1790642393197291431 0.0 0.0 -0.0510101243853569
1790642393217436973 0.0 0.0 -0.05100991576910019
1790642393237485198 0.0 0.0 -0.051013391464948654
1790642393257627668 0.0 0.0 -0.0510309562087059
1790642393277634930 0.0 0.0 -0.05105165019631386
1790642393297418819 0.0 0.0 -0.051046643406152725
1790642393317568553 0.0 0.0 -0.0510336309671402
1790642393339553823 0.0 0.0 -0.05102929472923279
1790642393359955253 0.0 0.0 -0.05103316903114319
1790642393379859021 0.0 0.0 -0.05103534460067749
1790642393399637821 0.0 0.0 -0.050995077937841415
1790642393421596049 0.0 0.0 -0.05098686367273331
1790642393441926083 0.0 0.0 -0.05098293349146843
1790642393461720468 0.0 0.0 -0.05097133293747902
1790642393481857018 0.0 0.0 -0.050984933972358704
1790642393501888825 0.0 0.0 -0.05097610503435135
1790642393522328626 0.0 0.0 -0.05097018927335739
1790642393541908470 0.0 0.0 -0.050980955362319946
1790642393561972183 0.0 0.0 -0.05097430944442749
1790642393582046201 0.0 0.0 -0.050979819148778915
1790642393602005236 0.0 0.0 -0.050964564085006714
1790642393622163612 0.0 0.0 -0.05096469074487686
1790642393642393255 0.0 0.0 -0.05098597705364227
1790642393662097523 0.0 0.0 -0.050979387015104294
1790642393682340543 0.0 0.0 -0.05098273605108261
1790642393702177171 0.0 0.0 -0.050985854119062424
1790642393722449633 0.0 0.0 -0.05097930133342743
1790642393742324951 0.0 0.0 -0.050979308784008026
1790642393762354934 0.0 0.0 -0.05097931623458862
1790642393782366292 0.0 0.0 -0.05097931995987892
1790642393802351281 0.0 0.0 -0.050979312509298325
1790642393822355791 0.0 0.0 -0.050979308784008026
1790642393842479444 0.0 0.0 -0.050979308784008026
1790642393862459344 0.0 0.0 -0.050979308784008026
1790642393882643737 0.0 0.0 -0.050979308784008026
1790642393902615349 0.0 0.0 -0.05097930133342743
1790642393922760603 0.0 0.0 -0.05097929388284683
1790642393942628529 0.0 0.0 -0.050979290157556534
1790642393962707059 0.0 0.0 -0.050979286432266235
1790642393982767892 0.0 0.0 -0.050979290157556534
1790642394002645707 0.0 0.0 -0.050979290157556534
1790642394022831571 0.0 0.0 -0.050979290157556534
1790642394043184294 0.0 0.0 -0.050979290157556534
1790642394063113440 0.0 0.0 -0.050979286432266235
1790642394082849645 0.0 0.0 -0.05097928270697594
1790642394103002740 0.0 0.0 -0.050979286432266235
1790642394123721117 0.0 0.0 -0.05097929760813713
1790642394143022224 0.0 0.0 -0.050979290157556534
1790642394163015086 0.0 0.0 -0.050979290157556534
1790642394183265498 0.0 0.0 -0.050979290157556534
1790642394203121423 0.0 0.0 -0.05097929388284683
1790642394223291735 0.0 0.0 -0.05097929388284683
1790642394243208752 0.0 0.0 -0.05097930133342743
1790642394263189676 0.0 0.0 -0.050979290157556534
1790642394283416983 0.0 0.0 -0.05097930133342743
1790642394303321359 0.0 0.0 -0.05097929388284683
1790642394323487671 0.0 0.0 -0.05097930133342743
1790642394343344460 0.0 0.0 -0.05097930133342743
1790642394363290502 0.0 0.0 -0.050979308784008026
1790642394383237248 0.0 0.0 -0.05097929760813713
1790642394403593812 0.0 0.0 -0.050979290157556534
1790642394423646260 0.0 0.0 -0.05097930133342743
1790642394443700373 0.0 0.0 -0.05097930133342743
1790642394463334524 0.0 0.0 -0.05097930133342743
1790642394483767092 0.0 0.0 -0.05097930133342743
1790642394503524483 0.0 0.0 -0.05097929760813713
1790642394523952027 0.0 0.0 -0.05097929760813713
1790642394543601475 0.0 0.0 -0.05097930133342743
1790642394563565246 0.0 0.0 -0.050979286432266235
1790642394583863822 0.0 0.0 -0.050979286432266235
1790642394603602780 0.0 0.0 -0.050979286432266235
1790642394623879242 0.0 0.0 -0.050979286432266235
1790642394643755360 0.0 0.0 -0.05097928270697594
1790642394663808673 0.0 0.0 -0.05097928270697594
1790642394683910245 0.0 0.0 -0.05097927898168564
1790642394706040740 0.0 0.0 -0.05097928270697594
1790642394725937755 0.0 0.0 -0.05097927525639534
1790642394745900406 0.0 0.0 -0.05097927153110504
1790642394766600638 0.0 0.0 -0.05097925662994385
1790642394786655647 0.0 0.0 -0.05097925662994385
1790642394806093243 0.0 0.0 -0.05097924917936325
1790642394826312517 0.0 0.0 -0.05097925662994385
1790642394846221533 0.0 0.0 -0.05097925662994385
1790642394866228059 0.0 0.0 -0.05097924917936325
1790642394886336320 0.0 0.0 -0.050979241728782654
1790642394906272633 0.0 0.0 -0.05097924545407295
1790642394929222186 0.0 0.0 -0.050979241728782654
1790642394948474106 0.0 0.0 -0.05097924917936325
1790642394968438069 0.0 0.0 -0.05097924917936325
1790642394988669217 0.0 0.0 -0.05097924545407295
1790642395008464530 0.0 0.0 -0.050979238003492355
1790642395028368906 0.0 0.0 -0.050979238003492355
1790642395048473678 0.0 0.0 -0.050979238003492355
1790642395068486060 0.0 0.0 -0.050979238003492355
1790642395088484394 0.0 0.0 -0.050979238003492355
1790642395108580557 0.0 0.0 -0.050979238003492355
1790642395128495749 0.0 0.0 -0.05097923427820206
1790642395148959167 0.0 0.0 -0.05097923427820206
1790642395168727791 0.0 0.0 -0.05097924545407295
1790642395189373491 0.0 0.0 -0.05097923427820206
1790642395208896500 0.0 0.0 -0.05097924545407295
1790642395228802092 0.0 0.0 -0.050979241728782654
1790642395248843820 0.0 0.0 -0.050979241728782654
1790642395268794599 0.0 0.0 -0.05097924917936325
1790642395288984912 0.0 0.0 -0.05097924917936325
1790642395308927402 0.0 0.0 -0.05097924917936325
1790642395329001516 0.0 0.0 -0.05090264230966568
1790642395349021291 0.0 0.0 -0.050848379731178284
1790642395368957316 0.0 0.0 -0.05084369704127312
1790642395389100459 0.0 0.0 -0.05086417496204376
1790642395409049221 0.0 0.0 -0.05087146908044815
1790642395429138696 0.0 0.0 -0.050856661051511765
1790642395449209546 0.0 0.0 -0.050889305770397186
1790642395469381330 0.0 0.0 -0.05091419443488121
1790642395489669793 0.0 0.0 -0.05095165967941284
1790642395509137022 0.0 0.0 -0.050996482372283936
1790642395529322887 0.0 0.0 -0.050986260175704956
1790642395549553267 0.0 0.0 -0.05099599063396454
1790642395569341379 0.0 0.0 -0.05100004002451897
1790642395589444327 0.0 0.0 -0.051010072231292725
1790642395609400642 0.0 0.0 -0.0510421022772789
1790642395629481924 0.0 0.0 -0.0510023757815361
1790642395649838968 0.0 0.0 -0.05095510557293892
1790642395674000146 0.0 0.0 -0.05095657333731651
1790642395695926628 0.0 0.0 -0.050985559821128845
1790642395718194763 0.0 0.0 -0.05099066346883774
1790642395735559337 0.0 0.0 -0.05099823325872421
1790642395755904124 0.0 0.0 -0.05097142234444618
1790642395775634249 0.0 0.0 -0.05098336935043335
1790642395795758254 0.0 0.0 -0.05100010335445404
1790642395815768876 0.0 0.0 -0.05099307745695114
1790642395835820333 0.0 0.0 -0.05100586637854576
1790642395856837672 0.0 0.0 -0.0510110929608345
1790642395875909101 0.0 0.0 -0.05101139470934868
1790642395895831526 0.0 0.0 -0.0510326623916626
1790642395915890919 0.0 0.0 -0.05100977420806885
1790642395936301374 0.0 0.0 -0.05102662369608879
1790642395957338362 0.0 0.0 -0.05101674422621727
1790642395976134639 0.0 0.0 -0.051014889031648636
1790642395996158862 0.0 0.0 -0.05101334676146507
1790642396016009282 0.0 0.0 -0.051007408648729324
1790642396036043298 0.0 0.0 -0.051013946533203125
1790642396056183080 0.0 0.0 -0.05099642276763916
1790642396076137891 0.0 0.0 -0.05099937319755554
1790642396096221286 0.0 0.0 -0.05102994665503502
1790642396116419599 0.0 0.0 -0.050989385694265366
1790642396136248834 0.0 0.0 -0.05098537355661392
1790642396156406601 0.0 0.0 -0.05099480599164963
1790642396176623956 0.0 0.0 -0.05095408111810684
1790642396199935291 0.0 0.0 -0.05097835510969162
1790642396218535171 0.0 0.0 -0.05097448453307152
1790642396238518336 0.0 0.0 -0.05096954479813576
1790642396258599458 0.0 0.0 -0.05098573490977287
1790642396278636514 0.0 0.0 -0.05098634213209152
1790642396300911978 0.0 0.0 -0.0510081872344017
1790642396321389060 0.0 0.0 -0.05100506171584129
1790642396340945191 0.0 0.0 -0.051008064299821854
1790642396360752185 0.0 0.0 -0.05100436881184578
1790642396380686258 0.0 0.0 -0.050996553152799606
1790642396400913502 0.0 0.0 -0.05099794641137123
1790642396420958270 0.0 0.0 -0.050983183085918427
1790642396449973119 0.0 0.0 -0.05101096257567406
1790642396461190407 0.0 0.0 -0.05100210756063461
1790642396481163843 0.0 0.0 -0.05099880322813988
1790642396500917138 0.0 0.0 -0.051006872206926346
1790642396521134077 0.0 0.0 -0.05099445581436157
1790642396541718206 0.0 0.0 -0.05099053680896759
1790642396560989039 0.0 0.0 -0.05100664868950844
1790642396581079826 0.0 0.0 -0.05098569393157959
1790642396601343264 0.0 0.0 -0.05099546164274216
1790642396621184627 0.0 0.0 -0.05099567398428917
1790642396641541799 0.0 0.0 -0.05095840245485306
1790642396661570086 0.0 0.0 -0.05094143748283386
1790642396681387929 0.0 0.0 -0.05094408616423607
1790642396701347348 0.0 0.0 -0.05095791816711426
1790642396721707815 0.0 0.0 -0.05096258595585823
1790642396741629344 0.0 0.0 -0.05094245821237564
1790642396761351693 0.0 0.0 -0.05091497674584389
1790642396781413774 0.0 0.0 -0.05090893432497978
1790642396801541907 0.0 0.0 -0.05092054605484009
1790642396826935576 0.0 0.0 -0.05092785879969597
1790642396843562505 0.0 0.0 -0.05090223625302315
1790642396863656172 0.0 0.0 -0.050913646817207336
1790642396883789810 0.0 0.0 -0.05090673267841339
1790642396903607588 0.0 0.0 -0.0509246326982975
1790642396923732234 0.0 0.0 -0.05095741152763367
1790642396943855375 0.0 0.0 -0.05090992897748947
1790642396963760486 0.0 0.0 -0.050894804298877716
1790642396984159484 0.0 0.0 -0.05091964825987816
1790642397003957870 0.0 0.0 -0.05090818181633949
1790642397024112244 0.0 0.0 -0.05092360079288483
1790642397043816992 0.0 0.0 -0.05092298239469528
1790642397065996674 0.0 0.0 -0.050898224115371704
1790642397086376343 0.0 0.0 -0.05090684816241264
1790642397105927193 0.0 0.0 -0.05090496316552162
1790642397126232137 0.0 0.0 -0.050923287868499756
1790642397146338061 0.0 0.0 -0.050932448357343674
1790642397166057433 0.0 0.0 -0.05089728161692619
1790642397186148221 0.0 0.0 -0.05094980075955391
1790642397206441484 0.0 0.0 -0.050939638167619705
1790642397226372069 0.0 0.0 -0.050943199545145035
1790642397246470537 0.0 0.0 -0.0509350411593914
1790642397266573741 0.0 0.0 -0.050916243344545364
1790642397286362877 0.0 0.0 -0.05092829838395119
1790642397306516164 0.0 0.0 -0.05092889070510864
1790642397326535267 0.0 0.0 -0.050935447216033936
1790642397347404213 0.0 0.0 -0.05090069770812988
1790642397366490971 0.0 0.0 -0.050887297838926315
1790642397386857647 0.0 0.0 -0.050910212099552155
1790642397406458997 0.0 0.0 -0.05089951306581497
1790642397426602363 0.0 0.0 -0.050877928733825684
1790642397446613465 0.0 0.0 -0.05087684094905853
1790642397466754111 0.0 0.0 -0.05088086053729057
1790642397486889861 0.0 0.0 -0.050858024507761
1790642397506793117 0.0 0.0 -0.05087960138916969
1790642397526741143 0.0 0.0 -0.050860222429037094
1790642397546998788 0.0 0.0 -0.05084218457341194
1790642397568818768 0.0 0.0 -0.05084317550063133
1790642397589899536 0.0 0.0 -0.05086662620306015
1790642397609093180 0.0 0.0 -0.05088530108332634
1790642397628899054 0.0 0.0 -0.05088163539767265
1790642397649069878 0.0 0.0 -0.05085116624832153
1790642397668965485 0.0 0.0 -0.05085363611578941
1790642397689141333 0.0 0.0 -0.05088162049651146
1790642397709138291 0.0 0.0 -0.05089382827281952
1790642397729294970 0.0 0.0 -0.05089327320456505
1790642397749390141 0.0 0.0 -0.05089296028017998
1790642397769289397 0.0 0.0 -0.05087975412607193
1790642397789436635 0.0 0.0 -0.05088911950588226
1790642397809213323 0.0 0.0 -0.050897266715765
1790642397829408309 0.0 0.0 -0.0508744940161705
1790642397849309772 0.0 0.0 -0.05087479576468468
1790642397869343212 0.0 0.0 -0.050876494497060776
1790642397889331081 0.0 0.0 -0.05085226148366928
1790642397909436045 0.0 0.0 -0.05085330083966255
1790642397929796640 0.0 0.0 -0.050847627222537994
1790642397949516301 0.0 0.0 -0.05085073038935661
1790642397969512618 0.0 0.0 -0.05085098370909691
1790642397989565099 0.0 0.0 -0.05086896941065788
1790642398009707633 0.0 0.0 -0.0508863739669323
1790642398029995648 0.0 0.0 -0.05087804049253464
1790642398049781136 0.0 0.0 -0.050874486565589905
1790642398069665639 0.0 0.0 -0.05085006728768349
1790642398089637667 0.0 0.0 -0.05084971711039543
1790642398116019140 0.0 0.0 -0.050868287682533264
1790642398135705102 0.0 0.0 -0.05085428059101105
1790642398157291532 0.0 0.0 -0.05085372179746628
1790642398176044446 0.0 0.0 -0.050851866602897644
1790642398195998585 0.0 0.0 -0.050870608538389206
1790642398216082811 0.0 0.0 -0.05088931694626808
1790642398235954129 0.0 0.0 -0.05086224153637886
1790642398256365576 0.0 0.0 -0.05089084804058075
1790642398275996879 0.0 0.0 -0.05087516829371452
1790642398296142741 0.0 0.0 -0.05088479816913605
1790642398316181909 0.0 0.0 -0.05089864507317543
1790642398336119599 0.0 0.0 -0.050886690616607666
1790642398356299736 0.0 0.0 -0.05089142546057701
1790642398376335671 0.0 0.0 -0.0509064681828022
1790642398396402009 0.0 0.0 -0.050919871777296066
1790642398416381973 0.0 0.0 -0.05093648284673691
1790642398436263980 0.0 0.0 -0.05095522478222847
1790642398456375120 0.0 0.0 -0.050917137414216995
1790642398476348044 0.0 0.0 -0.05091717094182968
1790642398496593976 0.0 0.0 -0.05093872919678688
1790642398517014351 0.0 0.0 -0.05097832903265953
1790642398536680985 0.0 0.0 -0.05095100402832031
1790642398556768828 0.0 0.0 -0.05092911794781685
1790642398576683988 0.0 0.0 -0.05092841759324074
1790642398596644783 0.0 0.0 -0.05092751234769821
1790642398616852762 0.0 0.0 -0.05094018206000328
1790642398638862737 0.0 0.0 -0.05096392333507538
1790642398658819596 0.0 0.0 -0.050934504717588425
1790642398678978579 0.0 0.0 -0.050917722284793854
1790642398698890187 0.0 0.0 -0.05092601478099823
1790642398720203065 0.0 0.0 -0.050945330411195755
1790642398738886694 0.0 0.0 -0.05096367746591568
1790642398758985258 0.0 0.0 -0.05097304657101631
1790642398779036299 0.0 0.0 -0.050961412489414215
1790642398799088715 0.0 0.0 -0.05094524100422859
1790642398819108586 0.0 0.0 -0.05096699297428131
1790642398839319028 0.0 0.0 -0.05097576230764389
1790642398859236013 0.0 0.0 -0.050951115787029266
1790642398881963920 0.0 0.0 -0.050958868116140366
1790642398899216007 0.0 0.0 -0.05092234164476395
1790642398919222533 0.0 0.0 -0.05093853920698166
1790642398939178592 0.0 0.0 -0.05096762254834175
1790642398959291524 0.0 0.0 -0.05096087232232094
1790642398979288802 0.0 0.0 -0.05093052238225937
1790642398999348931 0.0 0.0 -0.050930529832839966
1790642399020895678 0.0 0.0 -0.05093052610754967
1790642399039502951 0.0 0.0 -0.050930533558130264
1790642399059459682 0.0 0.0 -0.05093052610754967
1790642399079794644 0.0 0.0 -0.05093052610754967
1790642399099493343 0.0 0.0 -0.05093051865696907
1790642399119663367 0.0 0.0 -0.05093051865696907
1790642399139669477 0.0 0.0 -0.05093051865696907
1790642399159709317 0.0 0.0 -0.05093051865696907
1790642399179750405 0.0 0.0 -0.05093052238225937
1790642399199753315 0.0 0.0 -0.050930529832839966
1790642399220409768 0.0 0.0 -0.05093051865696907
1790642399239804097 0.0 0.0 -0.05093051865696907
1790642399259850722 0.0 0.0 -0.05093051493167877
1790642399280060108 0.0 0.0 -0.050930507481098175
1790642399299932450 0.0 0.0 -0.05093050375580788
1790642399320216369 0.0 0.0 -0.05093050375580788
1790642399339834679 0.0 0.0 -0.05093051493167877
1790642399360022880 0.0 0.0 -0.05093051493167877
1790642399382327689 0.0 0.0 -0.05093051865696907
1790642399400250761 0.0 0.0 -0.05093051493167877
1790642399420393935 0.0 0.0 -0.05093051493167877
1790642399440096603 0.0 0.0 -0.05093050375580788
1790642399460239169 0.0 0.0 -0.050930507481098175
1790642399480344645 0.0 0.0 -0.050930485129356384
1790642399500345218 0.0 0.0 -0.05093050003051758
1790642399520293661 0.0 0.0 -0.05093050003051758
1790642399540305787 0.0 0.0 -0.05093050375580788
1790642399560511397 0.0 0.0 -0.05093049630522728
1790642399580352025 0.0 0.0 -0.05093049257993698
1790642399600480639 0.0 0.0 -0.05093049257993698
1790642399620554753 0.0 0.0 -0.05093049630522728
1790642399642770149 0.0 0.0 -0.05093049257993698
1790642399660577149 0.0 0.0 -0.050930481404066086
1790642399680679873 0.0 0.0 -0.050930485129356384
1790642399700553943 0.0 0.0 -0.05093047395348549
1790642399720610168 0.0 0.0 -0.05093047395348549
1790642399740771839 0.0 0.0 -0.050930462777614594
1790642399760681111 0.0 0.0 -0.05093047022819519
1790642399780821021 0.0 0.0 -0.050930462777614594
1790642399800855229 0.0 0.0 -0.05093046650290489
1790642399821034405 0.0 0.0 -0.050930462777614594
1790642399840809397 0.0 0.0 -0.050930455327034
1790642399860981597 0.0 0.0 -0.050930455327034
1790642399880956505 0.0 0.0 -0.050930455327034
1790642399900854545 0.0 0.0 -0.0509304478764534
1790642399921066267 0.0 0.0 -0.0509304516017437
1790642399940988564 0.0 0.0 -0.0509304441511631
1790642399960966864 0.0 0.0 -0.0509304478764534
1790642399980985071 0.0 0.0 -0.0509304441511631
1790642400001059793 0.0 0.0 -0.0509304441511631
1790642400022164978 0.0 0.0 -0.0509304441511631
1790642400041176659 0.0 0.0 -0.0509304441511631
1790642400061296920 0.0 0.0 -0.050930436700582504
1790642400081423549 0.0 0.0 -0.05093042925000191
1790642400101336086 0.0 0.0 -0.050930432975292206
1790642400121498621 0.0 0.0 -0.05093042925000191
1790642400141214025 0.0 0.0 -0.05093042552471161
1790642400161446869 0.0 0.0 -0.05093042552471161
1790642400181601148 0.0 0.0 -0.05093041807413101
1790642400201395917 0.0 0.0 -0.05093042179942131
1790642400221411596 0.0 0.0 -0.050930410623550415
1790642400241568307 0.0 0.0 -0.05093041807413101
1790642400261549839 0.0 0.0 -0.050930410623550415
1790642400282085037 0.0 0.0 -0.050930414348840714
1790642400301755383 0.0 0.0 -0.050930414348840714
1790642400321859259 0.0 0.0 -0.050930414348840714
1790642400341797973 0.0 0.0 -0.050930410623550415
1790642400361840917 0.0 0.0 -0.050930414348840714
1790642400381725963 0.0 0.0 -0.050930410623550415
1790642400401879442 0.0 0.0 -0.05093041807413101
1790642400422034233 0.0 0.0 -0.050930410623550415
1790642400442154014 0.0 0.0 -0.050930414348840714
1790642400461818151 0.0 0.0 -0.050930410623550415
1790642400482225437 0.0 0.0 -0.050930410623550415
1790642400502768700 0.0 0.0 -0.050930414348840714
1790642400521966217 0.0 0.0 -0.050930414348840714
1790642400542677266 0.0 0.0 -0.050930410623550415
1790642400562143375 0.0 0.0 -0.05093040689826012
1790642400582347801 0.0 0.0 -0.050930410623550415
1790642400602115816 0.0 0.0 -0.05093041807413101
1790642400622411640 0.0 0.0 -0.05093040689826012
1790642400642252364 0.0 0.0 -0.050930414348840714
1790642400662343471 0.0 0.0 -0.050930410623550415
1790642400682478933 0.0 0.0 -0.05093040689826012
1790642400702306024 0.0 0.0 -0.05093039944767952
1790642400722763297 0.0 0.0 -0.05097897723317146
1790642400742508783 0.0 0.0 -0.050978969782590866
1790642400762409639 0.0 0.0 -0.05097896605730057
1790642400782573486 0.0 0.0 -0.05097895860671997
1790642400802602893 0.0 0.0 -0.050978969782590866
1790642400822845306 0.0 0.0 -0.050978969782590866
1790642400842697422 0.0 0.0 -0.050978973507881165
1790642400864581406 0.0 0.0 -0.05097897723317146
1790642400889830394 0.0 0.0 -0.05097897723317146
1790642400906781919 0.0 0.0 -0.05097896605730057
1790642400926940070 0.0 0.0 -0.05097896605730057
1790642400948132748 0.0 0.0 -0.05097896605730057
1790642400966775095 0.0 0.0 -0.050978969782590866
1790642400988878644 0.0 0.0 -0.05097896605730057
1790642401008868785 0.0 0.0 -0.05097897723317146
1790642401028898257 0.0 0.0 -0.05097896233201027
1790642401049273925 0.0 0.0 -0.05097896233201027
1790642401069092312 0.0 0.0 -0.05097896605730057
1790642401089243422 0.0 0.0 -0.05097896605730057
1790642401109183992 0.0 0.0 -0.050978969782590866
1790642401129062350 0.0 0.0 -0.05097896233201027
1790642401149183731 0.0 0.0 -0.050978969782590866
1790642401169155087 0.0 0.0 -0.05097896605730057
1790642401189265908 0.0 0.0 -0.05097895488142967
1790642401211329134 0.0 0.0 -0.05097896233201027
1790642401231213829 0.0 0.0 -0.05097896605730057
1790642401251393549 0.0 0.0 -0.05097895860671997
1790642401271421485 0.0 0.0 -0.05097896233201027
1790642401291355046 0.0 0.0 -0.05097896233201027
1790642401311452970 0.0 0.0 -0.05097895860671997
1790642401333552103 0.0 0.0 -0.050978951156139374
1790642401353374073 0.0 0.0 -0.05097894370555878
1790642401373564610 0.0 0.0 -0.050978951156139374
1790642401393804271 0.0 0.0 -0.050978951156139374
1790642401416701212 0.0 0.0 -0.05097894370555878
1790642401437936676 0.0 0.0 -0.05097894370555878
1790642401457854941 0.0 0.0 -0.050978951156139374
1790642401478033606 0.0 0.0 -0.05097893998026848
1790642401497706031 0.0 0.0 -0.05097893252968788
1790642401521165887 0.0 0.0 -0.05097893625497818
1790642401537837394 0.0 0.0 -0.05097893625497818
1790642401557804590 0.0 0.0 -0.05097893625497818
1790642401578157153 0.0 0.0 -0.05097893625497818
1790642401598043256 0.0 0.0 -0.05097892880439758
1790642401617947855 0.0 0.0 -0.05097891762852669
1790642401638277217 0.0 0.0 -0.050978902727365494
1790642401658074834 0.0 0.0 -0.05097890645265579
1790642401678054286 0.0 0.0 -0.050978902727365494
1790642401698106255 0.0 0.0 -0.05097890645265579
1790642401718238485 0.0 0.0 -0.05097891017794609
1790642401738215697 0.0 0.0 -0.050978921353816986
1790642401760181190 0.0 0.0 -0.05097891762852669
1790642401780219622 0.0 0.0 -0.05097891762852669
1790642401800209475 0.0 0.0 -0.050978925079107285
1790642401820384043 0.0 0.0 -0.050978921353816986
1790642401840476014 0.0 0.0 -0.05097891017794609
1790642401860395783 0.0 0.0 -0.05097891017794609
1790642401880760346 0.0 0.0 -0.050978899002075195
1790642401900556364 0.0 0.0 -0.05097890645265579
1790642401920620461 0.0 0.0 -0.050969988107681274
1790642401940521413 0.0 0.0 -0.050967223942279816
1790642401960495809 0.0 0.0 -0.05097656697034836
1790642401980742509 0.0 0.0 -0.05098951235413551
1790642402000691464 0.0 0.0 -0.05097326636314392
1790642402020836398 0.0 0.0 -0.050984300673007965
1790642402040654592 0.0 0.0 -0.05098598077893257
1790642402061623417 0.0 0.0 -0.05098310485482216
1790642402080750497 0.0 0.0 -0.050977516919374466
1790642402100868550 0.0 0.0 -0.050982601940631866
1790642402120827169 0.0 0.0 -0.05099399387836456
1790642402140784604 0.0 0.0 -0.05098697543144226
1790642402160771257 0.0 0.0 -0.050988759845495224
1790642402181012197 0.0 0.0 -0.05097786337137222
1790642402201012931 0.0 0.0 -0.05096542835235596
1790642402222301231 0.0 0.0 -0.05098772421479225
1790642402241080834 0.0 0.0 -0.050952814519405365
1790642402261055230 0.0 0.0 -0.05097140371799469
1790642402281191140 0.0 0.0 -0.05097692832350731
1790642402301091003 0.0 0.0 -0.050990644842386246
1790642402321169502 0.0 0.0 -0.05099352449178696
1790642402341821251 0.0 0.0 -0.05097629874944687
1790642402361225084 0.0 0.0 -0.050937946885824203
1790642402381278205 0.0 0.0 -0.05095108598470688
1790642402401311805 0.0 0.0 -0.05092350393533707
1790642402421705202 0.0 0.0 -0.05092069134116173
1790642402441387452 0.0 0.0 -0.050929874181747437
1790642402461387674 0.0 0.0 -0.05090590566396713
1790642402481606789 0.0 0.0 -0.05095427855849266
1790642402501472922 0.0 0.0 -0.05097438395023346
1790642402521623041 0.0 0.0 -0.05095664784312248
1790642402541549530 0.0 0.0 -0.05097111687064171
1790642402563156345 0.0 0.0 -0.05095464363694191
1790642402582808002 0.0 0.0 -0.05095672607421875
1790642402601666042 0.0 0.0 -0.050983741879463196
1790642402621823649 0.0 0.0 -0.05099088326096535
1790642402641819518 0.0 0.0 -0.05098457634449005
1790642402661930851 0.0 0.0 -0.05098319798707962
1790642402681818681 0.0 0.0 -0.05100734159350395
1790642402703801551 0.0 0.0 -0.051018666476011276
1790642402721961853 0.0 0.0 -0.05101536959409714
1790642402741962139 0.0 0.0 -0.05101599916815758
1790642402761994298 0.0 0.0 -0.05103135108947754
1790642402782051035 0.0 0.0 -0.051025982946157455
1790642402801959379 0.0 0.0 -0.051029887050390244
1790642402822261027 0.0 0.0 -0.05102049186825752
1790642402842170555 0.0 0.0 -0.05101547762751579
1790642402862244605 0.0 0.0 -0.0510287880897522
1790642402882487818 0.0 0.0 -0.05102881044149399
1790642402902181525 0.0 0.0 -0.05104440823197365
1790642402926360624 0.0 0.0 -0.05105246230959892
1790642402944394518 0.0 0.0 -0.05105578526854515
1790642402964311055 0.0 0.0 -0.0510890930891037
1790642402984519993 0.0 0.0 -0.05111035332083702
1790642403004317450 0.0 0.0 -0.05113978311419487
1790642403024458736 0.0 0.0 -0.051133036613464355
1790642403044459022 0.0 0.0 -0.05109341815114021
1790642403064857988 0.0 0.0 -0.05106901004910469
1790642403084761243 0.0 0.0 -0.05103209614753723
1790642403104578574 0.0 0.0 -0.05103737488389015
1790642403124892510 0.0 0.0 -0.05106287822127342
1790642403144555303 0.0 0.0 -0.051047153770923615
1790642403166694407 0.0 0.0 -0.051059626042842865
1790642403186795275 0.0 0.0 -0.05109237879514694
1790642403206796392 0.0 0.0 -0.05110529810190201
1790642403230202868 0.0 0.0 -0.05114731565117836
1790642403246779490 0.0 0.0 -0.051167432218790054
1790642403266926153 0.0 0.0 -0.05115675553679466
1790642403286925574 0.0 0.0 -0.051162492483854294
1790642403306926276 0.0 0.0 -0.051152054220438004
1790642403327018823 0.0 0.0 -0.05112934485077858
1790642403347103690 0.0 0.0 -0.05113134905695915
1790642403366966111 0.0 0.0 -0.05114483833312988
1790642403387357524 0.0 0.0 -0.05111753195524216
1790642403407142053 0.0 0.0 -0.05110761895775795
1790642403427006394 0.0 0.0 -0.051092468202114105
1790642403447380526 0.0 0.0 -0.051085978746414185
1790642403467252420 0.0 0.0 -0.051101528108119965
1790642403488244478 0.0 0.0 -0.051107414066791534
1790642403507238783 0.0 0.0 -0.05109729617834091
1790642403527180185 0.0 0.0 -0.05108235776424408
1790642403547274716 0.0 0.0 -0.05107707902789116
1790642403567290842 0.0 0.0 -0.051083676517009735
1790642403587555624 0.0 0.0 -0.05110568180680275
1790642403607343481 0.0 0.0 -0.05109099671244621
1790642403627731182 0.0 0.0 -0.0510801300406456
1790642403647795023 0.0 0.0 -0.05108208209276199
1790642403667606753 0.0 0.0 -0.0510711707174778
1790642403687853134 0.0 0.0 -0.05108671635389328
1790642403707610045 0.0 0.0 -0.05107465386390686
1790642403727739074 0.0 0.0 -0.051076002418994904
1790642403747726463 0.0 0.0 -0.051048874855041504
1790642403767870021 0.0 0.0 -0.051037564873695374
1790642403787916934 0.0 0.0 -0.05104406550526619
1790642403807920067 0.0 0.0 -0.051053695380687714
1790642403827817019 0.0 0.0 -0.051058318465948105
1790642403847824857 0.0 0.0 -0.051053762435913086
1790642403867871257 0.0 0.0 -0.051043614745140076
1790642403887977917 0.0 0.0 -0.05103892460465431
1790642403908049919 0.0 0.0 -0.051064010709524155
1790642403927963511 0.0 0.0 -0.051072001457214355
1790642403948087549 0.0 0.0 -0.0510781966149807
1790642403968234499 0.0 0.0 -0.05106686055660248
1790642403988182845 0.0 0.0 -0.051059991121292114
1790642404008080021 0.0 0.0 -0.05107476934790611
1790642404028340258 0.0 0.0 -0.051072556525468826
1790642404048290973 0.0 0.0 -0.05108756572008133
1790642404068291226 0.0 0.0 -0.0510692372918129
1790642404088644621 0.0 0.0 -0.05107297748327255
1790642404108357177 0.0 0.0 -0.051080524921417236
1790642404128554115 0.0 0.0 -0.051091570407152176
1790642404148541536 0.0 0.0 -0.051102764904499054
1790642404168494587 0.0 0.0 -0.051081378012895584
1790642404188342767 0.0 0.0 -0.05109984427690506
1790642404208825130 0.0 0.0 -0.051095105707645416
1790642404228497651 0.0 0.0 -0.051077332347631454
1790642404248710142 0.0 0.0 -0.05107733607292175
1790642404268525296 0.0 0.0 -0.05107733607292175
1790642404288859138 0.0 0.0 -0.051077332347631454
1790642404308632114 0.0 0.0 -0.051077332347631454
1790642404328669170 0.0 0.0 -0.051077332347631454
1790642404348880156 0.0 0.0 -0.051077332347631454
1790642404368838455 0.0 0.0 -0.051077328622341156
1790642404389832369 0.0 0.0 -0.051077332347631454
1790642404409000124 0.0 0.0 -0.05107733979821205
1790642404428923861 0.0 0.0 -0.051077332347631454
1790642404448940404 0.0 0.0 -0.05107733979821205
1790642404468953170 0.0 0.0 -0.05107734352350235
1790642404489933675 0.0 0.0 -0.051077332347631454
1790642404509001232 0.0 0.0 -0.051077332347631454
1790642404529071666 0.0 0.0 -0.05107733979821205
1790642404549126643 0.0 0.0 -0.051077332347631454
1790642404569264537 0.0 0.0 -0.051077328622341156
1790642404589193426 0.0 0.0 -0.051077332347631454
1790642404609247955 0.0 0.0 -0.051077332347631454
1790642404635457705 0.0 0.0 -0.051077328622341156
1790642404649354836 0.0 0.0 -0.051077328622341156
1790642404669288046 0.0 0.0 -0.051077328622341156
1790642404691512498 0.0 0.0 -0.051077328622341156
1790642404711425195 0.0 0.0 -0.051077328622341156
1790642404731375621 0.0 0.0 -0.051077328622341156
1790642404751377251 0.0 0.0 -0.051077328622341156
1790642404771453989 0.0 0.0 -0.051077328622341156
1790642404792320439 0.0 0.0 -0.051077328622341156
1790642404811633515 0.0 0.0 -0.051077328622341156
1790642404831532483 0.0 0.0 -0.05107733979821205
1790642404851520511 0.0 0.0 -0.05107733979821205
1790642404871626115 0.0 0.0 -0.05107733979821205
1790642404891632257 0.0 0.0 -0.051077332347631454
1790642404912206306 0.0 0.0 -0.05107733979821205
1790642404931672415 0.0 0.0 -0.05107733607292175
1790642404951852775 0.0 0.0 -0.05106133222579956
1790642404973288348 0.0 0.0 -0.05106884613633156
1790642404991836290 0.0 0.0 -0.05106741562485695
1790642405011923844 0.0 0.0 -0.05105866119265556
1790642405031848285 0.0 0.0 -0.05104292184114456
1790642405052180719 0.0 0.0 -0.05104395002126694
1790642405072052805 0.0 0.0 -0.05103669315576553
1790642405092084773 0.0 0.0 -0.05104614794254303
1790642405112017342 0.0 0.0 -0.05106637626886368
1790642405132061150 0.0 0.0 -0.05106324702501297
1790642405152357230 0.0 0.0 -0.05108583718538284
1790642405172113885 0.0 0.0 -0.051104456186294556
1790642405192454127 0.0 0.0 -0.05106661468744278
1790642405216470496 0.0 0.0 -0.05107990652322769
1790642405236349718 0.0 0.0 -0.051071688532829285
1790642405256445562 0.0 0.0 -0.05106232315301895
1790642405276551902 0.0 0.0 -0.05107941851019859
1790642405296342831 0.0 0.0 -0.05107026919722557
1790642405316523831 0.0 0.0 -0.05106251686811447
1790642405336542614 0.0 0.0 -0.051079049706459045
1790642405356976398 0.0 0.0 -0.05107245594263077
1790642405376448299 0.0 0.0 -0.05107494071125984
1790642405396660374 0.0 0.0 -0.051079533994197845
1790642405417459588 0.0 0.0 -0.05107647180557251
1790642405436823227 0.0 0.0 -0.051064375787973404
1790642405456661870 0.0 0.0 -0.05108372122049332
1790642405476687982 0.0 0.0 -0.05109003186225891
1790642405496718669 0.0 0.0 -0.05110282450914383
1790642405516972090 0.0 0.0 -0.0510721430182457
1790642405536880466 0.0 0.0 -0.051057636737823486
1790642405557110878 0.0 0.0 -0.05105334147810936
1790642405576816937 0.0 0.0 -0.05105571448802948
1790642405596874730 0.0 0.0 -0.051071930676698685
1790642405616872168 0.0 0.0 -0.05103285610675812
1790642405636956394 0.0 0.0 -0.05104093626141548
1790642405657138547 0.0 0.0 -0.05103633180260658
1790642405677021098 0.0 0.0 -0.05103070288896561
1790642405697048937 0.0 0.0 -0.051035068929195404
1790642405717109770 0.0 0.0 -0.05101822316646576
1790642405737142986 0.0 0.0 -0.05102323368191719
1790642405757507357 0.0 0.0 -0.051037102937698364
1790642405777221706 0.0 0.0 -0.05103996396064758
1790642405797269898 0.0 0.0 -0.05107654258608818
1790642405819399209 0.0 0.0 -0.05105890706181526
1790642405839306209 0.0 0.0 -0.051050715148448944
1790642405861374300 0.0 0.0 -0.05105248838663101
1790642405881339927 0.0 0.0 -0.05105077475309372
1790642405901390264 0.0 0.0 -0.051047127693891525
1790642405925604277 0.0 0.0 -0.051043763756752014
1790642405945460458 0.0 0.0 -0.05102912336587906
1790642405968474847 0.0 0.0 -0.05105108395218849
1790642405987795827 0.0 0.0 -0.05105428770184517
1790642406007477405 0.0 0.0 -0.0510454997420311
1790642406027693512 0.0 0.0 -0.05104110762476921
1790642406047952661 0.0 0.0 -0.05102737620472908
1790642406067805354 0.0 0.0 -0.0510304719209671
1790642406087870635 0.0 0.0 -0.051032982766628265
1790642406107724608 0.0 0.0 -0.05103487893939018
1790642406127916681 0.0 0.0 -0.051053859293460846
1790642406147728987 0.0 0.0 -0.05103151500225067
1790642406176614996 0.0 0.0 -0.05102786794304848
1790642406187942051 0.0 0.0 -0.05101246014237404
1790642406208312183 0.0 0.0 -0.05101539194583893
1790642406228085479 0.0 0.0 -0.05101197957992554
1790642406248036354 0.0 0.0 -0.05100686103105545
1790642406267996061 0.0 0.0 -0.051003504544496536
1790642406288479384 0.0 0.0 -0.05098815634846687
1790642406308250184 0.0 0.0 -0.050991419702768326
1790642406328166304 0.0 0.0 -0.05101562291383743
1790642406348155293 0.0 0.0 -0.050977643579244614
1790642406368250080 0.0 0.0 -0.050959110260009766
1790642406388353828 0.0 0.0 -0.05098043382167816
1790642406408550126 0.0 0.0 -0.05094664916396141
1790642406428469382 0.0 0.0 -0.05094728618860245
1790642406448667536 0.0 0.0 -0.050952766090631485
1790642406468396029 0.0 0.0 -0.05095483362674713
1790642406488485056 0.0 0.0 -0.05097256600856781
1790642406508636327 0.0 0.0 -0.050986021757125854
1790642406529416244 0.0 0.0 -0.050954557955265045
1790642406548704614 0.0 0.0 -0.05094242841005325
1790642406568680674 0.0 0.0 -0.050956789404153824
1790642406588791814 0.0 0.0 -0.05093688517808914
1790642406608723744 0.0 0.0 -0.05091893672943115
1790642406628693724 0.0 0.0 -0.050890643149614334
1790642406648778526 0.0 0.0 -0.05088406056165695
1790642406668746010 0.0 0.0 -0.05091904103755951
1790642406688928131 0.0 0.0 -0.05092136561870575
1790642406708797560 0.0 0.0 -0.05090780183672905
1790642406728892443 0.0 0.0 -0.05090045928955078
1790642406749005664 0.0 0.0 -0.05091400444507599
1790642406768873845 0.0 0.0 -0.050936222076416016
1790642406788948824 0.0 0.0 -0.0509147047996521
1790642406809040891 0.0 0.0 -0.05090615898370743
1790642406829004086 0.0 0.0 -0.05089666694402695
1790642406849047894 0.0 0.0 -0.05090044438838959
1790642406869089302 0.0 0.0 -0.05091962590813637
1790642406889115062 0.0 0.0 -0.05090775713324547
1790642406909135540 0.0 0.0 -0.05085097625851631
1790642406929195446 0.0 0.0 -0.05079500749707222
1790642406949596939 0.0 0.0 -0.05073682591319084
1790642406969410590 0.0 0.0 -0.05076143145561218
1790642406989960797 0.0 0.0 -0.050791963934898376
1790642407009328276 0.0 0.0 -0.05078619718551636
1790642407029433240 0.0 0.0 -0.05080428719520569
1790642407049343600 0.0 0.0 -0.050805456936359406
1790642407069671553 0.0 0.0 -0.05082317441701889
1790642407089533303 0.0 0.0 -0.05086841434240341
1790642407109646427 0.0 0.0 -0.0509091354906559
1790642407129547667 0.0 0.0 -0.05092855915427208
1790642407149602292 0.0 0.0 -0.05091286450624466
1790642407169700215 0.0 0.0 -0.05089593306183815
1790642407189860126 0.0 0.0 -0.05090487375855446
1790642407210003205 0.0 0.0 -0.05091322585940361
1790642407229891131 0.0 0.0 -0.05091068148612976
1790642407249973310 0.0 0.0 -0.050879254937171936
1790642407270617955 0.0 0.0 -0.05086740851402283
1790642407290476952 0.0 0.0 -0.05087919160723686
1790642407309990136 0.0 0.0 -0.05086371675133705
1790642407330298376 0.0 0.0 -0.05085882171988487
1790642407350093977 0.0 0.0 -0.05086030438542366
1790642407370097719 0.0 0.0 -0.0508367158472538
1790642407390263774 0.0 0.0 -0.050840310752391815
1790642407410480681 0.0 0.0 -0.0508338063955307
1790642407430181173 0.0 0.0 -0.05084865540266037
1790642407451524164 0.0 0.0 -0.05086789280176163
1790642407470289366 0.0 0.0 -0.050842393189668655
1790642407490335607 0.0 0.0 -0.05087035894393921
1790642407510433370 0.0 0.0 -0.05086785554885864
1790642407530388597 0.0 0.0 -0.05085841938853264
1790642407550468407 0.0 0.0 -0.050855301320552826
1790642407570346926 0.0 0.0 -0.05083100125193596
1790642407590607675 0.0 0.0 -0.05081571266055107
1790642407610562838 0.0 0.0 -0.05081603303551674
1790642407630557171 0.0 0.0 -0.05082457885146141
1790642407650527887 0.0 0.0 -0.05081579461693764
1790642407670571167 0.0 0.0 -0.05080864205956459
1790642407690647906 0.0 0.0 -0.05078946799039841
1790642407710635010 0.0 0.0 -0.0507763996720314
1790642407730658563 0.0 0.0 -0.05083303153514862
1790642407750833706 0.0 0.0 -0.05083303153514862
1790642407770634339 0.0 0.0 -0.05083303153514862
1790642407790834698 0.0 0.0 -0.05083303898572922
1790642407810815786 0.0 0.0 -0.05083303898572922
1790642407834979780 0.0 0.0 -0.050833046436309814
1790642407851851729 0.0 0.0 -0.050833046436309814
1790642407870873133 0.0 0.0 -0.050833046436309814
1790642407892127292 0.0 0.0 -0.050833046436309814
1790642407910969265 0.0 0.0 -0.05083305016160011
1790642407931002931 0.0 0.0 -0.050833042711019516
1790642407951142264 0.0 0.0 -0.05083305016160011
1790642407971017428 0.0 0.0 -0.050833042711019516
1790642407991111608 0.0 0.0 -0.050833042711019516
1790642408011190651 0.0 0.0 -0.050833042711019516
1790642408031113497 0.0 0.0 -0.05083305388689041
1790642408051688782 0.0 0.0 -0.050833046436309814
1790642408071325409 0.0 0.0 -0.05083305761218071
1790642408091280800 0.0 0.0 -0.05083306133747101
1790642408111208381 0.0 0.0 -0.05083306506276131
1790642408131310209 0.0 0.0 -0.05083306133747101
1790642408151276609 0.0 0.0 -0.05083306133747101
1790642408171386725 0.0 0.0 -0.05083305016160011
1790642408191425607 0.0 0.0 -0.05083305761218071
1790642408211467753 0.0 0.0 -0.05083306133747101
1790642408242091824 0.0 0.0 -0.05083306133747101
1790642408255152497 0.0 0.0 -0.05083306133747101
1790642408273873986 0.0 0.0 -0.05083305761218071
1790642408293584696 0.0 0.0 -0.050833072513341904
1790642408313569240 0.0 0.0 -0.05083306506276131
1790642408333648955 0.0 0.0 -0.05083306133747101
1790642408356594344 0.0 0.0 -0.050833072513341904
1790642408375714792 0.0 0.0 -0.050833072513341904
1790642408396073013 0.0 0.0 -0.050833072513341904
1790642408415783211 0.0 0.0 -0.05083306133747101
1790642408435761898 0.0 0.0 -0.050833072513341904
1790642408455938673 0.0 0.0 -0.050833072513341904
1790642408475994259 0.0 0.0 -0.05083306506276131
1790642408496074679 0.0 0.0 -0.0508330762386322
1790642408516015413 0.0 0.0 -0.05083306506276131
1790642408536011669 0.0 0.0 -0.050833072513341904
1790642408556268159 0.0 0.0 -0.050833072513341904
1790642408576109913 0.0 0.0 -0.05083306506276131
1790642408596029079 0.0 0.0 -0.05083306133747101
1790642408616136059 0.0 0.0 -0.05083306133747101
1790642408636063353 0.0 0.0 -0.05083305761218071
1790642408656263456 0.0 0.0 -0.05083305016160011
1790642408676304706 0.0 0.0 -0.050833046436309814
1790642408698283115 0.0 0.0 -0.05083303898572922
1790642408716403430 0.0 0.0 -0.05083303898572922
1790642408736420391 0.0 0.0 -0.05083305016160011
1790642408756944891 0.0 0.0 -0.050833046436309814
1790642408776750900 0.0 0.0 -0.05083305016160011
1790642408796557101 0.0 0.0 -0.050833042711019516
1790642408818849954 0.0 0.0 -0.050833042711019516
1790642408836551982 0.0 0.0 -0.050833046436309814
1790642408858029733 0.0 0.0 -0.05083305388689041
1790642408876702644 0.0 0.0 -0.05083305016160011
1790642408896851258 0.0 0.0 -0.05083305016160011
1790642408916789368 0.0 0.0 -0.050833042711019516
1790642408936791128 0.0 0.0 -0.050833046436309814
1790642408956847099 0.0 0.0 -0.050833046436309814
1790642408976911005 0.0 0.0 -0.05083303898572922
1790642408996896061 0.0 0.0 -0.05083303153514862
1790642409016936447 0.0 0.0 -0.05083302780985832
1790642409037025667 0.0 0.0 -0.05083303153514862
1790642409056858333 0.0 0.0 -0.05083303898572922
1790642409077092870 0.0 0.0 -0.05083303153514862
1790642409096932224 0.0 0.0 -0.050833042711019516
1790642409117114375 0.0 0.0 -0.050833046436309814
1790642409139052079 0.0 0.0 -0.050833042711019516
1790642409159144595 0.0 0.0 -0.050833046436309814
1790642409179382588 0.0 0.0 -0.05083305016160011
1790642409199148595 0.0 0.0 -0.050833042711019516
1790642409219169717 0.0 0.0 -0.050833042711019516
1790642409247403780 0.0 0.0 -0.05083303153514862
1790642409259395389 0.0 0.0 -0.05083303898572922
1790642409279513186 0.0 0.0 -0.050833042711019516
1790642409299405119 0.0 0.0 -0.050833042711019516
1790642409319484450 0.0 0.0 -0.05083303153514862
1790642409339350589 0.0 0.0 -0.05083303153514862
1790642409359430464 0.0 0.0 -0.050833042711019516
1790642409379587655 0.0 0.0 -0.05083303898572922
1790642409399511044 0.0 0.0 -0.050833046436309814
1790642409419834320 0.0 0.0 -0.050833046436309814
1790642409439566375 0.0 0.0 -0.050833046436309814
1790642409459738445 0.0 0.0 -0.05083305016160011
1790642409479700172 0.0 0.0 -0.05083221197128296
1790642409506178811 0.0 0.0 -0.05083221197128296
1790642409527969149 0.0 0.0 -0.05083220824599266
1790642409546139322 0.0 0.0 -0.050832219421863556
1790642409565888401 0.0 0.0 -0.05083220824599266
1790642409585957428 0.0 0.0 -0.050832197070121765
1790642409605862641 0.0 0.0 -0.050832197070121765
1790642409626000311 0.0 0.0 -0.05083220824599266
1790642409646051833 0.0 0.0 -0.05083220452070236
1790642409666021592 0.0 0.0 -0.05083220452070236
1790642409688274123 0.0 0.0 -0.05083217844367027
1790642409706118236 0.0 0.0 -0.05083218589425087
1790642409726181375 0.0 0.0 -0.05083217844367027
1790642409746089756 0.0 0.0 -0.05083219334483147
1790642409766256386 0.0 0.0 -0.05083218961954117
1790642409786473323 0.0 0.0 -0.05083219334483147
1790642409806298757 0.0 0.0 -0.05083219334483147
1790642409826334278 0.0 0.0 -0.05083218961954117
1790642409846433610 0.0 0.0 -0.05083218961954117
1790642409866365032 0.0 0.0 -0.05083219334483147
1790642409886424906 0.0 0.0 -0.05083219334483147
1790642409907698042 0.0 0.0 -0.050832200795412064
1790642409926486253 0.0 0.0 -0.05083220452070236
1790642409946487918 0.0 0.0 -0.05083221197128296
1790642409966600594 0.0 0.0 -0.050832219421863556
1790642409986666389 0.0 0.0 -0.05083221197128296
1790642410014018724 0.0 0.0 -0.050832219421863556
1790642410028911144 0.0 0.0 -0.05083220824599266
1790642410048884904 0.0 0.0 -0.050832200795412064
1790642410070676842 0.0 0.0 -0.050832197070121765
1790642410090771662 0.0 0.0 -0.050832197070121765
1790642410110909683 0.0 0.0 -0.05083219334483147
1790642410130762382 0.0 0.0 -0.050832200795412064
1790642410152903837 0.0 0.0 -0.05083219334483147
1790642410172923870 0.0 0.0 -0.05083217844367027
1790642410192878205 0.0 0.0 -0.05083217844367027
1790642410213129479 0.0 0.0 -0.05083217844367027
1790642410237038455 0.0 0.0 -0.050832170993089676
1790642410257120730 0.0 0.0 -0.05083216726779938
1790642410277245119 0.0 0.0 -0.05083216354250908
1790642410299076323 0.0 0.0 -0.050832170993089676
1790642410321957037 0.0 0.0 -0.050832174718379974
1790642410339192104 0.0 0.0 -0.050832170993089676
1790642410359122469 0.0 0.0 -0.050832174718379974
1790642410379373071 0.0 0.0 -0.05083217844367027
1790642410399334094 0.0 0.0 -0.05083217844367027
1790642410419507285 0.0 0.0 -0.05083217844367027
1790642410439315502 0.0 0.0 -0.05083217844367027
1790642410459432659 0.0 0.0 -0.05083217844367027
1790642410479447283 0.0 0.0 -0.050832174718379974
1790642410499409746 0.0 0.0 -0.050832170993089676
1790642410527712068 0.0 0.0 -0.05083216726779938
1790642410539792033 0.0 0.0 -0.050832170993089676
1790642410560127342 0.0 0.0 -0.05083217844367027
1790642410579652541 0.0 0.0 -0.05083216354250908
1790642410599653565 0.0 0.0 -0.05083216726779938
1790642410622262397 0.0 0.0 -0.05083216354250908
1790642410641587301 0.0 0.0 -0.05083215609192848
1790642410667679845 0.0 0.0 -0.05083215981721878
1790642410687806026 0.0 0.0 -0.05083215981721878
1790642410709727698 0.0 0.0 -0.05083215609192848
1790642410729800725 0.0 0.0 -0.05083216354250908
1790642410750070079 0.0 0.0 -0.05083215609192848
1790642410769995260 0.0 0.0 -0.05078478902578354
1790642410790133826 0.0 0.0 -0.05074954032897949
1790642410810523856 0.0 0.0 -0.050710905343294144
1790642410830117346 0.0 0.0 -0.050686683505773544
1790642410851575512 0.0 0.0 -0.05073283240199089
1790642410870192933 0.0 0.0 -0.0507231242954731
1790642410890362476 0.0 0.0 -0.05075393617153168
1790642410910321515 0.0 0.0 -0.0507652722299099
1790642410930154821 0.0 0.0 -0.05080080404877663
1790642410950355181 0.0 0.0 -0.05081820860505104
1790642410970272810 0.0 0.0 -0.05085231363773346
1790642410992803079 0.0 0.0 -0.050855863839387894
1790642411010266474 0.0 0.0 -0.050821688026189804
1790642411030560245 0.0 0.0 -0.050821028649806976
1790642411050662329 0.0 0.0 -0.050825171172618866
1790642411070590199 0.0 0.0 -0.05082456022500992
1790642411091957290 0.0 0.0 -0.050800055265426636
1790642411110474324 0.0 0.0 -0.05078862980008125
1790642411130627770 0.0 0.0 -0.050801150500774384
1790642411150572952 0.0 0.0 -0.05079646408557892
1790642411170737886 0.0 0.0 -0.05080287531018257
1790642411190738463 0.0 0.0 -0.05081550031900406
1790642411213781263 0.0 0.0 -0.0508187897503376
1790642411232800683 0.0 0.0 -0.05076368525624275
1790642411252848109 0.0 0.0 -0.050786424428224564
1790642411272665607 0.0 0.0 -0.05078532546758652
1790642411297113195 0.0 0.0 -0.05080094933509827
1790642411316559383 0.0 0.0 -0.05080011487007141
1790642411332961267 0.0 0.0 -0.05078672617673874
1790642411353162138 0.0 0.0 -0.05080859735608101
1790642411373064823 0.0 0.0 -0.050821684300899506
1790642411393104857 0.0 0.0 -0.050822913646698
1790642411413206013 0.0 0.0 -0.050826676189899445
1790642411433230206 0.0 0.0 -0.050812557339668274
1790642411453059672 0.0 0.0 -0.05080709606409073
1790642411473134683 0.0 0.0 -0.050815753638744354
1790642411493091770 0.0 0.0 -0.050809938460588455
1790642411513960378 0.0 0.0 -0.05079563334584236
1790642411533240832 0.0 0.0 -0.050792910158634186
1790642411560201505 0.0 0.0 -0.050766974687576294
1790642411577247060 0.0 0.0 -0.05077091604471207
1790642411597945262 0.0 0.0 -0.050761181861162186
1790642411618187640 0.0 0.0 -0.05074258893728256
1790642411637356217 0.0 0.0 -0.05074244365096092
1790642411657380859 0.0 0.0 -0.05076342448592186
1790642411677797802 0.0 0.0 -0.05076441913843155
1790642411697478303 0.0 0.0 -0.050750866532325745
1790642411718028852 0.0 0.0 -0.05075274780392647
1790642411737524097 0.0 0.0 -0.05071292445063591
1790642411757775435 0.0 0.0 -0.05072813481092453
1790642411777605605 0.0 0.0 -0.05073152855038643
1790642411807154693 0.0 0.0 -0.0507480688393116
1790642411817928337 0.0 0.0 -0.050730150192976
1790642411837911665 0.0 0.0 -0.05071351304650307
1790642411858013301 0.0 0.0 -0.050706543028354645
1790642411877886161 0.0 0.0 -0.05071491375565529
1790642411897652297 0.0 0.0 -0.05074339359998703
1790642411918062936 0.0 0.0 -0.0507042370736599
1790642411938063448 0.0 0.0 -0.05072462558746338
1790642411957982934 0.0 0.0 -0.050711147487163544
1790642411978042872 0.0 0.0 -0.05069267749786377
1790642411998005207 0.0 0.0 -0.05071356147527695
1790642412018181758 0.0 0.0 -0.05072319135069847
1790642412038038841 0.0 0.0 -0.050730280578136444
1790642412058106012 0.0 0.0 -0.050729911774396896
1790642412078348229 0.0 0.0 -0.05071517825126648
1790642412100143432 0.0 0.0 -0.05070783197879791
1790642412120950214 0.0 0.0 -0.05069136619567871
1790642412140342224 0.0 0.0 -0.0507001057267189
1790642412160380625 0.0 0.0 -0.05071423947811127
1790642412180461269 0.0 0.0 -0.05068554729223251
1790642412200425492 0.0 0.0 -0.05068650096654892
1790642412224918969 0.0 0.0 -0.05068351700901985
1790642412240403603 0.0 0.0 -0.050676532089710236
1790642412260589179 0.0 0.0 -0.05067373812198639
1790642412280512440 0.0 0.0 -0.05066334456205368
1790642412300632701 0.0 0.0 -0.050694528967142105
1790642412321685476 0.0 0.0 -0.050673406571149826
1790642412340712192 0.0 0.0 -0.05067961663007736
1790642412360828965 0.0 0.0 -0.050694044679403305
1790642412380629918 0.0 0.0 -0.05068160220980644
1790642412400661344 0.0 0.0 -0.05067972093820572
1790642412420922698 0.0 0.0 -0.05067082494497299
1790642412440732515 0.0 0.0 -0.050676897168159485
1790642412460748452 0.0 0.0 -0.05066618323326111
1790642412483525610 0.0 0.0 -0.050646308809518814
1790642412500835144 0.0 0.0 -0.050635043531656265
1790642412521020175 0.0 0.0 -0.05061955004930496
1790642412540921483 0.0 0.0 -0.05061262100934982
1790642412560967437 0.0 0.0 -0.05062062293291092
1790642412581153653 0.0 0.0 -0.050627488642930984
1790642412601180310 0.0 0.0 -0.05063440650701523
1790642412621303771 0.0 0.0 -0.05063539743423462
1790642412641114452 0.0 0.0 -0.05064079537987709
1790642412661094356 0.0 0.0 -0.05068046972155571
1790642412681246010 0.0 0.0 -0.05066559091210365
1790642412701573990 0.0 0.0 -0.05066612362861633
1790642412721340958 0.0 0.0 -0.05064862221479416
1790642412741197977 0.0 0.0 -0.050627801567316055
1790642412761392928 0.0 0.0 -0.050647784024477005
1790642412781560679 0.0 0.0 -0.05067462474107742
1790642412803439116 0.0 0.0 -0.05066191032528877
1790642412823670197 0.0 0.0 -0.05065891891717911
1790642412843655893 0.0 0.0 -0.050656694918870926
1790642412863488591 0.0 0.0 -0.050682030618190765
1790642412883603668 0.0 0.0 -0.05067388713359833
1790642412903488048 0.0 0.0 -0.05065132677555084
1790642412923625589 0.0 0.0 -0.05064764991402626
1790642412943751354 0.0 0.0 -0.05064760893583298
1790642412967610633 0.0 0.0 -0.05071062594652176
1790642412988003447 0.0 0.0 -0.050722885876894
1790642413007762447 0.0 0.0 -0.05069095641374588
1790642413027823793 0.0 0.0 -0.05068462714552879
1790642413048199616 0.0 0.0 -0.050718046724796295
1790642413067794609 0.0 0.0 -0.05071939155459404
1790642413088566478 0.0 0.0 -0.050742007791996
1790642413110194954 0.0 0.0 -0.05069652572274208
1790642413130178570 0.0 0.0 -0.05068661645054817
1790642413152250806 0.0 0.0 -0.05071578919887543
1790642413171937291 0.0 0.0 -0.0507076196372509
1790642413194304611 0.0 0.0 -0.050736214965581894
1790642413214353957 0.0 0.0 -0.050726521760225296
1790642413237422838 0.0 0.0 -0.05070365220308304
1790642413254413768 0.0 0.0 -0.05070768669247627
1790642413274580750 0.0 0.0 -0.05070934444665909
1790642413294416552 0.0 0.0 -0.05071459710597992
1790642413314247491 0.0 0.0 -0.05070839077234268
1790642413340051641 0.0 0.0 -0.050679899752140045
1790642413354464043 0.0 0.0 -0.05066915228962898
1790642413374334727 0.0 0.0 -0.050688229501247406
1790642413395161541 0.0 0.0 -0.05067652091383934
1790642413414789656 0.0 0.0 -0.050671909004449844
1790642413434504206 0.0 0.0 -0.05065469816327095
1790642413454579729 0.0 0.0 -0.05065108835697174
1790642413474693718 0.0 0.0 -0.05067000910639763
1790642413495007009 0.0 0.0 -0.0506678968667984
1790642413514599059 0.0 0.0 -0.05065279081463814
1790642413534737816 0.0 0.0 -0.05064648762345314
1790642413554985762 0.0 0.0 -0.05064958706498146
1790642413574985762 0.0 0.0 -0.05068105086684227
1790642413595120967 0.0 0.0 -0.05068299174308777
1790642413614957314 0.0 0.0 -0.05067501589655876
1790642413634811133 0.0 0.0 -0.050646182149648666
1790642413656965068 0.0 0.0 -0.05066271126270294
1790642413674897344 0.0 0.0 -0.05068369582295418
1790642413694936994 0.0 0.0 -0.050685543566942215
1790642413714968804 0.0 0.0 -0.0506913922727108
1790642413735071592 0.0 0.0 -0.050677426159381866
1790642413755145195 0.0 0.0 -0.050678838044404984
1790642413775131275 0.0 0.0 -0.05070018395781517
1790642413795539610 0.0 0.0 -0.05070735514163971
1790642413815373844 0.0 0.0 -0.0507073849439621
1790642413835253744 0.0 0.0 -0.05071626976132393
1790642413855475513 0.0 0.0 -0.050724126398563385
1790642413875209231 0.0 0.0 -0.050750941038131714
1790642413895865128 0.0 0.0 -0.050756994634866714
1790642413915425496 0.0 0.0 -0.05071941018104553
1790642413935374614 0.0 0.0 -0.05070167034864426
1790642413955411640 0.0 0.0 -0.05069500580430031
1790642413975506012 0.0 0.0 -0.05068185180425644
1790642413995410040 0.0 0.0 -0.05069652199745178
1790642414015570783 0.0 0.0 -0.05067884549498558
1790642414035606464 0.0 0.0 -0.05066318064928055
1790642414057790769 0.0 0.0 -0.05065818130970001
1790642414077616203 0.0 0.0 -0.05067330226302147
1790642414099744026 0.0 0.0 -0.050658226013183594
1790642414119666775 0.0 0.0 -0.05066697299480438
1790642414139923201 0.0 0.0 -0.05067554488778114
1790642414159755579 0.0 0.0 -0.05069044977426529
1790642414181306645 0.0 0.0 -0.050691526383161545
1790642414199716282 0.0 0.0 -0.050670262426137924
1790642414219899681 0.0 0.0 -0.050671905279159546
1790642414239881121 0.0 0.0 -0.0506645068526268
1790642414260005990 0.0 0.0 -0.050656866282224655
1790642414280057032 0.0 0.0 -0.05065298452973366
1790642414300043240 0.0 0.0 -0.05066227540373802
1790642414322283323 0.0 0.0 -0.05066802725195885
1790642414339984742 0.0 0.0 -0.05068115517497063
1790642414360264625 0.0 0.0 -0.05068965256214142
1790642414380342292 0.0 0.0 -0.050669051706790924
1790642414400139885 0.0 0.0 -0.05069369450211525
1790642414420197424 0.0 0.0 -0.050698697566986084
1790642414440327541 0.0 0.0 -0.05068640783429146
1790642414462942773 0.0 0.0 -0.05067918822169304
1790642414480530653 0.0 0.0 -0.05072074756026268
1790642414500544286 0.0 0.0 -0.05072871595621109
1790642414521047761 0.0 0.0 -0.05072746053338051
1790642414540388121 0.0 0.0 -0.05073567107319832
1790642414560419226 0.0 0.0 -0.0507388599216938
1790642414583928764 0.0 0.0 -0.05076800286769867
1790642414600488957 0.0 0.0 -0.05075084790587425
1790642414620838314 0.0 0.0 -0.05072898790240288
1790642414640547936 0.0 0.0 -0.050683729350566864
1790642414660598434 0.0 0.0 -0.05065957084298134
1790642414681951124 0.0 0.0 -0.05064251273870468
1790642414700704679 0.0 0.0 -0.050625354051589966
1790642414721181817 0.0 0.0 -0.050651323050260544
1790642414740844973 0.0 0.0 -0.050653453916311264
1790642414760913296 0.0 0.0 -0.05066584795713425
1790642414780979250 0.0 0.0 -0.050695374608039856
1790642414800829101 0.0 0.0 -0.05071338638663292
1790642414821122424 0.0 0.0 -0.05075233429670334
1790642414840997396 0.0 0.0 -0.05078330263495445
1790642414860976916 0.0 0.0 -0.05076375603675842
1790642414883257224 0.0 0.0 -0.050762660801410675
1790642414906153683 0.0 0.0 -0.05075487121939659
1790642414923273129 0.0 0.0 -0.05074041336774826
1790642414943463984 0.0 0.0 -0.050722405314445496
1790642414963336940 0.0 0.0 -0.05071656405925751
1790642414983186375 0.0 0.0 -0.05069371685385704
1790642415003433168 0.0 0.0 -0.050723783671855927
1790642415023253162 0.0 0.0 -0.050706855952739716
1790642415043214217 0.0 0.0 -0.05069378390908241
1790642415067410116 0.0 0.0 -0.05068780854344368
1790642415083502324 0.0 0.0 -0.05069105699658394
1790642415105376825 0.0 0.0 -0.050719600170850754
1790642415125438300 0.0 0.0 -0.05073539912700653
1790642415145507327 0.0 0.0 -0.05073542892932892
1790642415165540992 0.0 0.0 -0.05074448138475418
1790642415185478719 0.0 0.0 -0.050742220133543015
1790642415205642021 0.0 0.0 -0.05072413384914398
1790642415225842413 0.0 0.0 -0.05072423443198204
1790642415245574851 0.0 0.0 -0.05075404793024063
1790642415265626213 0.0 0.0 -0.05073647201061249
1790642415285666375 0.0 0.0 -0.050721872597932816
1790642415305806989 0.0 0.0 -0.05074794590473175
1790642415325943506 0.0 0.0 -0.05075571686029434
1790642415346293951 0.0 0.0 -0.05077182129025459
1790642415365955187 0.0 0.0 -0.05075050890445709
1790642415386010453 0.0 0.0 -0.050744879990816116
1790642415405869521 0.0 0.0 -0.05075849965214729
1790642415426266175 0.0 0.0 -0.05074545368552208
1790642415448023008 0.0 0.0 -0.050744373351335526
1790642415466068281 0.0 0.0 -0.05074743926525116
1790642415486089050 0.0 0.0 -0.05077068880200386
1790642415506191262 0.0 0.0 -0.05073976144194603
1790642415526147805 0.0 0.0 -0.05073898658156395
1790642415546168126 0.0 0.0 -0.05075566843152046
1790642415566077787 0.0 0.0 -0.05076543986797333
1790642415586569741 0.0 0.0 -0.05074804276227951
1790642415606320260 0.0 0.0 -0.05076011270284653
1790642415626656273 0.0 0.0 -0.050773248076438904
1790642415646472843 0.0 0.0 -0.05075438693165779
1790642415666747061 0.0 0.0 -0.05076155811548233
1790642415728817218 0.0 0.0 -0.05078034847974777
1790642415943511235 0.0 0.0 -0.05076266825199127
1790642415989688295 0.0 0.0 -0.05079389736056328
1790642416031598734 0.0 0.0 -0.05077417194843292
1790642416138932413 0.0 0.0 -0.050790801644325256
1790642416221595745 0.0 0.0 -0.05075614154338837
1790642416277547501 0.0 0.0 -0.05070876702666283
1790642416303735185 0.0 0.0 -0.05072090029716492
1790642416324407178 0.0 0.0 -0.05071243271231651
1790642416349758191 0.0 0.0 -0.05072004348039627
1790642416370640688 0.0 0.0 -0.05070381611585617
1790642416418574613 0.0 0.0 -0.05070144310593605
1790642416449634252 0.0 0.0 -0.050703901797533035
1790642416470891643 0.0 0.0 -0.0506855770945549
1790642416488258234 0.0 0.0 -0.05066986382007599
1790642416508067283 0.0 0.0 -0.050689224153757095
1790642416528239130 0.0 0.0 -0.050702132284641266
1790642416552521496 0.0 0.0 -0.05068545788526535
1790642416570206275 0.0 0.0 -0.050674665719270706
1790642416590578193 0.0 0.0 -0.05069376528263092
1790642416610199524 0.0 0.0 -0.05066607892513275
1790642416631681498 0.0 0.0 -0.05067512020468712
1790642416653405850 0.0 0.0 -0.05067241191864014
1790642416677105603 0.0 0.0 -0.05063895508646965
1790642416699310996 0.0 0.0 -0.050685010850429535
1790642416722037273 0.0 0.0 -0.050703320652246475
1790642416753173779 0.0 0.0 -0.05067146569490433
1790642416775227071 0.0 0.0 -0.050677888095378876
1790642416795819989 0.0 0.0 -0.050662849098443985
1790642416815896249 0.0 0.0 -0.05066635087132454
1790642416835783253 0.0 0.0 -0.050638142973184586
1790642416858897768 0.0 0.0 -0.05065594241023064
1790642416876799867 0.0 0.0 -0.05065236985683441
1790642416894946871 0.0 0.0 -0.05067667365074158
1790642416915177920 0.0 0.0 -0.050690557807683945
1790642416936954626 0.0 0.0 -0.05067087709903717
1790642416956563027 0.0 0.0 -0.05066373199224472
1790642416980015795 0.0 0.0 -0.05063852667808533
1790642417002445517 0.0 0.0 -0.05062875151634216
1790642417016950243 0.0 0.0 -0.05065523833036423
1790642417037200620 0.0 0.0 -0.050669435411691666
1790642417057839972 0.0 0.0 -0.050643280148506165
1790642417077065800 0.0 0.0 -0.05062950775027275
1790642417097086377 0.0 0.0 -0.05064122751355171
1790642417117683935 0.0 0.0 -0.05064539611339569
1790642417137351827 0.0 0.0 -0.050658583641052246
1790642417157091978 0.0 0.0 -0.050638552755117416
1790642417179991861 0.0 0.0 -0.05062422156333923
1790642417199638217 0.0 0.0 -0.05061963200569153
1790642417219395232 0.0 0.0 -0.05061382055282593
1790642417239234138 0.0 0.0 -0.050609540194272995
1790642417260096282 0.0 0.0 -0.05060722678899765
1790642417279855154 0.0 0.0 -0.050610706210136414
1790642417302223817 0.0 0.0 -0.05060553178191185
1790642417319385857 0.0 0.0 -0.050602059811353683
1790642417339427491 0.0 0.0 -0.05059143900871277
1790642417359432228 0.0 0.0 -0.050601325929164886
1790642417379691534 0.0 0.0 -0.05059395730495453
1790642417399308384 0.0 0.0 -0.050585612654685974
1790642417419412164 0.0 0.0 -0.05056733265519142
1790642417439396036 0.0 0.0 -0.05056241154670715
1790642417460161504 0.0 0.0 -0.05055287107825279
1790642417479655534 0.0 0.0 -0.050561804324388504
1790642417499485192 0.0 0.0 -0.050557635724544525
1790642417519655598 0.0 0.0 -0.050552256405353546
1790642417539675696 0.0 0.0 -0.05056626349687576
1790642417559754899 0.0 0.0 -0.05057930201292038
1790642417579867671 0.0 0.0 -0.05055161938071251
1790642417599682065 0.0 0.0 -0.05055631697177887
1790642417619828887 0.0 0.0 -0.05054349824786186
1790642417639918362 0.0 0.0 -0.05052993819117546
1790642417760059905 0.0 0.0 -0.050544947385787964
1790642417768863845 0.0 0.0 -0.05049194023013115
1790642417890509572 0.0 0.0 -0.05051048845052719
1790642417942856523 0.0 0.0 -0.05050528421998024
1790642417951602701 0.0 0.0 -0.05051679164171219
1790642417971869111 0.0 0.0 -0.050524670630693436
1790642417991599630 0.0 0.0 -0.0505041629076004
1790642418010139288 0.0 0.0 -0.05053890123963356
1790642418030403202 0.0 0.0 -0.05052430182695389
1790642418050270590 0.0 0.0 -0.05051812157034874
1790642418070195163 0.0 0.0 -0.05051470920443535
1790642418091257123 0.0 0.0 -0.05051803961396217
1790642418111463403 0.0 0.0 -0.05053659528493881
1790642418130352162 0.0 0.0 -0.05053582042455673
1790642418150397348 0.0 0.0 -0.05051688104867935
1790642418170627821 0.0 0.0 -0.05052832514047623
1790642418190421734 0.0 0.0 -0.05053442716598511
1790642418210572076 0.0 0.0 -0.05053231492638588
1790642418230611693 0.0 0.0 -0.05056344345211983
1790642418251669973 0.0 0.0 -0.05056343227624893
1790642418270613870 0.0 0.0 -0.05056343227624893
1790642418290622991 0.0 0.0 -0.05056344345211983
1790642418310638256 0.0 0.0 -0.05056343227624893
1790642418331359146 0.0 0.0 -0.05056343227624893
1790642418350532748 0.0 0.0 -0.050588808953762054
1790642418370761077 0.0 0.0 -0.0505555085837841
1790642418390587119 0.0 0.0 -0.050577182322740555
1790642418411709145 0.0 0.0 -0.05058685690164566
1790642418430896731 0.0 0.0 -0.05058732256293297
1790642418450857402 0.0 0.0 -0.05060723423957825
1790642418470701173 0.0 0.0 -0.050565704703330994
1790642418490742806 0.0 0.0 -0.050537239760160446
1790642418510818938 0.0 0.0 -0.05048808455467224
1790642418531387311 0.0 0.0 -0.05046817287802696
1790642418551028930 0.0 0.0 -0.05045367032289505
1790642418571054403 0.0 0.0 -0.05042528733611107
1790642418591221226 0.0 0.0 -0.05045849457383156
1790642418611011906 0.0 0.0 -0.05046776682138443
1790642418631135655 0.0 0.0 -0.05047636106610298
1790642418651038180 0.0 0.0 -0.05054363235831261
1790642418673112241 0.0 0.0 -0.05057167634367943
1790642418694671274 0.0 0.0 -0.05057621747255325
1790642418714083061 0.0 0.0 -0.05057944357395172
1790642418733442302 0.0 0.0 -0.05057918280363083
1790642418753508961 0.0 0.0 -0.05058041214942932
1790642418773344283 0.0 0.0 -0.05059197545051575
1790642418793550755 0.0 0.0 -0.0505695566534996
1790642418813347708 0.0 0.0 -0.050556592643260956
1790642418833439071 0.0 0.0 -0.050538260489702225
1790642418853573893 0.0 0.0 -0.05051852762699127
1790642418873400286 0.0 0.0 -0.05050000920891762
1790642418895353863 0.0 0.0 -0.05052132532000542
1790642418913665129 0.0 0.0 -0.05051939934492111
1790642418933563493 0.0 0.0 -0.05050905793905258
1790642418954741041 0.0 0.0 -0.05051475390791893
1790642418973627368 0.0 0.0 -0.05054742097854614
1790642418993639945 0.0 0.0 -0.05054756999015808
1790642419013669419 0.0 0.0 -0.05055910721421242
1790642419034404806 0.0 0.0 -0.0505409874022007
1790642419053861426 0.0 0.0 -0.05053366348147392
1790642419073776656 0.0 0.0 -0.05053238570690155
1790642419096003138 0.0 0.0 -0.050518523901700974
1790642419113993304 0.0 0.0 -0.050555117428302765
1790642419133858324 0.0 0.0 -0.050538431853055954
1790642419153955384 0.0 0.0 -0.0505080483853817
1790642419174082653 0.0 0.0 -0.05051087960600853
1790642419193949816 0.0 0.0 -0.05048145726323128
1790642419214052636 0.0 0.0 -0.05050736293196678
1790642419234167297 0.0 0.0 -0.0505402609705925
1790642419254219171 0.0 0.0 -0.05050766468048096
1790642419274154913 0.0 0.0 -0.05050619691610336
1790642419294247237 0.0 0.0 -0.05049872398376465
1790642419314214468 0.0 0.0 -0.050508007407188416
1790642419334284263 0.0 0.0 -0.05054858326911926
1790642419358390494 0.0 0.0 -0.05052357539534569
1790642419376329235 0.0 0.0 -0.05050014331936836
1790642419396318866 0.0 0.0 -0.050513289868831635
1790642419416324691 0.0 0.0 -0.05049842968583107
1790642419436557180 0.0 0.0 -0.05052289739251137
1790642419456444664 0.0 0.0 -0.05052652582526207
1790642419476709314 0.0 0.0 -0.050522249191999435
1790642419496629152 0.0 0.0 -0.050521332770586014
1790642419516843368 0.0 0.0 -0.050508975982666016
1790642419536747493 0.0 0.0 -0.05051461607217789
1790642419556595615 0.0 0.0 -0.05050012469291687
1790642419576675395 0.0 0.0 -0.05049731954932213
1790642419597418526 0.0 0.0 -0.050505902618169785
1790642419616885291 0.0 0.0 -0.05050840601325035
1790642419636849770 0.0 0.0 -0.05050960183143616
1790642419656841418 0.0 0.0 -0.05052363872528076
1790642419676981487 0.0 0.0 -0.05052124336361885
1790642419696827242 0.0 0.0 -0.05049854889512062
1790642419717013297 0.0 0.0 -0.05050966888666153
1790642419736961904 0.0 0.0 -0.05050881579518318
1790642419757028883 0.0 0.0 -0.050491079688072205
1790642419777072596 0.0 0.0 -0.050503890961408615
1790642419797172600 0.0 0.0 -0.05049258470535278
1790642419817479428 0.0 0.0 -0.05051220953464508
1790642419837325695 0.0 0.0 -0.050519611686468124
1790642419857851634 0.0 0.0 -0.050496723502874374
1790642419877290462 0.0 0.0 -0.05049717426300049
1790642419897613066 0.0 0.0 -0.050501588732004166
1790642419917307903 0.0 0.0 -0.05048363655805588
1790642419937518343 0.0 0.0 -0.050513796508312225
1790642419957554057 0.0 0.0 -0.05050923675298691
1790642419977304928 0.0 0.0 -0.05048176646232605
1790642419997584203 0.0 0.0 -0.05049685388803482
1790642420017653102 0.0 0.0 -0.0504833348095417
1790642420037503977 0.0 0.0 -0.0504753515124321
1790642420057478536 0.0 0.0 -0.05049848183989525
1790642420077522698 0.0 0.0 -0.05046810582280159
1790642420097563276 0.0 0.0 -0.050464335829019547
1790642420122020784 0.0 0.0 -0.05048680678009987
1790642420139983686 0.0 0.0 -0.05046985670924187
1790642420159798783 0.0 0.0 -0.05049978196620941
1790642420179784415 0.0 0.0 -0.05049699917435646
1790642420199733373 0.0 0.0 -0.050475746393203735
1790642420219869123 0.0 0.0 -0.05048416182398796
1790642420239807489 0.0 0.0 -0.050493210554122925
1790642420266012805 0.0 0.0 -0.0504990816116333
1790642420286267887 0.0 0.0 -0.05050194635987282
1790642420305889922 0.0 0.0 -0.05050807446241379
1790642420326035207 0.0 0.0 -0.05050436407327652
1790642420346012551 0.0 0.0 -0.050518132746219635
1790642420366208686 0.0 0.0 -0.050513558089733124
1790642420386542843 0.0 0.0 -0.05050896480679512
1790642420406086058 0.0 0.0 -0.05049571022391319
1790642420426164654 0.0 0.0 -0.05047018826007843
1790642420446141901 0.0 0.0 -0.05046452581882477
1790642420466371414 0.0 0.0 -0.05046617612242699
1790642420486685826 0.0 0.0 -0.05044848099350929
1790642420506436729 0.0 0.0 -0.05046059191226959
1790642420526514300 0.0 0.0 -0.05046806111931801
1790642420546423609 0.0 0.0 -0.05044352263212204
1790642420567451583 0.0 0.0 -0.05047237500548363
1790642420586317270 0.0 0.0 -0.05048482492566109
1790642420606529054 0.0 0.0 -0.050490763038396835
1790642420626398362 0.0 0.0 -0.05049341544508934
1790642420649569551 0.0 0.0 -0.05046820640563965
1790642420666675588 0.0 0.0 -0.05046926438808441
1790642420687061619 0.0 0.0 -0.05049284175038338
1790642420706568865 0.0 0.0 -0.050498515367507935
1790642420726618083 0.0 0.0 -0.05049056559801102
1790642420746653477 0.0 0.0 -0.050487220287323
1790642420767479748 0.0 0.0 -0.050450365990400314
1790642420786891694 0.0 0.0 -0.0504700243473053
1790642420806733385 0.0 0.0 -0.050491880625486374
1790642420826938417 0.0 0.0 -0.05047496035695076
1790642420873337309 0.0 0.0 -0.050444163382053375
1790642420893160471 0.0 0.0 -0.05047408118844032
1790642420913048787 0.0 0.0 -0.050517626106739044
1790642420933507108 0.0 0.0 -0.05047018453478813
1790642420953261371 0.0 0.0 -0.05047014355659485
1790642420973279900 0.0 0.0 -0.050466809421777725
1790642420993109207 0.0 0.0 -0.05047944560647011
1790642421013087926 0.0 0.0 -0.050477005541324615
1790642421033164569 0.0 0.0 -0.05049127712845802
1790642421053244956 0.0 0.0 -0.05047961324453354
1790642421073182939 0.0 0.0 -0.05046134442090988
1790642421093229181 0.0 0.0 -0.050476688891649246
1790642421113475078 0.0 0.0 -0.05047367140650749
1790642421133447525 0.0 0.0 -0.05046411603689194
1790642421153520840 0.0 0.0 -0.05045754462480545
1790642421177369718 0.0 0.0 -0.050431445240974426
1790642421198910255 0.0 0.0 -0.050447117537260056
1790642421217649441 0.0 0.0 -0.05047951638698578
1790642421237620737 0.0 0.0 -0.05047839507460594
1790642421257796903 0.0 0.0 -0.050459690392017365
1790642421277915692 0.0 0.0 -0.050444476306438446
1790642421297824585 0.0 0.0 -0.05046750605106354
1790642421317815081 0.0 0.0 -0.05048714205622673
1790642421337812841 0.0 0.0 -0.050486743450164795
1790642421357777224 0.0 0.0 -0.05048581212759018
1790642421377989040 0.0 0.0 -0.05047581344842911
1790642421402020677 0.0 0.0 -0.05046914517879486
1790642421418141015 0.0 0.0 -0.050510600209236145
1790642421438299005 0.0 0.0 -0.050530772656202316
1790642421457910447 0.0 0.0 -0.05052923783659935
1790642421478099638 0.0 0.0 -0.05050933361053467
1790642421497928112 0.0 0.0 -0.05052483454346657
1790642421518075542 0.0 0.0 -0.05053677037358284
1790642421538255293 0.0 0.0 -0.05054865777492523
1790642421558349633 0.0 0.0 -0.050519973039627075
1790642421578527848 0.0 0.0 -0.05051350221037865
1790642421598251262 0.0 0.0 -0.0505296029150486
1790642421618415460 0.0 0.0 -0.050537023693323135
1790642421638167163 0.0 0.0 -0.05054222419857979
1790642421658521641 0.0 0.0 -0.05052637681365013
1790642421678424645 0.0 0.0 -0.05053193122148514
1790642421698262176 0.0 0.0 -0.05051521956920624
1790642421718374852 0.0 0.0 -0.05051263049244881
1790642421738746994 0.0 0.0 -0.05051262676715851
1790642421758615854 0.0 0.0 -0.05051263049244881
1790642421778563596 0.0 0.0 -0.05051263049244881
1790642421798584109 0.0 0.0 -0.05051262304186821
1790642421818963387 0.0 0.0 -0.05051262676715851
1790642421839997154 0.0 0.0 -0.050512634217739105
1790642421889046928 0.0 0.0 -0.05051263049244881
1790642421909010479 0.0 0.0 -0.050512637943029404
1790642421928963661 0.0 0.0 -0.050512634217739105
1790642421948689476 0.0 0.0 -0.050512634217739105
1790642421968740326 0.0 0.0 -0.050512634217739105
1790642421989056882 0.0 0.0 -0.050512634217739105
1790642422009383710 0.0 0.0 -0.050512634217739105
1790642422028836874 0.0 0.0 -0.050512634217739105
1790642422049263386 0.0 0.0 -0.0505126416683197
1790642422069016850 0.0 0.0 -0.05051262304186821
1790642422088922766 0.0 0.0 -0.050512634217739105
1790642422109065972 0.0 0.0 -0.05051263049244881
1790642422129545862 0.0 0.0 -0.05051262676715851
1790642422149454435 0.0 0.0 -0.05051262304186821
1790642422170444136 0.0 0.0 -0.05051262676715851
1790642422190108668 0.0 0.0 -0.050512634217739105
1790642422209394498 0.0 0.0 -0.050512634217739105
1790642422229197243 0.0 0.0 -0.05051263049244881
1790642422249229724 0.0 0.0 -0.050512637943029404
1790642422269797234 0.0 0.0 -0.050512634217739105
1790642422289575978 0.0 0.0 -0.05051264539361
1790642422309717839 0.0 0.0 -0.05051264539361
1790642422329911063 0.0 0.0 -0.050512637943029404
1790642422349591499 0.0 0.0 -0.05051264539361
1790642422369562283 0.0 0.0 -0.05051264539361
1790642422389881719 0.0 0.0 -0.05051264539361
1790642422409504009 0.0 0.0 -0.0505126491189003
1790642422430002044 0.0 0.0 -0.05051264539361
1790642422449763283 0.0 0.0 -0.0505126491189003
1790642422469730802 0.0 0.0 -0.0505126491189003
1790642422489851863 0.0 0.0 -0.05051264539361
1790642422509727443 0.0 0.0 -0.05051264539361
1790642422529907322 0.0 0.0 -0.050512634217739105
1790642422553960879 0.0 0.0 -0.0505126416683197
1790642422569863993 0.0 0.0 -0.05051264539361
1790642422592339508 0.0 0.0 -0.0505126491189003
1790642422612951819 0.0 0.0 -0.05051266402006149
1790642422632110989 0.0 0.0 -0.05051266774535179
1790642422652024906 0.0 0.0 -0.050512660294771194
1790642422672376215 0.0 0.0 -0.05051266774535179
1790642422692172912 0.0 0.0 -0.05051266402006149
1790642422712196305 0.0 0.0 -0.05051266402006149
1790642422732211570 0.0 0.0 -0.050512656569480896
1790642422752286805 0.0 0.0 -0.050512660294771194
1790642422772171633 0.0 0.0 -0.050512660294771194
1790642422792150097 0.0 0.0 -0.0505126491189003
1790642422812658436 0.0 0.0 -0.050512660294771194
1790642422836234312 0.0 0.0 -0.05051266774535179
1790642422872175859 0.0 0.0 -0.05051266402006149
1790642422900535975 0.0 0.0 -0.050512660294771194
1790642422920471525 0.0 0.0 -0.05051267147064209
1790642422940517543 0.0 0.0 -0.05051266402006149
1790642422960726863 0.0 0.0 -0.05051267147064209
1790642422980651085 0.0 0.0 -0.050512660294771194
1790642423000627724 0.0 0.0 -0.05051266402006149
1790642423020778162 0.0 0.0 -0.050512660294771194
1790642423040682511 0.0 0.0 -0.050512660294771194
1790642423060790355 0.0 0.0 -0.0505126491189003
1790642423080879735 0.0 0.0 -0.0505126491189003
1790642423100788020 0.0 0.0 -0.0505126491189003
1790642423121825210 0.0 0.0 -0.0505126491189003
1790642423140973691 0.0 0.0 -0.0505126491189003
1790642423160966491 0.0 0.0 -0.0505126491189003
1790642423181187524 0.0 0.0 -0.0505126491189003
1790642423200956636 0.0 0.0 -0.050512656569480896
1790642423221034303 0.0 0.0 -0.050512656569480896
1790642423241090465 0.0 0.0 -0.050512656569480896
1790642423261182501 0.0 0.0 -0.0505126491189003
1790642423281056256 0.0 0.0 -0.050512660294771194
1790642423301197830 0.0 0.0 -0.0505126491189003
1790642423321346956 0.0 0.0 -0.05051266774535179
1790642423341188934 0.0 0.0 -0.0505126491189003
1790642423361152677 0.0 0.0 -0.050512660294771194
1790642423381428752 0.0 0.0 -0.050512656569480896
1790642423401418160 0.0 0.0 -0.050512660294771194
1790642423421323117 0.0 0.0 -0.050512660294771194
1790642423441309004 0.0 0.0 -0.050512660294771194
1790642423461436529 0.0 0.0 -0.05051266402006149
1790642423481411313 0.0 0.0 -0.05053814873099327
1790642423501403665 0.0 0.0 -0.05053814500570297
1790642423521983047 0.0 0.0 -0.05053814873099327
1790642423541839906 0.0 0.0 -0.05053813382983208
1790642423561903396 0.0 0.0 -0.05053815618157387
1790642423581495990 0.0 0.0 -0.05053814500570297
1790642423603119154 0.0 0.0 -0.05053814500570297
1790642423621839747 0.0 0.0 -0.05053814873099327
1790642423641841219 0.0 0.0 -0.05053814500570297
1790642423661872773 0.0 0.0 -0.05053814500570297
1790642423682269076 0.0 0.0 -0.05053814500570297
1790642423702283253 0.0 0.0 -0.05053814873099327
1790642423722066413 0.0 0.0 -0.050538141280412674
1790642423741829380 0.0 0.0 -0.05053814873099327
1790642423761961642 0.0 0.0 -0.05053814873099327
1790642423782156721 0.0 0.0 -0.05053814500570297
1790642423802178418 0.0 0.0 -0.050538163632154465
1790642423822255893 0.0 0.0 -0.050538163632154465
1790642423848827688 0.0 0.0 -0.05053817108273506
1790642423888079149 0.0 0.0 -0.050538163632154465
1790642423908477660 0.0 0.0 -0.050538163632154465
1790642423928197746 0.0 0.0 -0.05053814873099327
1790642423948356536 0.0 0.0 -0.05053815618157387
1790642423968306519 0.0 0.0 -0.050538159906864166
1790642423988324536 0.0 0.0 -0.05053814500570297
1790642424008679941 0.0 0.0 -0.05053815618157387
1790642424028307128 0.0 0.0 -0.05053815618157387
1790642424048558913 0.0 0.0 -0.050538159906864166
1790642424068484095 0.0 0.0 -0.05053815618157387
1790642424088817195 0.0 0.0 -0.050538163632154465
1790642424108563074 0.0 0.0 -0.050538159906864166
1790642424128606756 0.0 0.0 -0.05053816735744476
1790642424148702184 0.0 0.0 -0.050538163632154465
1790642424168657991 0.0 0.0 -0.05053817480802536
1790642424188648231 0.0 0.0 -0.05053817853331566
1790642424209111224 0.0 0.0 -0.05053819343447685
1790642424228739819 0.0 0.0 -0.050538189709186554
1790642424248904785 0.0 0.0 -0.050538189709186554
1790642424268971636 0.0 0.0 -0.050538189709186554
1790642424294942512 0.0 0.0 -0.05053818225860596
1790642424315151800 0.0 0.0 -0.050538189709186554
1790642424334901231 0.0 0.0 -0.050538189709186554
1790642424355353440 0.0 0.0 -0.05053818225860596
1790642424374939921 0.0 0.0 -0.05053817108273506
1790642424394954770 0.0 0.0 -0.05053817108273506
1790642424419299410 0.0 0.0 -0.05053817108273506
1790642424439196559 0.0 0.0 -0.05053817480802536
1790642424458979943 0.0 0.0 -0.05053817108273506
1790642424479029930 0.0 0.0 -0.05053817480802536
1790642424499230673 0.0 0.0 -0.05053817853331566
1790642424519307924 0.0 0.0 -0.05053817853331566
1790642424539215921 0.0 0.0 -0.05053818225860596
1790642424559424185 0.0 0.0 -0.05053818225860596
1790642424579581343 0.0 0.0 -0.050538189709186554
1790642424599341783 0.0 0.0 -0.050538189709186554
1790642424619508989 0.0 0.0 -0.05053818225860596
1790642424639583713 0.0 0.0 -0.05053817853331566
1790642424659366809 0.0 0.0 -0.05053817853331566
1790642424679800265 0.0 0.0 -0.05053816735744476
1790642424699492414 0.0 0.0 -0.05053817480802536
1790642424719821035 0.0 0.0 -0.05053819715976715
1790642424739668645 0.0 0.0 -0.050538189709186554
1790642424759658213 0.0 0.0 -0.05053820088505745
1790642424779629989 0.0 0.0 -0.05053819343447685
1790642424799629765 0.0 0.0 -0.05053820088505745
1790642424819857582 0.0 0.0 -0.05053819715976715
1790642424839946769 0.0 0.0 -0.05053820461034775
1790642424889976963 0.0 0.0 -0.05053820088505745
1790642424909793725 0.0 0.0 -0.05053820461034775
1790642424929996709 0.0 0.0 -0.05053820088505745
1790642424950140618 0.0 0.0 -0.050538189709186554
1790642424969815519 0.0 0.0 -0.05053818225860596
1790642424992379293 0.0 0.0 -0.05053817853331566
1790642425010003942 0.0 0.0 -0.050538189709186554
1790642425030017415 0.0 0.0 -0.05053818225860596
1790642425051669604 0.0 0.0 -0.05053818225860596
1790642425070065865 0.0 0.0 -0.050538189709186554
1790642425090240336 0.0 0.0 -0.050538189709186554
1790642425110089515 0.0 0.0 -0.05053819715976715
1790642425130311123 0.0 0.0 -0.05053819715976715
1790642425150170927 0.0 0.0 -0.05053819715976715
1790642425170336117 0.0 0.0 -0.05053818225860596
1790642425190275187 0.0 0.0 -0.050538189709186554
1790642425210404408 0.0 0.0 -0.050538189709186554
1790642425230329430 0.0 0.0 -0.050505153834819794
1790642425250618433 0.0 0.0 -0.05050516128540039
1790642425270350871 0.0 0.0 -0.05050515756011009
1790642425290439195 0.0 0.0 -0.05050516501069069
1790642425311126996 0.0 0.0 -0.05050516128540039
1790642425332715343 0.0 0.0 -0.05050515756011009
1790642425352765585 0.0 0.0 -0.05050516501069069
1790642425372739729 0.0 0.0 -0.050505153834819794
1790642425392954009 0.0 0.0 -0.0505051463842392
1790642425412754994 0.0 0.0 -0.0505051426589489
1790642425432661743 0.0 0.0 -0.0505051426589489
1790642425454711643 0.0 0.0 -0.0505051426589489
1790642425472872023 0.0 0.0 -0.0505051426589489
1790642425495671775 0.0 0.0 -0.0505051426589489
1790642425515102378 0.0 0.0 -0.050505153834819794
1790642425535017479 0.0 0.0 -0.0505051463842392
1790642425556723590 0.0 0.0 -0.0505051389336586
1790642425575060777 0.0 0.0 -0.0505051389336586
1790642425595128396 0.0 0.0 -0.05052158981561661
1790642425615256657 0.0 0.0 -0.05052934214472771
1790642425635143629 0.0 0.0 -0.05051996558904648
1790642425655267026 0.0 0.0 -0.05049894377589226
1790642425675254098 0.0 0.0 -0.0505012609064579
1790642425695530877 0.0 0.0 -0.05049767717719078
1790642425715419897 0.0 0.0 -0.05051804333925247
1790642425735362199 0.0 0.0 -0.050501275807619095
1790642425755406489 0.0 0.0 -0.05048256367444992
1790642425775612417 0.0 0.0 -0.050491638481616974
1790642425795771943 0.0 0.0 -0.05046810954809189
1790642425815592769 0.0 0.0 -0.05047910660505295
1790642425839876415 0.0 0.0 -0.05049895867705345
1790642425893543063 0.0 0.0 -0.0505194216966629
1790642425913535383 0.0 0.0 -0.05049813166260719
1790642425933873636 0.0 0.0 -0.050497833639383316
1790642425953756608 0.0 0.0 -0.05050009489059448
1790642425973789793 0.0 0.0 -0.0505099818110466
1790642425994033675 0.0 0.0 -0.05050359293818474
1790642426015056497 0.0 0.0 -0.05051734298467636
1790642426033886118 0.0 0.0 -0.0505119152367115
1790642426054004330 0.0 0.0 -0.05053706094622612
1790642426073921384 0.0 0.0 -0.05052712932229042
1790642426094403546 0.0 0.0 -0.05050627514719963
1790642426113991595 0.0 0.0 -0.05050606653094292
1790642426134005644 0.0 0.0 -0.05052037909626961
1790642426153987147 0.0 0.0 -0.05052344128489494
1790642426189133657 0.0 0.0 -0.050575096160173416
1790642426213578845 0.0 0.0 -0.05050284415483475
1790642426232210955 0.0 0.0 -0.0504850335419178
1790642426252430548 0.0 0.0 -0.05042332410812378
1790642426272146538 0.0 0.0 -0.050399404019117355
1790642426292313584 0.0 0.0 -0.05041876062750816
1790642426312263759 0.0 0.0 -0.05042623355984688
1790642426334501665 0.0 0.0 -0.05043995380401611
1790642426354653895 0.0 0.0 -0.05045432224869728
1790642426374468673 0.0 0.0 -0.05044601857662201
1790642426394509987 0.0 0.0 -0.05050618574023247
1790642426414454177 0.0 0.0 -0.05051109939813614
1790642426434522436 0.0 0.0 -0.050516679883003235
1790642426456649554 0.0 0.0 -0.05051388591527939
1790642426474746093 0.0 0.0 -0.05049329251050949
1790642426495160092 0.0 0.0 -0.05051157996058464
1790642426514727501 0.0 0.0 -0.050482623279094696
1790642426534695244 0.0 0.0 -0.05048000440001488
1790642426554668267 0.0 0.0 -0.05045955255627632
1790642426574733582 0.0 0.0 -0.05044962838292122
1790642426594859987 0.0 0.0 -0.050437718629837036
1790642426617033027 0.0 0.0 -0.050447773188352585
1790642426636933248 0.0 0.0 -0.05046902596950531
1790642426656953537 0.0 0.0 -0.05047725886106491
1790642426676861950 0.0 0.0 -0.05047733709216118
1790642426697116776 0.0 0.0 -0.050482090562582016
1790642426717390066 0.0 0.0 -0.050458237528800964
1790642426737172426 0.0 0.0 -0.05049034580588341
1790642426757107432 0.0 0.0 -0.05047718062996864
1790642426777226349 0.0 0.0 -0.050461918115615845
1790642426797165963 0.0 0.0 -0.05045778304338455
1790642426817292496 0.0 0.0 -0.05046214908361435
1790642426837504696 0.0 0.0 -0.050463877618312836
1790642426881518765 0.0 0.0 -0.05046163499355316
1790642426903339760 0.0 0.0 -0.05045144632458687
1790642426925431677 0.0 0.0 -0.050447672605514526
1790642426945274328 0.0 0.0 -0.05045832321047783
1790642426965340827 0.0 0.0 -0.05046520009636879
1790642426985333339 0.0 0.0 -0.050454024225473404
1790642427005347195 0.0 0.0 -0.05045156925916672
1790642427025388509 0.0 0.0 -0.05044792592525482
1790642427045847951 0.0 0.0 -0.05045868083834648
1790642427065682985 0.0 0.0 -0.050433725118637085
1790642427085709322 0.0 0.0 -0.050416942685842514
1790642427106000533 0.0 0.0 -0.05042773857712746
1790642427125555685 0.0 0.0 -0.050456155091524124
1790642427146210462 0.0 0.0 -0.05045722797513008
1790642427165818415 0.0 0.0 -0.05046338960528374
1790642427186063481 0.0 0.0 -0.05047033727169037
1790642427205902675 0.0 0.0 -0.05046405643224716
1790642427226029752 0.0 0.0 -0.05046535283327103
1790642427247437644 0.0 0.0 -0.05048425868153572
1790642427265903924 0.0 0.0 -0.05049635097384453
1790642427285938550 0.0 0.0 -0.05049295350909233
1790642427305971575 0.0 0.0 -0.05048929154872894
1790642427327822684 0.0 0.0 -0.05048014596104622
1790642427345968568 0.0 0.0 -0.050471603870391846
1790642427366075932 0.0 0.0 -0.050462476909160614
1790642427386192961 0.0 0.0 -0.050465963780879974
1790642427406352615 0.0 0.0 -0.050454746931791306
1790642427428332496 0.0 0.0 -0.05045824497938156
1790642427448591066 0.0 0.0 -0.0504777617752552
1790642427468179083 0.0 0.0 -0.05047024041414261
1790642427488459446 0.0 0.0 -0.050458792597055435
1790642427508517752 0.0 0.0 -0.05046263709664345
1790642427528345202 0.0 0.0 -0.05045722424983978
1790642427556764553 0.0 0.0 -0.05048101767897606
1790642427572693523 0.0 0.0 -0.05046423524618149
1790642427592713300 0.0 0.0 -0.05045580491423607
1790642427612658770 0.0 0.0 -0.05046480894088745
1790642427632484684 0.0 0.0 -0.050464335829019547
1790642427653573973 0.0 0.0 -0.050484634935855865
1790642427672548687 0.0 0.0 -0.05048377066850662
1790642427692816986 0.0 0.0 -0.05048269405961037
1790642427712663444 0.0 0.0 -0.050476111471652985
1790642427732977056 0.0 0.0 -0.05050189793109894
1790642427752878685 0.0 0.0 -0.05049605295062065
1790642427773099685 0.0 0.0 -0.05048859491944313
1790642427792906623 0.0 0.0 -0.05049116536974907
1790642427813253900 0.0 0.0 -0.050477057695388794
1790642427834642431 0.0 0.0 -0.05050292983651161
1790642427887931657 0.0 0.0 -0.05049961432814598
1790642427897525002 0.0 0.0 -0.05049282684922218
1790642427917133052 0.0 0.0 -0.05047472566366196
1790642427937397478 0.0 0.0 -0.050470981746912
1790642427957199935 0.0 0.0 -0.0505041629076004
1790642427977232097 0.0 0.0 -0.05047740787267685
1790642427997235969 0.0 0.0 -0.05044730752706528
1790642428017416104 0.0 0.0 -0.05045764148235321
1790642428037358214 0.0 0.0 -0.05047174170613289
1790642428059505686 0.0 0.0 -0.05049947649240494
1790642428079537111 0.0 0.0 -0.05049590766429901
1790642428099444564 0.0 0.0 -0.050475407391786575
1790642428119464853 0.0 0.0 -0.050455935299396515
1790642428139367698 0.0 0.0 -0.050486061722040176
1790642428159535224 0.0 0.0 -0.050487764179706573
1790642428179572410 0.0 0.0 -0.0504959300160408
1790642428199741377 0.0 0.0 -0.05049630254507065
1790642428219922888 0.0 0.0 -0.05049365758895874
1790642428239899911 0.0 0.0 -0.05048498883843422
1790642428259785347 0.0 0.0 -0.05051024258136749
1790642428279945930 0.0 0.0 -0.05050748959183693
1790642428299877927 0.0 0.0 -0.050478510558605194
1790642428319946346 0.0 0.0 -0.050479646772146225
1790642428339640255 0.0 0.0 -0.05049597844481468
1790642428359710914 0.0 0.0 -0.0505194216966629
1790642428379827175 0.0 0.0 -0.05052577331662178
1790642428406333047 0.0 0.0 -0.05049261078238487
1790642428419925099 0.0 0.0 -0.050494711846113205
1790642428439887338 0.0 0.0 -0.05051030218601227
1790642428460191030 0.0 0.0 -0.050517234951257706
1790642428480206486 0.0 0.0 -0.050515398383140564
1790642428500210647 0.0 0.0 -0.05051235854625702
1790642428520049201 0.0 0.0 -0.05050456151366234
1790642428540212056 0.0 0.0 -0.05049045383930206
1790642428560217592 0.0 0.0 -0.050491176545619965
1790642428583008319 0.0 0.0 -0.05051816254854202
1790642428602349927 0.0 0.0 -0.050505489110946655
1790642428622495885 0.0 0.0 -0.0505138523876667
1790642428642383145 0.0 0.0 -0.0505213588476181
1790642428662351688 0.0 0.0 -0.050528623163700104
1790642428682457357 0.0 0.0 -0.050558414310216904
1790642428702427756 0.0 0.0 -0.050539739429950714
1790642428722565297 0.0 0.0 -0.05051393806934357
1790642428742528528 0.0 0.0 -0.05051394924521446
1790642428762426509 0.0 0.0 -0.050513945519924164
1790642428782620660 0.0 0.0 -0.05051395297050476
1790642428802531377 0.0 0.0 -0.05051393061876297
1790642428823115111 0.0 0.0 -0.05051393061876297
1790642428844937579 0.0 0.0 -0.05051393061876297
1790642428910893863 0.0 0.0 -0.050513919442892075
1790642428930880423 0.0 0.0 -0.05051392316818237
1790642428951038477 0.0 0.0 -0.05051392316818237
1790642428970895752 0.0 0.0 -0.05051392316818237
1790642428991004940 0.0 0.0 -0.050513919442892075
1790642429010875400 0.0 0.0 -0.050513919442892075
1790642429032964661 0.0 0.0 -0.05051391199231148
1790642429053090650 0.0 0.0 -0.050513915717601776
1790642429073039064 0.0 0.0 -0.05051391199231148
1790642429092994263 0.0 0.0 -0.050513915717601776
1790642429113263553 0.0 0.0 -0.05051392316818237
1790642429133062906 0.0 0.0 -0.050513919442892075
1790642429153095196 0.0 0.0 -0.05051392689347267
1790642429173249474 0.0 0.0 -0.050513919442892075
1790642429193193376 0.0 0.0 -0.05051392689347267
1790642429213204929 0.0 0.0 -0.050513919442892075
1790642429233200385 0.0 0.0 -0.05051392689347267
1790642429253288837 0.0 0.0 -0.05051393806934357
1790642429273351463 0.0 0.0 -0.05051393061876297
1790642429293530478 0.0 0.0 -0.05051392316818237
1790642429313482509 0.0 0.0 -0.05051392689347267
1790642429333342088 0.0 0.0 -0.05051392689347267
1790642429353663604 0.0 0.0 -0.05051392689347267
1790642429373570033 0.0 0.0 -0.05051392689347267
1790642429393806170 0.0 0.0 -0.05051393806934357
1790642429413620691 0.0 0.0 -0.05051393806934357
1790642429433839068 0.0 0.0 -0.05051393806934357
1790642429453703959 0.0 0.0 -0.05051392689347267
1790642429473771066 0.0 0.0 -0.05051393061876297
1790642429493766234 0.0 0.0 -0.05051392689347267
1790642429513883487 0.0 0.0 -0.05051392316818237
1790642429533822685 0.0 0.0 -0.05051393061876297
1790642429553889760 0.0 0.0 -0.05051392689347267
1790642429573884288 0.0 0.0 -0.05051393061876297
1790642429593943074 0.0 0.0 -0.050513945519924164
1790642429614192748 0.0 0.0 -0.05051393806934357
1790642429634443797 0.0 0.0 -0.05051393806934357
1790642429654064584 0.0 0.0 -0.05051393806934357
1790642429674101577 0.0 0.0 -0.050513945519924164
1790642429694060744 0.0 0.0 -0.05051392316818237
1790642429714175789 0.0 0.0 -0.05051393061876297
1790642429734140492 0.0 0.0 -0.05051393061876297
1790642429754193966 0.0 0.0 -0.05051393061876297
1790642429774196686 0.0 0.0 -0.05051393061876297
1790642429796243322 0.0 0.0 -0.05051392689347267
1790642429816552454 0.0 0.0 -0.05051393061876297
1790642429836366623 0.0 0.0 -0.05051392689347267
1790642429881614337 0.0 0.0 -0.05051392689347267
1790642429896477700 0.0 0.0 -0.050513919442892075
1790642429916506118 0.0 0.0 -0.050513919442892075
1790642429936561992 0.0 0.0 -0.050513915717601776
1790642429956805874 0.0 0.0 -0.05051390826702118
1790642429976485670 0.0 0.0 -0.050513919442892075
1790642429996612075 0.0 0.0 -0.050513915717601776
1790642430016678446 0.0 0.0 -0.05051391199231148
1790642430036587755 0.0 0.0 -0.05051390826702118
1790642430056787314 0.0 0.0 -0.05051392316818237
1790642430076826644 0.0 0.0 -0.05051391199231148
1790642430096725489 0.0 0.0 -0.050513915717601776
1790642430116928697 0.0 0.0 -0.05051391199231148
1790642430136780532 0.0 0.0 -0.050513919442892075
1790642430156899960 0.0 0.0 -0.050513915717601776
1790642430177057534 0.0 0.0 -0.05051391199231148
1790642430196805301 0.0 0.0 -0.050513915717601776
1790642430217301320 0.0 0.0 -0.050513915717601776
1790642430237101793 0.0 0.0 -0.050513915717601776
1790642430257088705 0.0 0.0 -0.05051391199231148
1790642430277260263 0.0 0.0 -0.05051390454173088
1790642430299174894 0.0 0.0 -0.05051391199231148
1790642430317399917 0.0 0.0 -0.05051390826702118
1790642430337253768 0.0 0.0 -0.05051390826702118
1790642430357207527 0.0 0.0 -0.05051390826702118
1790642430377142309 0.0 0.0 -0.05051390454173088
1790642430397234216 0.0 0.0 -0.050513915717601776
1790642430417446897 0.0 0.0 -0.05051390454173088
1790642430437349197 0.0 0.0 -0.05051390081644058
1790642430465486009 0.0 0.0 -0.05051390081644058
1790642430485409271 0.0 0.0 -0.050530608743429184
1790642430505414615 0.0 0.0 -0.05053059756755829
1790642430525614047 0.0 0.0 -0.050530605018138885
1790642430545454137 0.0 0.0 -0.05053059384226799
1790642430567789840 0.0 0.0 -0.05053059011697769
1790642430587754191 0.0 0.0 -0.05053059756755829
1790642430608017913 0.0 0.0 -0.05053059756755829
1790642430627708942 0.0 0.0 -0.05053060129284859
1790642430647778993 0.0 0.0 -0.05053059756755829
1790642430667845427 0.0 0.0 -0.05053060129284859
1790642430687976889 0.0 0.0 -0.05053059384226799
1790642430708025947 0.0 0.0 -0.05053059756755829
1790642430727771346 0.0 0.0 -0.05053058639168739
1790642430748037020 0.0 0.0 -0.05053059384226799
1790642430767929464 0.0 0.0 -0.05053059011697769
1790642430788038076 0.0 0.0 -0.05053059756755829
1790642430816255115 0.0 0.0 -0.05053059384226799
1790642430828183490 0.0 0.0 -0.05053059011697769
1790642430873488614 0.0 0.0 -0.05053059011697769
1790642430896424723 0.0 0.0 -0.05053058639168739
1790642430916547608 0.0 0.0 -0.050530578941106796
1790642430936390546 0.0 0.0 -0.050530578941106796
1790642430956302927 0.0 0.0 -0.05053059384226799
1790642430976323888 0.0 0.0 -0.05053059384226799
1790642430996225741 0.0 0.0 -0.050530582666397095
1790642431016578811 0.0 0.0 -0.0505305677652359
1790642431036428565 0.0 0.0 -0.0505305677652359
1790642431056612284 0.0 0.0 -0.050530556589365005
1790642431076431958 0.0 0.0 -0.0505305714905262
1790642431096456599 0.0 0.0 -0.0505305714905262
1790642431116712833 0.0 0.0 -0.0505305714905262
1790642431136514650 0.0 0.0 -0.050530578941106796
1790642431157589666 0.0 0.0 -0.050530582666397095
1790642431176928330 0.0 0.0 -0.050530582666397095
1790642431196838279 0.0 0.0 -0.050530582666397095
1790642431216920394 0.0 0.0 -0.050530582666397095
1790642431237308153 0.0 0.0 -0.050530578941106796
1790642431256824007 0.0 0.0 -0.050530578941106796
1790642431277118707 0.0 0.0 -0.050530578941106796
1790642431296979758 0.0 0.0 -0.050530578941106796
1790642431316993103 0.0 0.0 -0.050530578941106796
1790642431336862282 0.0 0.0 -0.050530578941106796
1790642431357359997 0.0 0.0 -0.050530582666397095
1790642431377050738 0.0 0.0 -0.050530578941106796
1790642431400356428 0.0 0.0 -0.050530578941106796
1790642431417845360 0.0 0.0 -0.05053059011697769
1790642431436963568 0.0 0.0 -0.05053059011697769
1790642431457085812 0.0 0.0 -0.05053058639168739
1790642431477112310 0.0 0.0 -0.050530582666397095
1790642431497059828 0.0 0.0 -0.05053058639168739
1790642431517111990 0.0 0.0 -0.05053058639168739
1790642431537095926 0.0 0.0 -0.050530582666397095
1790642431557325247 0.0 0.0 -0.050530578941106796
1790642431583850607 0.0 0.0 -0.0505305714905262
1790642431597822610 0.0 0.0 -0.0505305677652359
1790642431617458405 0.0 0.0 -0.050530578941106796
1790642431637477350 0.0 0.0 -0.0505305677652359
1790642431657470374 0.0 0.0 -0.0505305714905262
1790642431677502727 0.0 0.0 -0.05053054913878441
1790642431697439717 0.0 0.0 -0.050530556589365005
1790642431722022606 0.0 0.0 -0.05053055286407471
1790642431741538269 0.0 0.0 -0.050530560314655304
1790642431761569758 0.0 0.0 -0.050530556589365005
1790642431781894763 0.0 0.0 -0.050530556589365005
1790642431801766022 0.0 0.0 -0.05053054541349411
1790642431821596960 0.0 0.0 -0.05053053796291351
1790642431842050577 0.0 0.0 -0.05053055286407471
1790642431901788585 0.0 0.0 -0.05053055286407471
1790642431922367326 0.0 0.0 -0.050530556589365005
1790642431941881645 0.0 0.0 -0.050530560314655304
1790642431966141162 0.0 0.0 -0.050530578941106796
1790642431984011452 0.0 0.0 -0.0505305640399456
1790642432004026813 0.0 0.0 -0.050530560314655304
1790642432023997116 0.0 0.0 -0.0505305677652359
1790642432044098304 0.0 0.0 -0.0505305677652359
1790642432064061535 0.0 0.0 -0.050530560314655304
1790642432084217477 0.0 0.0 -0.0505305640399456
1790642432104345578 0.0 0.0 -0.050530556589365005
1790642432124459663 0.0 0.0 -0.0505305640399456
1790642432144708024 0.0 0.0 -0.0505305640399456
1790642432164290665 0.0 0.0 -0.0505305677652359
1790642432187051183 0.0 0.0 -0.050530582666397095
1790642432206408728 0.0 0.0 -0.050530582666397095
1790642432226499707 0.0 0.0 -0.05052801966667175
1790642432246932300 0.0 0.0 -0.05052801966667175
1790642432266540574 0.0 0.0 -0.05052802711725235
1790642432286555871 0.0 0.0 -0.05052801966667175
1790642432306534046 0.0 0.0 -0.05052803084254265
1790642432326886059 0.0 0.0 -0.05052803084254265
1790642432346704325 0.0 0.0 -0.050528038293123245
1790642432366656484 0.0 0.0 -0.050528038293123245
1790642432386777896 0.0 0.0 -0.05052805319428444
1790642432406730343 0.0 0.0 -0.05052803456783295
1790642432426908814 0.0 0.0 -0.05052803084254265
1790642432446860780 0.0 0.0 -0.05052803456783295
1790642432466926607 0.0 0.0 -0.05052803456783295
1790642432487157848 0.0 0.0 -0.05052803456783295
1790642432507129559 0.0 0.0 -0.05052803456783295
1790642432526900431 0.0 0.0 -0.05052803084254265
1790642432546979922 0.0 0.0 -0.050528042018413544
1790642432566967506 0.0 0.0 -0.050528042018413544
1790642432587038581 0.0 0.0 -0.050528038293123245
1790642432607410115 0.0 0.0 -0.050528038293123245
1790642432627516999 0.0 0.0 -0.05052803084254265
1790642432647337025 0.0 0.0 -0.05052803084254265
1790642432667204861 0.0 0.0 -0.05052802339196205
1790642432687240126 0.0 0.0 -0.05052801966667175
1790642432707251103 0.0 0.0 -0.050528012216091156
1790642432727204062 0.0 0.0 -0.05052802711725235
1790642432747329859 0.0 0.0 -0.05052802339196205
1790642432767326403 0.0 0.0 -0.05052803084254265
1790642432787305858 0.0 0.0 -0.05052803456783295
1790642432807334532 0.0 0.0 -0.050528012216091156
1790642432833462726 0.0 0.0 -0.05052802339196205
1790642432876836611 0.0 0.0 -0.050528012216091156
1790642432899593256 0.0 0.0 -0.050528012216091156
1790642432919535815 0.0 0.0 -0.050528012216091156
1790642432939547687 0.0 0.0 -0.05052801966667175
1790642432959609322 0.0 0.0 -0.050528012216091156
1790642432979780881 0.0 0.0 -0.05052802339196205
1790642432999779057 0.0 0.0 -0.050528012216091156
1790642433019621803 0.0 0.0 -0.05052800849080086
1790642433039760017 0.0 0.0 -0.05052800849080086
1790642433060100574 0.0 0.0 -0.050528012216091156
1790642433080128191 0.0 0.0 -0.05052800849080086
1790642433101968163 0.0 0.0 -0.050528012216091156
1790642433122088392 0.0 0.0 -0.050528012216091156
1790642433142062951 0.0 0.0 -0.050528012216091156
1790642433162079848 0.0 0.0 -0.05052800104022026
1790642433182034279 0.0 0.0 -0.05052801966667175
1790642433204077234 0.0 0.0 -0.050528012216091156
1790642433224133525 0.0 0.0 -0.050528012216091156
1790642433244237529 0.0 0.0 -0.05052800849080086
1790642433264143286 0.0 0.0 -0.05052800104022026
1790642433284254266 0.0 0.0 -0.050528012216091156
1790642433304330781 0.0 0.0 -0.05052800104022026
1790642433326759319 0.0 0.0 -0.05052800849080086
1790642433346319527 0.0 0.0 -0.05052799731492996
1790642433366378218 0.0 0.0 -0.050527993589639664
1790642433386327592 0.0 0.0 -0.050527993589639664
1790642433406409515 0.0 0.0 -0.05052800476551056
1790642433426928383 0.0 0.0 -0.05052799731492996
1790642433446875549 0.0 0.0 -0.050528012216091156
1790642433466648437 0.0 0.0 -0.05052800849080086
1790642433486763130 0.0 0.0 -0.050528012216091156
1790642433506821404 0.0 0.0 -0.05052800849080086
1790642433526777755 0.0 0.0 -0.050528012216091156
1790642433546756987 0.0 0.0 -0.050528012216091156
1790642433566889632 0.0 0.0 -0.05052801966667175
1790642433587033573 0.0 0.0 -0.05052801966667175
1790642433606871008 0.0 0.0 -0.050528012216091156
1790642433626795773 0.0 0.0 -0.05052801966667175
1790642433647827236 0.0 0.0 -0.05052800849080086
1790642433666968324 0.0 0.0 -0.050528012216091156
1790642433687006726 0.0 0.0 -0.050528012216091156
1790642433707129995 0.0 0.0 -0.05052800476551056
1790642433726972869 0.0 0.0 -0.05052800476551056
1790642433747121067 0.0 0.0 -0.05052800104022026
1790642433766958854 0.0 0.0 -0.05052800104022026
1790642433787039689 0.0 0.0 -0.05052800476551056
1790642433807047818 0.0 0.0 -0.05052799731492996
1790642433827228785 0.0 0.0 -0.05052800849080086
1790642433879389425 0.0 0.0 -0.05052800104022026
1790642433897198241 0.0 0.0 -0.05052800104022026
1790642433917672114 0.0 0.0 -0.050527993589639664
1790642433937254787 0.0 0.0 -0.05052800104022026
1790642433957467403 0.0 0.0 -0.05052800476551056
1790642433977328647 0.0 0.0 -0.05055992677807808
1790642433997361864 0.0 0.0 -0.05055992677807808
1790642434017525903 0.0 0.0 -0.050559934228658676
1790642434037717942 0.0 0.0 -0.050559934228658676
1790642434058023522 0.0 0.0 -0.050559934228658676
1790642434077471502 0.0 0.0 -0.05055993050336838
1790642434097666293 0.0 0.0 -0.050559934228658676
1790642434117828315 0.0 0.0 -0.050559934228658676
1790642434137589491 0.0 0.0 -0.05055993050336838
1790642434157698775 0.0 0.0 -0.05055993050336838
1790642434177921568 0.0 0.0 -0.05055992677807808
1790642434197722617 0.0 0.0 -0.050559934228658676
1790642434218045029 0.0 0.0 -0.050559937953948975
1790642434238103367 0.0 0.0 -0.050559937953948975
1790642434258072327 0.0 0.0 -0.050559937953948975
1790642434278476502 0.0 0.0 -0.05055994167923927
1790642434298090760 0.0 0.0 -0.050559937953948975
1790642434318235438 0.0 0.0 -0.050559937953948975
1790642434338109577 0.0 0.0 -0.05055995285511017
1790642434358426581 0.0 0.0 -0.05055995285511017
1790642434378204589 0.0 0.0 -0.05055996775627136
1790642434398200238 0.0 0.0 -0.050559960305690765
1790642434418135436 0.0 0.0 -0.050559964030981064
1790642434438136396 0.0 0.0 -0.050559960305690765
1790642434458391958 0.0 0.0 -0.05055995285511017
1790642434478446104 0.0 0.0 -0.050559960305690765
1790642434498251185 0.0 0.0 -0.05055996775627136
1790642434518365718 0.0 0.0 -0.05055997148156166
1790642434538477978 0.0 0.0 -0.05055997520685196
1790642434558435545 0.0 0.0 -0.05055999010801315
1790642434578713187 0.0 0.0 -0.05055997893214226
1790642434598789159 0.0 0.0 -0.05055997893214226
1790642434618495260 0.0 0.0 -0.050559964030981064
1790642434638502909 0.0 0.0 -0.05055997893214226
1790642434658672707 0.0 0.0 -0.050559964030981064
1790642434678908844 0.0 0.0 -0.05055997148156166
1790642434698578688 0.0 0.0 -0.050559982657432556
1790642434718981680 0.0 0.0 -0.05055997520685196
1790642434738676997 0.0 0.0 -0.050559982657432556
1790642434758715719 0.0 0.0 -0.050559982657432556
1790642434779303196 0.0 0.0 -0.05055997520685196
1790642434798819179 0.0 0.0 -0.05055997520685196
1790642434821204099 0.0 0.0 -0.05055997520685196
1790642434847035098 0.0 0.0 -0.05055997520685196
1790642434903103274 0.0 0.0 -0.050559964030981064
1790642434925369630 0.0 0.0 -0.05055997520685196
1790642434945154967 0.0 0.0 -0.05055997520685196
1790642434965227066 0.0 0.0 -0.05055997520685196
1790642434985217017 0.0 0.0 -0.05055997893214226
1790642435005116726 0.0 0.0 -0.05055997148156166
1790642435025272060 0.0 0.0 -0.050559982657432556
1790642435045374912 0.0 0.0 -0.05055999010801315
1790642435065373697 0.0 0.0 -0.05055999010801315
1790642435085514086 0.0 0.0 -0.05055997893214226
1790642435105466757 0.0 0.0 -0.05055997520685196
1790642435125391810 0.0 0.0 -0.05055997893214226
1790642435149957099 0.0 0.0 -0.05055996775627136
1790642435165528136 0.0 0.0 -0.050559964030981064
1790642435185821395 0.0 0.0 -0.050559960305690765
1790642435205500007 0.0 0.0 -0.050559960305690765
1790642435227665688 0.0 0.0 -0.05055995658040047
1790642435247522035 0.0 0.0 -0.050559960305690765
1790642435267512499 0.0 0.0 -0.05055995658040047
1790642435287950851 0.0 0.0 -0.05055995285511017
1790642435309919308 0.0 0.0 -0.050559960305690765
1790642435329711941 0.0 0.0 -0.05055994540452957
1790642435349757959 0.0 0.0 -0.05055995285511017
1790642435369675748 0.0 0.0 -0.05055995658040047
1790642435392066748 0.0 0.0 -0.05055995658040047
1790642435412641906 0.0 0.0 -0.05055995285511017
1790642435432038012 0.0 0.0 -0.05055995658040047
1790642435452510862 0.0 0.0 -0.05055995658040047
1790642435472285254 0.0 0.0 -0.05055995285511017
1790642435492348744 0.0 0.0 -0.050559964030981064
1790642435512277478 0.0 0.0 -0.050559960305690765
1790642435531972731 0.0 0.0 -0.05055995658040047
1790642435556184758 0.0 0.0 -0.05055995285511017
1790642435576396479 0.0 0.0 -0.050559960305690765
1790642435596258426 0.0 0.0 -0.05055995658040047
1790642435616560037 0.0 0.0 -0.05055997520685196
1790642435636272155 0.0 0.0 -0.050559964030981064
1790642435656366303 0.0 0.0 -0.05055996775627136
1790642435676752941 0.0 0.0 -0.05055996775627136
1790642435705883902 0.0 0.0 -0.05055997893214226
1790642435716336767 0.0 0.0 -0.05055997893214226
1790642435736568744 0.0 0.0 -0.05055113509297371
1790642435756538183 0.0 0.0 -0.05055113881826401
1790642435776412386 0.0 0.0 -0.05055113881826401
1790642435796453668 0.0 0.0 -0.05055113881826401
1790642435816669997 0.0 0.0 -0.0505511499941349
1790642435839030628 0.0 0.0 -0.0505511499941349
1790642435868287161 0.0 0.0 -0.0505511499941349
1790642435899027589 0.0 0.0 -0.0505511537194252
1790642435918738554 0.0 0.0 -0.0505511537194252
1790642435938696185 0.0 0.0 -0.0505511537194252
1790642435958888673 0.0 0.0 -0.0505511537194252
1790642435978980516 0.0 0.0 -0.0505511537194252
1790642435998946147 0.0 0.0 -0.0505511499941349
1790642436019044903 0.0 0.0 -0.0505511574447155
1790642436038928035 0.0 0.0 -0.0505511574447155
1790642436061281754 0.0 0.0 -0.0505511648952961
1790642436079078441 0.0 0.0 -0.0505511611700058
1790642436099041192 0.0 0.0 -0.0505511648952961
1790642436119261809 0.0 0.0 -0.0505511648952961
1790642436139116844 0.0 0.0 -0.0505511648952961
1790642436159688993 0.0 0.0 -0.0505511648952961
1790642436179933515 0.0 0.0 -0.0505511611700058
1790642436199155150 0.0 0.0 -0.0505511648952961
1790642436223055934 0.0 0.0 -0.0505511611700058
1790642436241294974 0.0 0.0 -0.0505511611700058
1790642436261728462 0.0 0.0 -0.0505511574447155
1790642436281348928 0.0 0.0 -0.050551172345876694
1790642436301464933 0.0 0.0 -0.0505511574447155
1790642436324248812 0.0 0.0 -0.0505511648952961
1790642436341730095 0.0 0.0 -0.0505511648952961
1790642436361538025 0.0 0.0 -0.0505511574447155
1790642436381483719 0.0 0.0 -0.0505511499941349
1790642436401653486 0.0 0.0 -0.050551142543554306
1790642436422657747 0.0 0.0 -0.05055113509297371
1790642436444532984 0.0 0.0 -0.0505511499941349
1790642436461758962 0.0 0.0 -0.050551146268844604
1790642436481853590 0.0 0.0 -0.05055113881826401
1790642436503851680 0.0 0.0 -0.05055112764239311
1790642436524044712 0.0 0.0 -0.05055112764239311
1790642436543770398 0.0 0.0 -0.05055112764239311
1790642436564054249 0.0 0.0 -0.050551120191812515
1790642436584067273 0.0 0.0 -0.05055111646652222
1790642436604020424 0.0 0.0 -0.05055110901594162
1790642436624150349 0.0 0.0 -0.05055110529065132
1790642436644010600 0.0 0.0 -0.05055110156536102
1790642436664028361 0.0 0.0 -0.05055110156536102
1790642436684160750 0.0 0.0 -0.05055108666419983
1790642436704188848 0.0 0.0 -0.050551097840070724
1790642436724318261 0.0 0.0 -0.050551097840070724
1790642436744361879 0.0 0.0 -0.05055109038949013
1790642436764313077 0.0 0.0 -0.05055108293890953
1790642436785869743 0.0 0.0 -0.05055108293890953
1790642436804281749 0.0 0.0 -0.05055108666419983
1790642436825576709 0.0 0.0 -0.05055109038949013
1790642436844770216 0.0 0.0 -0.05055108293890953
1790642436891939536 0.0 0.0 -0.05055108666419983
1790642436909088519 0.0 0.0 -0.05055238679051399
1790642436932626602 0.0 0.0 -0.05056235194206238
1790642436952559848 0.0 0.0 -0.050563301891088486
1790642436972645739 0.0 0.0 -0.0505647212266922
1790642436992744143 0.0 0.0 -0.05055718123912811
1790642437012679661 0.0 0.0 -0.05056031793355942
1790642437036764772 0.0 0.0 -0.05056260526180267
1790642437057249078 0.0 0.0 -0.050550300627946854
1790642437076871113 0.0 0.0 -0.0505567267537117
1790642437096892010 0.0 0.0 -0.05055433511734009
1790642437116859465 0.0 0.0 -0.05057563632726669
1790642437139019865 0.0 0.0 -0.05057167634367943
1790642437159272994 0.0 0.0 -0.05058060958981514
1790642437179416872 0.0 0.0 -0.050576627254486084
1790642437199025882 0.0 0.0 -0.050584107637405396
1790642437219026010 0.0 0.0 -0.05057324841618538
1790642437239138623 0.0 0.0 -0.05057559162378311
1790642437259227874 0.0 0.0 -0.05057065188884735
1790642437279142560 0.0 0.0 -0.050578512251377106
1790642437309172497 0.0 0.0 -0.05057528614997864
1790642437329295190 0.0 0.0 -0.05058037489652634
1790642437349353784 0.0 0.0 -0.050556667149066925
1790642437369396826 0.0 0.0 -0.05056989938020706
1790642437389422684 0.0 0.0 -0.05059310793876648
1790642437409869452 0.0 0.0 -0.05058647692203522
1790642437429726439 0.0 0.0 -0.05059824883937836
1790642437449871885 0.0 0.0 -0.050595011562108994
1790642437469522433 0.0 0.0 -0.050590287894010544
1790642437489614724 0.0 0.0 -0.05057967081665993
1790642437509457823 0.0 0.0 -0.05060327425599098
1790642437529643110 0.0 0.0 -0.050595901906490326
1790642437549675816 0.0 0.0 -0.05059419199824333
1790642437569564420 0.0 0.0 -0.05059634894132614
1790642437589623206 0.0 0.0 -0.05058838427066803
1790642437609605798 0.0 0.0 -0.05057729408144951
1790642437629861264 0.0 0.0 -0.050575535744428635
1790642437649946771 0.0 0.0 -0.05058126524090767
1790642437669982069 0.0 0.0 -0.050593193620443344
1790642437689732300 0.0 0.0 -0.05057027190923691
1790642437710047416 0.0 0.0 -0.05056018382310867
1790642437729942452 0.0 0.0 -0.050561342388391495
1790642437749919412 0.0 0.0 -0.05060098320245743
1790642437770033944 0.0 0.0 -0.05062904581427574
1790642437790667696 0.0 0.0 -0.05060213804244995
1790642437810200447 0.0 0.0 -0.05057911574840546
1790642437831424237 0.0 0.0 -0.050552848726511
1790642437868203447 0.0 0.0 -0.050551868975162506
1790642437889238205 0.0 0.0 -0.05053490027785301
1790642437908280250 0.0 0.0 -0.05053552985191345
1790642437929639949 0.0 0.0 -0.050536591559648514
1790642437948198104 0.0 0.0 -0.050583966076374054
1790642437968193112 0.0 0.0 -0.050616391003131866
1790642437988539845 0.0 0.0 -0.05066675320267677
1790642438008407968 0.0 0.0 -0.05068211257457733
1790642438028498276 0.0 0.0 -0.05066844820976257
1790642438048516901 0.0 0.0 -0.0506630577147007
1790642438068517189 0.0 0.0 -0.05068252980709076
1790642438088385953 0.0 0.0 -0.05065900459885597
1790642438108908981 0.0 0.0 -0.050652701407670975
1790642438128537927 0.0 0.0 -0.050657451152801514
1790642438148630187 0.0 0.0 -0.05063946545124054
1790642438168593866 0.0 0.0 -0.050649598240852356
1790642438188649324 0.0 0.0 -0.05065358430147171
1790642438208766545 0.0 0.0 -0.05065632238984108
1790642438228707823 0.0 0.0 -0.05066667124629021
1790642438248900535 0.0 0.0 -0.05064922571182251
1790642438268748817 0.0 0.0 -0.05066191032528877
1790642438288888311 0.0 0.0 -0.05064662918448448
1790642438308871862 0.0 0.0 -0.05062088742852211
1790642438330815070 0.0 0.0 -0.05064970254898071
1790642438351271311 0.0 0.0 -0.05063938722014427
1790642438370892130 0.0 0.0 -0.05065171420574188
1790642438390973477 0.0 0.0 -0.05065915733575821
1790642438410927492 0.0 0.0 -0.050652701407670975
1790642438431038664 0.0 0.0 -0.05066457763314247
1790642438451266129 0.0 0.0 -0.05067544803023338
1790642438471193295 0.0 0.0 -0.050667911767959595
1790642438491312307 0.0 0.0 -0.05065527930855751
1790642438511317460 0.0 0.0 -0.050648804754018784
1790642438531237489 0.0 0.0 -0.050627365708351135
1790642438551948268 0.0 0.0 -0.050639569759368896
1790642438571539293 0.0 0.0 -0.05063866451382637
1790642438591284660 0.0 0.0 -0.0506153367459774
1790642438611351927 0.0 0.0 -0.05062104016542435
1790642438631389496 0.0 0.0 -0.05062253773212433
1790642438651415706 0.0 0.0 -0.05063263326883316
1790642438671875339 0.0 0.0 -0.05062643811106682
1790642438691419610 0.0 0.0 -0.050607286393642426
1790642438711760839 0.0 0.0 -0.0506134070456028
1790642438731541248 0.0 0.0 -0.05061794072389603
1790642438751810026 0.0 0.0 -0.050615835934877396
1790642438772125718 0.0 0.0 -0.05063026398420334
1790642438791641700 0.0 0.0 -0.05063300207257271
1790642438811703143 0.0 0.0 -0.05063837021589279
1790642438831819339 0.0 0.0 -0.05064655840396881
1790642438852114231 0.0 0.0 -0.050663627684116364
1790642438871982994 0.0 0.0 -0.050674229860305786
1790642438895696155 0.0 0.0 -0.05064667388796806
1790642438913996829 0.0 0.0 -0.05064021050930023
1790642438934147843 0.0 0.0 -0.05066342651844025
1790642438954092289 0.0 0.0 -0.05065891146659851
1790642438974165124 0.0 0.0 -0.05067123845219612
1790642438996081003 0.0 0.0 -0.05065510794520378
1790642439018497092 0.0 0.0 -0.05063218995928764
1790642439036177583 0.0 0.0 -0.050633322447538376
1790642439056308436 0.0 0.0 -0.050650984048843384
1790642439076239026 0.0 0.0 -0.050669800490140915
1790642439096243187 0.0 0.0 -0.050649162381887436
1790642439117047761 0.0 0.0 -0.0506480447947979
1790642439136313398 0.0 0.0 -0.050636325031518936
1790642439156411898 0.0 0.0 -0.050635047256946564
1790642439176343352 0.0 0.0 -0.05066751688718796
1790642439196438555 0.0 0.0 -0.05064217373728752
1790642439220949026 0.0 0.0 -0.050618916749954224
1790642439240560916 0.0 0.0 -0.050621334463357925
1790642439260680345 0.0 0.0 -0.05064711719751358
1790642439280500306 0.0 0.0 -0.05065087974071503
1790642439300692058 0.0 0.0 -0.050645262002944946
1790642439330937363 0.0 0.0 -0.050655920058488846
1790642439350816591 0.0 0.0 -0.050641853362321854
1790642439370828880 0.0 0.0 -0.0506460964679718
1790642439392491885 0.0 0.0 -0.05062919855117798
1790642439410893619 0.0 0.0 -0.050626639276742935
1790642439430811408 0.0 0.0 -0.05064196139574051
1790642439454097386 0.0 0.0 -0.050670426338911057
1790642439471234112 0.0 0.0 -0.05067189782857895
1790642439490798385 0.0 0.0 -0.05063844844698906
1790642439521303508 0.0 0.0 -0.05063392594456673
1790642439541154671 0.0 0.0 -0.05066093057394028
1790642439560941895 0.0 0.0 -0.05067719519138336
1790642439582409470 0.0 0.0 -0.050646498799324036
1790642439601322678 0.0 0.0 -0.05065169185400009
1790642439623132505 0.0 0.0 -0.05063425377011299
1790642439641388569 0.0 0.0 -0.05065922439098358
1790642439661194834 0.0 0.0 -0.05067705363035202
1790642439681170098 0.0 0.0 -0.05066313222050667
1790642439701333176 0.0 0.0 -0.05063734948635101
1790642439721380954 0.0 0.0 -0.050658077001571655
1790642439741470046 0.0 0.0 -0.050646744668483734
1790642439761363482 0.0 0.0 -0.05065378546714783
1790642439781542561 0.0 0.0 -0.050668977200984955
1790642439811566994 0.0 0.0 -0.050678882747888565
1790642439831635317 0.0 0.0 -0.05068869888782501
1790642439851535250 0.0 0.0 -0.050697702914476395
1790642439871488752 0.0 0.0 -0.05068427324295044
1790642439891633686 0.0 0.0 -0.05070198327302933
1790642439911693881 0.0 0.0 -0.05070459842681885
1790642439931630711 0.0 0.0 -0.05072041228413582
1790642439951832222 0.0 0.0 -0.050710279494524
1790642439971656184 0.0 0.0 -0.05069396644830704
1790642439991750876 0.0 0.0 -0.050670068711042404
1790642440011961828 0.0 0.0 -0.050662826746702194
1790642440031860481 0.0 0.0 -0.05065544322133064
1790642440051899970 0.0 0.0 -0.05066799744963646
1790642440071920452 0.0 0.0 -0.05066513270139694
1790642440094203800 0.0 0.0 -0.050647564232349396
1790642440114174167 0.0 0.0 -0.05066075921058655
1790642440133987345 0.0 0.0 -0.050682272762060165
1790642440154111126 0.0 0.0 -0.05067996308207512
1790642440174156408 0.0 0.0 -0.05068834125995636
1790642440194107510 0.0 0.0 -0.05068647861480713
1790642440214371712 0.0 0.0 -0.05070391669869423
1790642440234244828 0.0 0.0 -0.05069860443472862
1790642440254280957 0.0 0.0 -0.05069771036505699
1790642440274727822 0.0 0.0 -0.050712067633867264
1790642440294371233 0.0 0.0 -0.05070415884256363
1790642440315328037 0.0 0.0 -0.050706591457128525
1790642440334375426 0.0 0.0 -0.050684310495853424
1790642440354440773 0.0 0.0 -0.050668586045503616
1790642440374636556 0.0 0.0 -0.050691310316324234
1790642440394583819 0.0 0.0 -0.05069053918123245
1790642440414645389 0.0 0.0 -0.050666309893131256
1790642440434524521 0.0 0.0 -0.050670113414525986
1790642440454680719 0.0 0.0 -0.050678592175245285
1790642440474763283 0.0 0.0 -0.050678521394729614
1790642440495070270 0.0 0.0 -0.05069168284535408
1790642440514686897 0.0 0.0 -0.050697892904281616
1790642440534724754 0.0 0.0 -0.0506981760263443
1790642440554817686 0.0 0.0 -0.050673481076955795
1790642440574848696 0.0 0.0 -0.05069025978446007
1790642440594913338 0.0 0.0 -0.0506630539894104
1790642440615238023 0.0 0.0 -0.0506770983338356
1790642440635088737 0.0 0.0 -0.05068329721689224
1790642440654943452 0.0 0.0 -0.050678547471761703
1790642440675055969 0.0 0.0 -0.05069245398044586
1790642440694915484 0.0 0.0 -0.05068901181221008
1790642440715017664 0.0 0.0 -0.050680629909038544
1790642440735481777 0.0 0.0 -0.05069505050778389
1790642440758513953 0.0 0.0 -0.05068168789148331
1790642440775098084 0.0 0.0 -0.05069153383374214
1790642440795184616 0.0 0.0 -0.05068240314722061
1790642440815285996 0.0 0.0 -0.050666291266679764
1790642440835266379 0.0 0.0 -0.05068397521972656
1790642440855376048 0.0 0.0 -0.050688501447439194
1790642440875491028 0.0 0.0 -0.05072161182761192
1790642440895317230 0.0 0.0 -0.05071314051747322
1790642440915342767 0.0 0.0 -0.05071046203374863
1790642440935430739 0.0 0.0 -0.0507323294878006
1790642440955411987 0.0 0.0 -0.050723154097795486
1790642440975487798 0.0 0.0 -0.050714101642370224
1790642440995490422 0.0 0.0 -0.05071409419178963
1790642441015720095 0.0 0.0 -0.050714101642370224
1790642441035734080 0.0 0.0 -0.050714101642370224
1790642441055735392 0.0 0.0 -0.050714101642370224
1790642441075829220 0.0 0.0 -0.050714097917079926
1790642441095740065 0.0 0.0 -0.05071410536766052
1790642441115921800 0.0 0.0 -0.05071410909295082
1790642441135669855 0.0 0.0 -0.05071409419178963
1790642441155823525 0.0 0.0 -0.050714075565338135
1790642441176112464 0.0 0.0 -0.050714075565338135
1790642441195817509 0.0 0.0 -0.05071408674120903
1790642441215957035 0.0 0.0 -0.05071409419178963
1790642441235843431 0.0 0.0 -0.05071412771940231
1790642441256044079 0.0 0.0 -0.050714146345853806
1790642441275921867 0.0 0.0 -0.05071417614817619
1790642441295956556 0.0 0.0 -0.05071423947811127
1790642441315979949 0.0 0.0 -0.05071433633565903
1790642441336022767 0.0 0.0 -0.050714414566755295
1790642441356132884 0.0 0.0 -0.05053044855594635
1790642441376050961 0.0 0.0 -0.05029032379388809
1790642441396103667 0.0 0.0 -0.050019875168800354
1790642441418335174 0.0 0.0 -0.04988139495253563
1790642441438269604 0.0 0.0 -0.050207506865262985
1790642441458580975 0.0 0.0 -0.0504298135638237
1790642441478566927 0.0 0.0 -0.050285790115594864
1790642441498512462 0.0 0.0 -0.049947887659072876
1790642441518699125 0.0 0.0 -0.049701448529958725
1790642441538535695 0.0 0.0 -0.049689218401908875
1790642441558614290 0.0 0.0 -0.04981913045048714
1790642441580121386 0.0 0.0 -0.04997793212532997
1790642441598622067 0.0 0.0 -0.04991500452160835
1790642441618808858 0.0 0.0 -0.04976189136505127
1790642441640721217 0.0 0.0 -0.04955555126070976
1790642441660649247 0.0 0.0 -0.04964485019445419
1790642441680781988 0.0 0.0 -0.049868401139974594
1790642441700803781 0.0 0.0 -0.05005522072315216
1790642441720975692 0.0 0.0 -0.05003392696380615
1790642441740849992 0.0 0.0 -0.05014817789196968
1790642441760904202 0.0 0.0 -0.049947816878557205
1790642441780946956 0.0 0.0 -0.05004924163222313
1790642441800843912 0.0 0.0 -0.05041837319731712
1790642441821005295 0.0 0.0 -0.050179168581962585
1790642441840876106 0.0 0.0 -0.0504491850733757
1790642441860865642 0.0 0.0 -0.050425298511981964
1790642441881193590 0.0 0.0 -0.050241269171237946
1790642441903014138 0.0 0.0 -0.05032416805624962
1790642441923499148 0.0 0.0 -0.05029924586415291
1790642441943011834 0.0 0.0 -0.05030606687068939
1790642441963411625 0.0 0.0 -0.05033976584672928
1790642441983101022 0.0 0.0 -0.050303976982831955
1790642442003196386 0.0 0.0 -0.050188541412353516
1790642442024038113 0.0 0.0 -0.050098009407520294
1790642442043183074 0.0 0.0 -0.0502399206161499
1790642442063327464 0.0 0.0 -0.050346072763204575
1790642442083332616 0.0 0.0 -0.050383664667606354
1790642442103389195 0.0 0.0 -0.05044867843389511
1790642442123696343 0.0 0.0 -0.05035734921693802
1790642442145971915 0.0 0.0 -0.05031227320432663
1790642442163556114 0.0 0.0 -0.05037659406661987
1790642442183528657 0.0 0.0 -0.05042476952075958
1790642442203609141 0.0 0.0 -0.05039163678884506
1790642442224240812 0.0 0.0 -0.05037595331668854
1790642442243582580 0.0 0.0 -0.05031159520149231
1790642442263612182 0.0 0.0 -0.050338029861450195
1790642442283747003 0.0 0.0 -0.05039959028363228
1790642442303828894 0.0 0.0 -0.05038713291287422
1790642442323954787 0.0 0.0 -0.050379011780023575
1790642442343872385 0.0 0.0 -0.05038692429661751
1790642442363824415 0.0 0.0 -0.05039798095822334
1790642442384064296 0.0 0.0 -0.05042226240038872
1790642442405882284 0.0 0.0 -0.05041557922959328
1790642442426076371 0.0 0.0 -0.05039886385202408
1790642442446061843 0.0 0.0 -0.05037706345319748
1790642442465989969 0.0 0.0 -0.050368450582027435
1790642442489810270 0.0 0.0 -0.05038398504257202
1790642442508198339 0.0 0.0 -0.05037285387516022
1790642442528186146 0.0 0.0 -0.05037573352456093
1790642442548178754 0.0 0.0 -0.0503697544336319
1790642442568325992 0.0 0.0 -0.05035177618265152
1790642442588327113 0.0 0.0 -0.0503569170832634
1790642442608411820 0.0 0.0 -0.050383832305669785
1790642442628497679 0.0 0.0 -0.05038076266646385
1790642442650587773 0.0 0.0 -0.05038432404398918
1790642442668268744 0.0 0.0 -0.05039338767528534
1790642442690496090 0.0 0.0 -0.050392210483551025
1790642442710506299 0.0 0.0 -0.050386346876621246
1790642442730512187 0.0 0.0 -0.05039592459797859
1790642442750586878 0.0 0.0 -0.05040334537625313
1790642442770630496 0.0 0.0 -0.05040914565324783
1790642442790901099 0.0 0.0 -0.050387751311063766
1790642442810667042 0.0 0.0 -0.05038980394601822
1790642442830648994 0.0 0.0 -0.05041108280420303
1790642442850776327 0.0 0.0 -0.05041828379034996
1790642442870954638 0.0 0.0 -0.05040909722447395
1790642442890762215 0.0 0.0 -0.05041904002428055
1790642442918926516 0.0 0.0 -0.050385188311338425
1790642442931013617 0.0 0.0 -0.05036671459674835
1790642442951315548 0.0 0.0 -0.0503530316054821
1790642442970912270 0.0 0.0 -0.050360605120658875
1790642442991012082 0.0 0.0 -0.050373997539281845
1790642443011082645 0.0 0.0 -0.05036196857690811
1790642443030923087 0.0 0.0 -0.050332531332969666
1790642443051081205 0.0 0.0 -0.050346046686172485
1790642443071127064 0.0 0.0 -0.050335198640823364
1790642443091098359 0.0 0.0 -0.05032067000865936
1790642443111042261 0.0 0.0 -0.0503460094332695
1790642443133175044 0.0 0.0 -0.0503479465842247
1790642443153276872 0.0 0.0 -0.05033014342188835
1790642443173373868 0.0 0.0 -0.0503397099673748
1790642443193177605 0.0 0.0 -0.05035047605633736
1790642443213460432 0.0 0.0 -0.050319891422986984
1790642443233465264 0.0 0.0 -0.05033743008971214
1790642443253558260 0.0 0.0 -0.0503372922539711
1790642443273792861 0.0 0.0 -0.050320129841566086
1790642443295379384 0.0 0.0 -0.05036966875195503
1790642443317893749 0.0 0.0 -0.050356652587652206
1790642443335466908 0.0 0.0 -0.05037522688508034
1790642443355573728 0.0 0.0 -0.05038568377494812
1790642443375694373 0.0 0.0 -0.05034073442220688
1790642443395620290 0.0 0.0 -0.050332728773355484
1790642443415649124 0.0 0.0 -0.05034636706113815
1790642443435883309 0.0 0.0 -0.05033382028341293
1790642443455971888 0.0 0.0 -0.050301261246204376
1790642443475957968 0.0 0.0 -0.050316255539655685
1790642443496254651 0.0 0.0 -0.050308678299188614
1790642443515900046 0.0 0.0 -0.0503283254802227
1790642443535972657 0.0 0.0 -0.050345998257398605
1790642443559289612 0.0 0.0 -0.0503232516348362
1790642443576083062 0.0 0.0 -0.05031324177980423
1790642443596294366 0.0 0.0 -0.050302907824516296
1790642443616148185 0.0 0.0 -0.05030965432524681
1790642443640394486 0.0 0.0 -0.05032123625278473
1790642443660165326 0.0 0.0 -0.050336990505456924
1790642443680486330 0.0 0.0 -0.05031624436378479
1790642443700205744 0.0 0.0 -0.0503133088350296
1790642443720283763 0.0 0.0 -0.05029841512441635
1790642443740450650 0.0 0.0 -0.050278399139642715
1790642443764295719 0.0 0.0 -0.05030176416039467
1790642443784343690 0.0 0.0 -0.0503036230802536
1790642443804400556 0.0 0.0 -0.05027510225772858
1790642443826851719 0.0 0.0 -0.05028998851776123
1790642443844377964 0.0 0.0 -0.05029536411166191
1790642443864411853 0.0 0.0 -0.050340838730335236
1790642443896792918 0.0 0.0 -0.050345227122306824
1790642443914552931 0.0 0.0 -0.050351332873106
1790642443934499010 0.0 0.0 -0.05033471807837486
1790642443954782957 0.0 0.0 -0.05033393204212189
1790642443974588038 0.0 0.0 -0.050364039838314056
1790642443994775821 0.0 0.0 -0.05036904290318489
1790642444014673417 0.0 0.0 -0.05033975839614868
1790642444035080953 0.0 0.0 -0.05031999573111534
1790642444060289945 0.0 0.0 -0.050338342785835266
1790642444074864177 0.0 0.0 -0.05034083127975464
1790642444094840465 0.0 0.0 -0.05033662170171738
1790642444115001495 0.0 0.0 -0.05034492909908295
1790642444134912468 0.0 0.0 -0.050330933183431625
1790642444155037913 0.0 0.0 -0.0503406897187233
1790642444174934742 0.0 0.0 -0.05036260560154915
1790642444196524081 0.0 0.0 -0.050340235233306885
1790642444215234113 0.0 0.0 -0.05034901574254036
1790642444235048635 0.0 0.0 -0.05033259093761444
1790642444255219778 0.0 0.0 -0.05032329633831978
1790642444275400105 0.0 0.0 -0.05032368376851082
1790642444295210050 0.0 0.0 -0.05032679811120033
1790642444317321264 0.0 0.0 -0.050324469804763794
1790642444337174251 0.0 0.0 -0.05033699423074722
1790642444357609339 0.0 0.0 -0.05031183362007141
1790642444377488503 0.0 0.0 -0.050333768129348755
1790642444397495320 0.0 0.0 -0.05032507702708244
1790642444417614492 0.0 0.0 -0.050341468304395676
1790642444437518233 0.0 0.0 -0.050350651144981384
1790642444457542042 0.0 0.0 -0.05034416541457176
1790642444477601725 0.0 0.0 -0.05033412575721741
1790642444497488441 0.0 0.0 -0.05035507306456566
1790642444517558492 0.0 0.0 -0.050359759479761124
1790642444537843047 0.0 0.0 -0.050364550203084946
1790642444557846439 0.0 0.0 -0.05036533251404762
1790642444577929067 0.0 0.0 -0.050346989184617996
1790642444597808326 0.0 0.0 -0.050345808267593384
1790642444617872649 0.0 0.0 -0.0503743551671505
1790642444637770790 0.0 0.0 -0.05036276951432228
1790642444657896075 0.0 0.0 -0.050368521362543106
1790642444677937708 0.0 0.0 -0.050358399748802185
1790642444697879147 0.0 0.0 -0.050373535603284836
1790642444718192439 0.0 0.0 -0.05038607493042946
1790642444737868011 0.0 0.0 -0.05036759003996849
1790642444758042130 0.0 0.0 -0.05037553980946541
1790642444778354941 0.0 0.0 -0.05037147179245949
1790642444798654569 0.0 0.0 -0.05036510154604912
1790642444818159799 0.0 0.0 -0.05039278417825699
1790642444838340286 0.0 0.0 -0.05039072409272194
1790642444858458787 0.0 0.0 -0.050374191254377365
1790642444878581639 0.0 0.0 -0.050358790904283524
1790642444898310302 0.0 0.0 -0.05035702884197235
1790642444918404930 0.0 0.0 -0.05035540834069252
1790642444940369578 0.0 0.0 -0.050341568887233734
1790642444964415264 0.0 0.0 -0.050352610647678375
1790642444984657929 0.0 0.0 -0.05037543922662735
1790642445004315869 0.0 0.0 -0.050400786101818085
1790642445025915416 0.0 0.0 -0.050413310527801514
1790642445044573447 0.0 0.0 -0.050417814403772354
1790642445064604296 0.0 0.0 -0.05042745918035507
1790642445084860914 0.0 0.0 -0.05044898763298988
1790642445104675083 0.0 0.0 -0.05043399706482887
1790642445125209727 0.0 0.0 -0.05044923350214958
1790642445144605193 0.0 0.0 -0.0504467599093914
1790642445164627019 0.0 0.0 -0.0504445843398571
1790642445185035194 0.0 0.0 -0.05046303570270538
1790642445204800146 0.0 0.0 -0.05044609308242798
1790642445226837245 0.0 0.0 -0.05047203227877617
1790642445246762555 0.0 0.0 -0.05047271400690079
1790642445266886879 0.0 0.0 -0.050493668764829636
1790642445286989124 0.0 0.0 -0.05046314001083374
1790642445306953187 0.0 0.0 -0.050451070070266724
1790642445326996580 0.0 0.0 -0.05048180744051933
1790642445347039014 0.0 0.0 -0.050477609038352966
1790642445367381395 0.0 0.0 -0.050476305186748505
1790642445387107242 0.0 0.0 -0.050461068749427795
1790642445407061640 0.0 0.0 -0.05046693980693817
1790642445427142347 0.0 0.0 -0.05049285665154457
1790642445447258896 0.0 0.0 -0.050499413162469864
1790642445467231951 0.0 0.0 -0.050515156239271164
1790642445487436055 0.0 0.0 -0.05052186921238899
1790642445507282546 0.0 0.0 -0.050523459911346436
1790642445527414583 0.0 0.0 -0.050514835864305496
1790642445547299347 0.0 0.0 -0.05047931522130966
1790642445567335477 0.0 0.0 -0.05042574182152748
1790642445587481115 0.0 0.0 -0.05041302368044853
1790642445608341691 0.0 0.0 -0.05040274187922478
1790642445627440090 0.0 0.0 -0.05041709914803505
1790642445647576575 0.0 0.0 -0.05044374242424965
1790642445667574143 0.0 0.0 -0.05043872073292732
1790642445689306879 0.0 0.0 -0.050461143255233765
1790642445707654979 0.0 0.0 -0.05050475150346756
1790642445733703586 0.0 0.0 -0.05053609237074852
1790642445758074019 0.0 0.0 -0.0505230613052845
1790642445773804678 0.0 0.0 -0.05050421506166458
1790642445793856553 0.0 0.0 -0.05051055923104286
1790642445813881066 0.0 0.0 -0.050521764904260635
1790642445833710180 0.0 0.0 -0.05054749548435211
1790642445853830697 0.0 0.0 -0.05052676796913147
1790642445874193462 0.0 0.0 -0.050475552678108215
1790642445893881675 0.0 0.0 -0.050475556403398514
1790642445914178262 0.0 0.0 -0.05047554895281792
1790642445934026321 0.0 0.0 -0.05047556385397911
1790642445960252343 0.0 0.0 -0.05047554150223732
1790642445980355451 0.0 0.0 -0.05047554522752762
1790642446000050288 0.0 0.0 -0.05047554522752762
1790642446020206294 0.0 0.0 -0.05047553777694702
1790642446040140756 0.0 0.0 -0.05047554150223732
1790642446060182038 0.0 0.0 -0.05047553777694702
1790642446080586437 0.0 0.0 -0.05047554150223732
1790642446100374429 0.0 0.0 -0.05047554150223732
1790642446120432352 0.0 0.0 -0.05047553777694702
1790642446140769773 0.0 0.0 -0.05047553777694702
1790642446162444939 0.0 0.0 -0.05047553405165672
1790642446182356872 0.0 0.0 -0.05047552287578583
1790642446202815001 0.0 0.0 -0.05047553405165672
1790642446224536889 0.0 0.0 -0.05047552287578583
1790642446244652317 0.0 0.0 -0.05047553405165672
1790642446264708096 0.0 0.0 -0.050475530326366425
1790642446287662477 0.0 0.0 -0.05047554150223732
1790642446304606141 0.0 0.0 -0.050475556403398514
1790642446324594140 0.0 0.0 -0.05047553405165672
1790642446344815397 0.0 0.0 -0.05047554895281792
1790642446364828230 0.0 0.0 -0.05047553405165672
1790642446385238741 0.0 0.0 -0.05047553405165672
1790642446404777925 0.0 0.0 -0.050475530326366425
1790642446424860328 0.0 0.0 -0.05047553405165672
1790642446447231808 0.0 0.0 -0.05047552287578583
1790642446464899242 0.0 0.0 -0.05047553777694702
1790642446484932908 0.0 0.0 -0.050475530326366425
1790642446504928140 0.0 0.0 -0.05047553405165672
1790642446525068497 0.0 0.0 -0.050475530326366425
1790642446545427871 0.0 0.0 -0.050475530326366425
1790642446565030256 0.0 0.0 -0.05047554150223732
1790642446585298363 0.0 0.0 -0.05047554522752762
1790642446605078675 0.0 0.0 -0.05047553777694702
1790642446625486754 0.0 0.0 -0.05047553405165672
1790642446645453409 0.0 0.0 -0.050475530326366425
1790642446667279333 0.0 0.0 -0.05047552287578583
1790642446687425963 0.0 0.0 -0.05047552287578583
1790642446707274949 0.0 0.0 -0.05047552287578583
1790642446727532655 0.0 0.0 -0.050475530326366425
1790642446747370122 0.0 0.0 -0.05047552287578583
1790642446767481614 0.0 0.0 -0.05047552287578583
1790642446788806271 0.0 0.0 -0.05047552287578583
1790642446807552049 0.0 0.0 -0.05047551542520523
1790642446827587283 0.0 0.0 -0.050475507974624634
1790642446847623637 0.0 0.0 -0.05047551542520523
1790642446867472143 0.0 0.0 -0.05047551169991493
1790642446887692248 0.0 0.0 -0.05047552287578583
1790642446908464660 0.0 0.0 -0.05047552287578583
1790642446927695000 0.0 0.0 -0.050475530326366425
1790642446947749915 0.0 0.0 -0.05047553405165672
1790642446967749211 0.0 0.0 -0.05047553405165672
1790642446987941090 0.0 0.0 -0.05047553405165672
1790642447007845023 0.0 0.0 -0.05047553777694702
1790642447028070632 0.0 0.0 -0.05047554150223732
1790642447047974469 0.0 0.0 -0.05047554150223732
1790642447068032007 0.0 0.0 -0.05047554150223732
1790642447087952261 0.0 0.0 -0.05047553777694702
1790642447107936612 0.0 0.0 -0.05047554895281792
1790642447135790022 0.0 0.0 -0.05047553777694702
1790642447152244324 0.0 0.0 -0.05047554895281792
1790642447172128736 0.0 0.0 -0.05047554895281792
1790642447192187810 0.0 0.0 -0.05047554895281792
1790642447212254053 0.0 0.0 -0.05047554895281792
1790642447232448268 0.0 0.0 -0.05047556385397911
1790642447252338825 0.0 0.0 -0.05047556385397911
1790642447272272935 0.0 0.0 -0.05047556757926941
1790642447292524112 0.0 0.0 -0.05047557130455971
1790642447312641205 0.0 0.0 -0.0504755862057209
1790642447332791323 0.0 0.0 -0.0504755862057209
1790642447353594681 0.0 0.0 -0.0504755824804306
1790642447372791803 0.0 0.0 -0.050475575029850006
1790642447392650806 0.0 0.0 -0.050475578755140305
1790642447412780124 0.0 0.0 -0.050475575029850006
1790642447432725690 0.0 0.0 -0.050475578755140305
1790642447452769756 0.0 0.0 -0.0504755824804306
1790642447472615126 0.0 0.0 -0.0504755899310112
1790642447492709594 0.0 0.0 -0.0504755899310112
1790642447522908178 0.0 0.0 -0.0504755936563015
1790642447542938515 0.0 0.0 -0.0504755936563015
1790642447562872881 0.0 0.0 -0.0504755862057209
1790642447582794959 0.0 0.0 -0.0504755936563015
1790642447602904787 0.0 0.0 -0.0504755936563015
1790642447623009559 0.0 0.0 -0.05045999586582184
1790642447647121999 0.0 0.0 -0.05045999586582184
1790642447666909416 0.0 0.0 -0.05045999214053154
1790642447687159409 0.0 0.0 -0.05045998841524124
1790642447707120976 0.0 0.0 -0.05045996233820915
1790642447727218452 0.0 0.0 -0.050459958612918854
1790642447747262038 0.0 0.0 -0.05045996978878975
1790642447769826837 0.0 0.0 -0.050459980964660645
1790642447787429405 0.0 0.0 -0.05045999959111214
1790642447807274135 0.0 0.0 -0.050460007041692734
1790642447827359035 0.0 0.0 -0.05046001449227333
1790642447847342459 0.0 0.0 -0.05046001821756363
1790642447867267480 0.0 0.0 -0.050460051745176315
1790642447891440850 0.0 0.0 -0.05046013370156288
1790642447911609913 0.0 0.0 -0.050460170954465866
1790642447931523670 0.0 0.0 -0.05046020820736885
1790642447954161431 0.0 0.0 -0.05046020820736885
1790642447973600867 0.0 0.0 -0.05031408742070198
1790642447993599779 0.0 0.0 -0.049623262137174606
1790642448013834220 0.0 0.0 -0.047804877161979675
1790642448034356704 0.0 0.0 -0.04373052343726158
1790642448053820172 0.0 0.0 -0.03972266986966133
1790642448075795541 0.0 0.0 -0.03625623509287834
1790642448095856344 0.0 0.0 -0.03641647845506668
1790642448116807675 0.0 0.0 -0.034329358488321304
1790642448135856025 0.0 0.0 -0.03032168559730053
1790642448157950182 0.0 0.0 -0.02649047039449215
1790642448178019913 0.0 0.0 -0.022772105410695076
1790642448198045706 0.0 0.0 -0.02135629393160343
1790642448218204880 0.0 0.0 -0.022160761058330536
1790642448238032682 0.0 0.0 -0.023385142907500267
1790642448260301054 0.0 0.0 -0.024186871945858
1790642448280893876 0.0 0.0 -0.024225033819675446
1790642448300236380 0.0 0.0 -0.024569997563958168
1790642448320165434 0.0 0.0 -0.02519974485039711
1790642448340216220 0.0 0.0 -0.02521851658821106
1790642448360422660 0.0 0.0 -0.025027533993124962
1790642448380360706 -0.003668160643428564 0.0001852534041972831 -0.024812394753098488
1790642448400380611 -0.00973682850599289 0.0004917398327961564 -0.02416650764644146
1790642448426443459 -0.013088726438581944 0.0006610209820792079 -0.022774197161197662
1790642448446807793 -0.013088726438581944 0.0006610209820792079 -0.020807234570384026
1790642448466587817 -0.008097527548670769 0.0004089500871486962 -0.018797356635332108
1790642448486640619 -0.0026662233285605907 0.00013465249503497034 -0.017359301447868347
1790642448506575337 0.0008966483292169869 -0.0013797648716717958 -0.01697651855647564
1790642448526721775 0.0008296327432617545 -0.0027067253831773996 -0.01744324341416359
1790642448546806866 0.000787332362961024 -0.003544305684044957 -0.018099404871463776
1790642448566746864 0.000787332362961024 -0.003544305684044957 -0.018318628892302513
1790642448588971811 0.000787332362961024 -0.003544305684044957 -0.018298232927918434
1790642448606890038 0.000787332362961024 -0.003544305684044957 -0.01810145191848278
1790642448626937400 0.0008190848166123033 -0.0029155819211155176 -0.017831092700362206
1790642448646927928 0.0008622322347946465 -0.0020612296648323536 -0.017609713599085808
1790642448667110655 0.0008622322347946465 -0.0020612296648323536 -0.017386645078659058
1790642448687228580 0.0008622322347946465 -0.0020612296648323536 -0.01723857782781124
1790642448706903288 0.0008622322347946465 -0.0020612296648323536 -0.01723293960094452
1790642448726983164 0.0008622322347946465 -0.0020612296648323536 -0.017175015062093735
1790642448747228709 0.0009011520305648446 -0.001290587242692709 -0.017098842188715935
1790642448767100097 0.0009011520305648446 -0.001290587242692709 -0.017042620107531548
1790642448787096289 0.0009351072949357331 -0.0006182469078339636 -0.01710750162601471
1790642448807151203 0.0009855879470705986 0.0003813081420958042 -0.01721387915313244
1790642448829350325 0.0009855879470705986 0.0003813081420958042 -0.017236139625310898
1790642448847508337 0.0009855879470705986 0.0003813081420958042 -0.017205659300088882
1790642448867297322 0.001017083995975554 0.0010049541015177965 -0.017185615375638008
1790642448887285545 0.001017083995975554 0.0010049541015177965 -0.017071612179279327
1790642448907300874 0.001017083995975554 0.0010049541015177965 -0.01690584048628807
1790642448927484241 0.0010600798996165395 0.0018563077319413424 -0.016721472144126892
1790642448947649784 0.0011122727300971746 0.0028927724342793226 -0.01629357784986496
1790642448967445457 0.0011496180668473244 0.0036447299644351006 -0.015618688426911831
1790642448987504947 0.0011496180668473244 0.0036447299644351006 -0.014619151130318642
1790642449007664185 0.0011496180668473244 0.0036447299644351006 -0.013609600253403187
1790642449027573238 0.0011496180668473244 0.0036447299644351006 -0.012993743643164635
1790642449047848961 0.0011496180668473244 0.0036447299644351006 -0.012575026601552963
1790642449067675803 0.0011496180668473244 0.0036447299644351006 -0.012356659397482872
1790642449087963398 0.0011496180668473244 0.0036447299644351006 -0.012483852915465832
1790642449107714333 0.0011496180668473244 0.0036447299644351006 -0.01251684594899416
1790642449128116716 0.0011496180668473244 0.0036447299644351006 -0.012341251596808434
1790642449147943590 0.0011496180668473244 0.0036447299644351006 -0.012220927514135838
1790642449167937702 0.0011496180668473244 0.0036447299644351006 -0.012051043100655079
1790642449188245938 0.0011496180668473244 0.0036447299644351006 -0.011830325238406658
1790642449208191632 0.0011496180668473244 0.0036447299644351006 -0.011538499034941196
1790642449227938759 0.0011496180668473244 0.0036447299644351006 -0.01129070296883583
1790642449248440154 0.0011496180668473244 0.0036447299644351006 -0.011073967441916466
1790642449268228178 0.0011496180668473244 0.0036447299644351006 -0.010797555558383465
1790642449288528318 0.0011496180668473244 0.0036447299644351006 -0.010551872663199902
1790642449308199922 0.0011496180668473244 0.0036447299644351006 -0.01021495833992958
1790642449328389465 0.0011496180668473244 0.0036447299644351006 -0.009988680481910706
1790642449348513662 0.0011496180668473244 0.0036447299644351006 -0.010009541176259518
1790642449368252629 0.0011496180668473244 0.0036447299644351006 -0.010032940655946732
1790642449388673669 0.0011496180668473244 0.0036447299644351006 -0.01012284867465496
1790642449408566049 0.0011496180668473244 0.0036447299644351006 -0.010173873975872993
1790642449429553158 0.0011496180668473244 0.0036447299644351006 -0.010114908218383789
1790642449448718535 0.0011496180668473244 0.0036447299644351006 -0.010086710564792156
1790642449468672742 0.0011496180668473244 0.0036447299644351006 -0.010074364952743053
1790642449488659686 0.0011496180668473244 0.0036447299644351006 -0.010052219033241272
1790642449508589540 0.0011496180668473244 0.0036447299644351006 -0.010066324844956398
1790642449528781835 0.0011496180668473244 0.0036447299644351006 -0.010044356808066368
1790642449548776875 0.0011496180668473244 0.0036447299644351006 -0.009995481930673122
1790642449568898640 0.0011496180668473244 0.0036447299644351006 -0.009868908673524857
1790642449588757099 0.0011496180668473244 0.0036447299644351006 -0.009691242128610611
1790642449608770252 0.0011496180668473244 0.0036447299644351006 -0.009414222091436386
1790642449628943891 0.0011496180668473244 0.0036447299644351006 -0.009208591654896736
1790642449648979732 0.0011496180668473244 0.0036447299644351006 -0.009076339192688465
1790642449669033623 0.0011496180668473244 0.0036447299644351006 -0.008885142393410206
1790642449690867450 0.0011496180668473244 0.0036447299644351006 -0.008837906643748283
1790642449711284394 0.0011496180668473244 0.0036447299644351006 -0.008779292926192284
1790642449731099908 0.0011496180668473244 0.0036447299644351006 -0.008735795505344868
1790642449751136005 0.0011496180668473244 0.0036447299644351006 -0.008731977082788944
1790642449771057923 0.0011496180668473244 0.0036447299644351006 -0.008719201199710369
1790642449791292748 0.0011496180668473244 0.0036447299644351006 -0.008730118162930012
1790642449811493043 0.0011496180668473244 0.0036447299644351006 -0.008718453347682953
1790642449831318445 0.0011496180668473244 0.0036447299644351006 -0.008702517487108707
1790642449851384464 0.0011496180668473244 0.0036447299644351006 -0.00864359363913536
1790642449871331663 0.0011496180668473244 0.0036447299644351006 -0.00860519614070654
1790642449891354096 0.0011496180668473244 0.0036447299644351006 -0.008561918511986732
1790642449911903492 0.0011496180668473244 0.0036447299644351006 -0.008506829850375652
1790642449931432307 0.0011496180668473244 0.0036447299644351006 -0.008286586962640285
1790642449953709127 0.0011496180668473244 0.0036447299644351006 -0.007894846610724926
1790642449973998002 0.0011496180668473244 0.0036447299644351006 -0.00753794377669692
1790642449993564963 0.0011496180668473244 0.0036447299644351006 -0.007223614025861025
1790642450013576515 0.0011496180668473244 0.0036447299644351006 -0.007062200456857681
1790642450033572484 0.0011496180668473244 0.0036447299644351006 -0.007054049521684647
1790642450054096631 0.0011496180668473244 0.0036447299644351006 -0.007070664316415787
1790642450073926833 0.0011496180668473244 0.0036447299644351006 -0.007041605655103922
1790642450093780876 0.0011496180668473244 0.0036447299644351006 -0.007013549096882343
1790642450113938418 0.0011496180668473244 0.0036447299644351006 -0.006949396338313818
1790642450133763596 0.0011496180668473244 0.0036447299644351006 -0.006794610992074013
1790642450153735404 0.0011496180668473244 0.0036447299644351006 -0.0066557456739246845
1790642450173975029 0.0011496180668473244 0.0036447299644351006 -0.006546166259795427
1790642450193916435 0.0011496180668473244 0.0036447299644351006 -0.006427785847336054
1790642450214119419 0.0011496180668473244 0.0036447299644351006 -0.006327617913484573
1790642450234313698 0.0011496180668473244 0.0036447299644351006 -0.006245847791433334
1790642450254771091 0.0011496180668473244 0.0036447299644351006 -0.006168490741401911
1790642450273906004 0.0011496180668473244 0.0036447299644351006 -0.006160182412713766
1790642450294140765 0.0011496180668473244 0.0036447299644351006 -0.006169786676764488
1790642450314349413 0.0011496180668473244 0.0036447299644351006 -0.0061464798636734486
1790642450334303715 0.0011496180668473244 0.0036447299644351006 -0.006127099972218275
1790642450358451965 0.0011496180668473244 0.0036447299644351006 -0.006071011070162058
1790642450376836193 0.0011496180668473244 0.0036447299644351006 -0.006013638339936733
1790642450397006440 0.0011496180668473244 0.0036447299644351006 -0.00596547732129693
1790642450417100364 0.0011496180668473244 0.0036447299644351006 -0.005918334703892469
1790642450436911589 0.0011496180668473244 0.0036447299644351006 -0.00587437255308032
1790642450456927206 0.0011496180668473244 0.0036447299644351006 -0.005812098737806082
1790642450477427769 0.0011496180668473244 0.0036447299644351006 -0.005777718033641577
1790642450497150703 0.0011496180668473244 0.0036447299644351006 -0.005652198102325201
1790642450517305717 0.0011496180668473244 0.0036447299644351006 -0.0055242604576051235
1790642450537301109 0.0011496180668473244 0.0036447299644351006 -0.005421456415206194
1790642450557251604 0.0011496180668473244 0.0036447299644351006 -0.005219785030931234
1790642450577339255 0.0011496180668473244 0.0036447299644351006 -0.004785705823451281
1790642450597238164 0.0011496180668473244 0.0036447299644351006 -0.004180352669209242
1790642450617242292 0.0011496180668473244 0.0036447299644351006 -0.003647959092631936
1790642450637407771 0.0011496180668473244 0.0036447299644351006 -0.0031028406228870153
1790642450657455869 0.0011496180668473244 0.0036447299644351006 -0.0026969402097165585
1790642450677372282 0.0011496180668473244 0.0036447299644351006 -0.0024842822458595037
1790642450697436413 0.0011496180668473244 0.0036447299644351006 -0.00243951054289937
1790642450717631300 0.0011496180668473244 0.0036447299644351006 -0.002460261806845665
1790642450737591555 0.0011496180668473244 0.0036447299644351006 -0.0024498936254531145
1790642450757525249 0.0011496180668473244 0.0036447299644351006 -0.0024670599959790707
1790642450777700936 0.0011496180668473244 0.0036447299644351006 -0.002389079425483942
1790642450797539394 0.0011496180668473244 0.0036447299644351006 -0.0022205645218491554
1790642450817839854 0.0011496180668473244 0.0036447299644351006 -0.002117604948580265
1790642450837866095 0.0011496180668473244 0.0036447299644351006 -0.001955250045284629
1790642450857727722 0.0011496180668473244 0.0036447299644351006 -0.0015482858289033175
1790642450877971987 0.0011496180668473244 0.0036447299644351006 -0.001059696194715798
1790642450897784141 0.0011496180668473244 0.0036447299644351006 -0.0005991953075863421
1790642450918109561 0.0011496180668473244 0.0036447299644351006 -0.00023961684200912714
1790642450938044535 0.0011496180668473244 0.0036447299644351006 -0.00019101555517408997
1790642450957895794 0.0011496180668473244 0.0036447299644351006 -0.00041065618279390037
1790642450978543434 0.0011496180668473244 0.0036447299644351006 -0.0006110859685577452
1790642450998101114 0.0011496180668473244 0.0036447299644351006 -0.0004213836509734392
1790642451018382053 0.0011496180668473244 0.0036447299644351006 -0.0003627544501796365
1790642451038156413 0.0011496180668473244 0.0036447299644351006 -0.00023496171343140304
1790642451058239328 0.0011496180668473244 0.0036447299644351006 0.00015567759692203254
1790642451078269186 0.0011496180668473244 0.0036447299644351006 0.00020645553013309836
1790642451098181343 0.0011496180668473244 0.0036447299644351006 8.550136408302933e-05
1790642451119940608 0.0011496180668473244 0.0036447299644351006 0.00011211181117687374
1790642451139931392 0.0011496180668473244 0.0036447299644351006 0.00011945179721806198
1790642451159941024 0.0011496180668473244 0.0036447299644351006 0.0001445285597583279
1790642451180726878 0.0011496180668473244 0.0036447299644351006 0.000258981017395854
1790642451199963330 0.0011496180668473244 0.0036447299644351006 0.0003285427519585937
1790642451220173770 0.0011496180668473244 0.0036447299644351006 0.0003332261403556913
1790642451240072327 0.0011496180668473244 0.0036447299644351006 0.00036375460331328213
1790642451260522808 0.0011496180668473244 0.0036447299644351006 0.0003425276081543416
1790642451280221517 0.0011496180668473244 0.0036447299644351006 0.00031795809627510607
1790642451300190220 0.0011496180668473244 0.0036447299644351006 0.00038296988350339234
1790642451320218189 0.0011496180668473244 0.0036447299644351006 0.0003864497411996126
1790642451340589403 0.0011496180668473244 0.0036447299644351006 0.0003599738120101392
1790642451360435478 0.0011496180668473244 0.0036447299644351006 0.0003612965520005673
1790642451380619901 0.0011496180668473244 0.0036447299644351006 0.0004227934405207634
1790642451400351188 0.0011496180668473244 0.0036447299644351006 0.00043691418250091374
1790642451420488057 0.0011496180668473244 0.0036447299644351006 0.0004384943167679012
1790642451440509658 0.0011496180668473244 0.0036447299644351006 0.0004824691277462989
1790642451460589245 0.0011496180668473244 0.0036447299644351006 0.00046661405940540135
1790642451480693633 0.0011496180668473244 0.0036447299644351006 0.00040930413524620235
1790642451500697410 0.0011496180668473244 0.0036447299644351006 0.0004678158729802817
1790642451520737572 0.0011496180668473244 0.0036447299644351006 0.0004940304206684232
1790642451540768773 0.0011496180668473244 0.0036447299644351006 0.0004762502503581345
1790642451560768774 0.0011496180668473244 0.0036447299644351006 0.0005055746296420693
1790642451580919051 0.0011496180668473244 0.0036447299644351006 0.0005551113281399012
1790642451600728229 0.0011496180668473244 0.0036447299644351006 0.0005630690138787031
1790642451621518242 0.0011496180668473244 0.0036447299644351006 0.0005839357036165893
1790642451641225240 0.0011496180668473244 0.0036447299644351006 0.0006134221330285072
1790642451660773223 0.0011496180668473244 0.0036447299644351006 0.0006722307298332453
1790642451681106580 0.0011496180668473244 0.0036447299644351006 0.0006960590835660696
1790642451700933806 0.0011496180668473244 0.0036447299644351006 0.0007360026938840747
1790642451720930670 0.0011496180668473244 0.0036447299644351006 0.00072476762579754
1790642451741469474 0.0011496180668473244 0.0036447299644351006 0.0007276752730831504
1790642451761123094 0.0011496180668473244 0.0036447299644351006 0.0007365156779997051
1790642451781131766 0.0011496180668473244 0.0036447299644351006 0.0006819512345828116
1790642451801067380 0.0011496180668473244 0.0036447299644351006 0.0006951417308300734
1790642451821456867 0.0011496180668473244 0.0036447299644351006 0.000678932701703161
1790642451841591336 0.0011496180668473244 0.0036447299644351006 0.0006271846359595656
1790642451861432675 0.0011496180668473244 0.0036447299644351006 0.0006036502309143543
1790642451881564264 0.0011496180668473244 0.0036447299644351006 0.000618789519648999
1790642451901442628 0.0011496180668473244 0.0036447299644351006 0.000626017339527607
1790642451922359750 0.0011496180668473244 0.0036447299644351006 0.0006055256817489862
1790642451941439940 0.0011496180668473244 0.0036447299644351006 0.0006178668700158596
1790642451961810482 0.0011496180668473244 0.0036447299644351006 0.0005992118385620415
1790642451982080317 0.0011496180668473244 0.0036447299644351006 0.0006037882412783802
1790642452001527753 0.0011496180668473244 0.0036447299644351006 0.0006125459331087768
1790642452024916678 0.0011496180668473244 0.0036447299644351006 0.0006233278545551002
1790642452041922936 0.0011496180668473244 0.0036447299644351006 0.0006441976292990148
1790642452061604652 0.0011496180668473244 0.0036447299644351006 0.0006699266377836466
1790642452085163280 0.0011496180668473244 0.0036447299644351006 0.0006868620403110981
1790642452102917149 0.0011496180668473244 0.0036447299644351006 0.0006841100985184312
1790642452122048254 0.0011496180668473244 0.0036447299644351006 0.0006740415119566023
1790642452143284172 0.0011496180668473244 0.0036447299644351006 0.0007072124863043427
1790642452161896665 0.0011496180668473244 0.0036447299644351006 0.0007020683842711151
1790642452182088544 0.0011496180668473244 0.0036447299644351006 0.0006898966967128217
1790642452201886649 0.0011496180668473244 0.0036447299644351006 0.0006761155091226101
1790642452223160808 0.0011496180668473244 0.0036447299644351006 0.0006895730039104819
1790642452241932219 0.0011496180668473244 0.0036447299644351006 0.0007071486325003207
1790642452262193445 0.0011496180668473244 0.0036447299644351006 0.0006727002910338342
1790642452286667434 0.0011496180668473244 0.0036447299644351006 0.0006333247874863446
1790642452306078325 0.0011496180668473244 0.0036447299644351006 0.0006106334622018039
1790642452325991026 0.0011496180668473244 0.0036447299644351006 0.0006189059349708259
1790642452346040788 0.0011496180668473244 0.0036447299644351006 0.000655522511806339
1790642452366040309 0.0011496180668473244 0.0036447299644351006 0.0006248924764804542
1790642452388266951 0.0011496180668473244 0.0036447299644351006 0.0006192807340994477
1790642452408365835 0.0011496180668473244 0.0036447299644351006 0.0006180577911436558
1790642452428901087 0.0011496180668473244 0.0036447299644351006 0.0006094498094171286
1790642452448422254 0.0011496180668473244 0.0036447299644351006 0.0006310860044322908
1790642452468417870 0.0011496180668473244 0.0036447299644351006 0.0006704646511934698
1790642452488350796 0.0011496180668473244 0.0036447299644351006 0.0006490584928542376
1790642452510554941 0.0011496180668473244 0.0036447299644351006 0.0006524453638121486
1790642452530580030 0.0011496180668473244 0.0036447299644351006 0.0006667795241810381
1790642452550513852 0.0011496180668473244 0.0036447299644351006 0.0006726593128405511
1790642452570618913 0.0011496180668473244 0.0036447299644351006 0.0007062338409014046
1790642452590574175 0.0011496180668473244 0.0036447299644351006 0.0007131787133403122
1790642452610622625 0.0011496180668473244 0.0036447299644351006 0.0007133444887585938
1790642452630823017 0.0011496180668473244 0.0036447299644351006 0.0006907841307111084
1790642452650982415 0.0011496180668473244 0.0036447299644351006 0.0006993583519943058
1790642452670711046 0.0011496180668473244 0.0036447299644351006 0.0006865203031338751
1790642452691148214 0.0011496180668473244 0.0036447299644351006 0.0006829370395280421
1790642452710794345 0.0011496180668473244 0.0036447299644351006 0.0006933597032912076
1790642452730972656 0.0011496180668473244 0.0036447299644351006 0.0006844603340141475
1790642452750990161 0.0011496180668473244 0.0036447299644351006 0.0006544538191519678
1790642452770955408 0.0011496180668473244 0.0036447299644351006 0.0006621231441386044
1790642452803091823 0.0011496180668473244 0.0036447299644351006 0.0006276580970734358
1790642452823414556 0.0011496180668473244 0.0036447299644351006 0.0006447116611525416
1790642452843354714 0.0011496180668473244 0.0036447299644351006 0.0006505731726065278
1790642452863222901 0.0011496180668473244 0.0036447299644351006 0.0006493441760540009
1790642452883309209 0.0011496180668473244 0.0036447299644351006 0.0006919065490365028
1790642452913457071 0.0011496180668473244 0.0036447299644351006 0.0006622319342568517
1790642452933382252 0.0011496180668473244 0.0036447299644351006 0.0006649238639511168
1790642452953271336 0.0011496180668473244 0.0036447299644351006 0.0006877144915051758
1790642452973295338 0.0011496180668473244 0.0036447299644351006 0.0007175845676101744
1790642452993334827 0.0011496180668473244 0.0036447299644351006 0.0007540601654909551
1790642453018335652 0.0011496180668473244 0.0036447299644351006 0.0007562063401564956
1790642453037503430 0.0011496180668473244 0.0036447299644351006 0.0007433726568706334
1790642453057578601 0.0011496180668473244 0.0036447299644351006 0.000746589561458677
1790642453077879092 0.0011496180668473244 0.0036447299644351006 0.0007505698595196009
1790642453097533576 0.0011496180668473244 0.0036447299644351006 0.0007529855356551707
1790642453117663309 0.0011496180668473244 0.0036447299644351006 0.0007778823492117226
1790642453137876565 0.0011496180668473244 0.0036447299644351006 0.0008014478953555226
1790642453159397773 0.0011496180668473244 0.0036447299644351006 0.0007533311145380139
1790642453177851381 0.0011496180668473244 0.0036447299644351006 0.0007537331548519433
1790642453197852533 0.0011496180668473244 0.0036447299644351006 0.0007673887885175645
1790642453218454988 0.0011496180668473244 0.0036447299644351006 0.0007561572128906846
1790642453237794612 0.0011496180668473244 0.0036447299644351006 0.000750883249565959
1790642453257964922 0.0011496180668473244 0.0036447299644351006 0.0007799272425472736
1790642453278010172 0.0011496180668473244 0.0036447299644351006 0.000756185851059854
1790642453298026109 0.0011496180668473244 0.0036447299644351006 0.0008211363456211984
1790642453318028221 0.0011496180668473244 0.0036447299644351006 0.0009287400171160698
1790642453338146210 0.0011496180668473244 0.0036447299644351006 0.0009547622757963836
1790642453358322761 0.0011496180668473244 0.0036447299644351006 0.0009746475261636078
1790642453378087105 0.0011496180668473244 0.0036447299644351006 0.0009753923513926566
1790642453398150755 0.0011496180668473244 0.0036447299644351006 0.0009223195374943316
1790642453418530546 0.0011496180668473244 0.0036447299644351006 0.000890300318133086
1790642453438512913 0.0011496180668473244 0.0036447299644351006 0.00090407719835639
1790642453458397069 0.0011496180668473244 0.0036447299644351006 0.0009290928719565272
1790642453478312075 0.0011496180668473244 0.0036447299644351006 0.0009287864668294787
1790642453498534323 0.0011496180668473244 0.0036447299644351006 0.0009375492809340358
1790642453518457297 0.0011496180668473244 0.0036447299644351006 0.0009295509662479162
1790642453538558901 0.0011496180668473244 0.0036447299644351006 0.0009065167396329343
1790642453559777090 0.0011496180668473244 0.0036447299644351006 0.000937006960157305
1790642453578757053 0.0011496180668473244 0.0036447299644351006 0.000944885890930891
1790642453598570454 0.0011496180668473244 0.0036447299644351006 0.0008548572077415884
1790642453618905987 0.0011496180668473244 0.0036447299644351006 0.0008621423621661961
1790642453638608664 0.0011496180668473244 0.0036447299644351006 0.0008394098258577287
1790642453658895907 0.0011496180668473244 0.0036447299644351006 0.0008244319469667971
1790642453679035816 0.0011496180668473244 0.0036447299644351006 0.0008534675580449402
1790642453698729406 0.0011496180668473244 0.0036447299644351006 0.0008635670528747141
1790642453719127084 0.0011496180668473244 0.0036447299644351006 0.0008493187488056719
1790642453738780288 0.0011496180668473244 0.0036447299644351006 0.0008704406209290028
1790642453758878436 0.0011496180668473244 0.0036447299644351006 0.0008691589464433491
1790642453778884613 0.0011496180668473244 0.0036447299644351006 0.0008628262439742684
1790642453799211057 0.0011496180668473244 0.0036447299644351006 0.0008938065730035305
1790642453819267859 0.0011496180668473244 0.0036447299644351006 0.0008856921340338886
1790642453839149647 0.0011496180668473244 0.0036447299644351006 0.0008746986859478056
1790642453859071245 0.0011496180668473244 0.0036447299644351006 0.0008588815690018237
1790642453879110094 0.0011496180668473244 0.0036447299644351006 0.0008662238833494484
1790642453899197202 0.0011496180668473244 0.0036447299644351006 0.000877933984156698
1790642453924201451 0.0011496180668473244 0.0036447299644351006 0.0009109504171647131
1790642453943924993 0.0011496180668473244 0.0036447299644351006 0.0009256664197891951
1790642453963902976 0.0011496180668473244 0.0036447299644351006 0.0009168462711386383
1790642453983977795 0.0011496180668473244 0.0036447299644351006 0.000888343492988497
1790642454003973956 0.0011496180668473244 0.0036447299644351006 0.0009022311423905194
1790642454023977636 0.0011496180668473244 0.0036447299644351006 0.0009128899546340108
1790642454087290687 0.0011496180668473244 0.0036447299644351006 0.0009404282900504768
1790642454110307598 0.0011496180668473244 0.0036447299644351006 0.0009177484316751361
1790642454131116364 0.0011496180668473244 0.0036447299644351006 0.0009082244941964746
1790642454149968899 0.0011496180668473244 0.0036447299644351006 0.0009165159426629543
1790642454169955746 0.0011496180668473244 0.0036447299644351006 0.00096373469568789
1790642454199513859 0.0011496180668473244 0.0036447299644351006 0.0009519642335362732
1790642454241931100 0.0011496180668473244 0.0036447299644351006 0.0009287048014812171
1790642454262067234 0.0011496180668473244 0.0036447299644351006 0.0009370532934553921
1790642454286585448 0.0011496180668473244 0.0036447299644351006 0.0009356971131637692
1790642454309101893 0.0011496180668473244 0.0036447299644351006 0.000984390266239643
1790642454328404076 0.0011496180668473244 0.0036447299644351006 0.0009636993636377156
1790642454348243782 0.0011496180668473244 0.0036447299644351006 0.0009639083873480558
1790642454372811151 0.0011496180668473244 0.0036447299644351006 0.0009572227718308568
1790642454395655672 0.0011496180668473244 0.0036447299644351006 0.0009712343453429639
1790642454413768275 0.0011496180668473244 0.0036447299644351006 0.0009525027126073837
1790642454446774226 0.0011496180668473244 0.0036447299644351006 0.0009691374725662172
1790642454456430805 0.0011496180668473244 0.0036447299644351006 0.0009738858207128942
1790642454472270749 0.0011496180668473244 0.0036447299644351006 0.000982989906333387
1790642454495050531 0.0011496180668473244 0.0036447299644351006 0.0009749262826517224
1790642454512382625 0.0011496180668473244 0.0036447299644351006 0.0009931100066751242
1790642454532364609 0.0011496180668473244 0.0036447299644351006 0.001011029933579266
1790642454552412867 0.0011496180668473244 0.0036447299644351006 0.000989337102510035
1790642454572511591 0.0011496180668473244 0.0036447299644351006 0.000977366347797215
1790642454592542376 0.0011496180668473244 0.0036447299644351006 0.0009651214350014925
1790642454612579626 0.0011496180668473244 0.0036447299644351006 0.0009561533806845546
1790642454633140383 0.0011496180668473244 0.0036447299644351006 0.0009818697581067681
1790642454652917079 0.0011496180668473244 0.0036447299644351006 0.000992544344626367
1790642454672963449 0.0011496180668473244 0.0036447299644351006 0.0010065730893984437
1790642454692823764 0.0011496180668473244 0.0036447299644351006 0.00100713933352381
1790642454712745138 0.0011496180668473244 0.0036447299644351006 0.0009967400692403316
1790642454732840502 0.0011496180668473244 0.0036447299644351006 0.000994478934444487
1790642454752831318 0.0011496180668473244 0.0036447299644351006 0.0010075437603518367
1790642454772959643 0.0011496180668473244 0.0036447299644351006 0.000988202402368188
1790642454792977116 0.0011496180668473244 0.0036447299644351006 0.000983739853836596
1790642454813068831 0.0011496180668473244 0.0036447299644351006 0.0009746786672621965
1790642454833002973 0.0011496180668473244 0.0036447299644351006 0.000978562980890274
1790642454853050015 0.0011496180668473244 0.0036447299644351006 0.0009831740753725171
1790642454873146307 0.0011496180668473244 0.0036447299644351006 0.0009970749961212277
1790642454893252200 0.0011496180668473244 0.0036447299644351006 0.0010193047346547246
1790642454913224039 0.0011496180668473244 0.0036447299644351006 0.0010159476660192013
1790642454933295274 0.0011496180668473244 0.0036447299644351006 0.0010880441404879093
1790642454953437391 0.0011496180668473244 0.0036447299644351006 0.0011858000652864575
1790642454973349452 0.0011496180668473244 0.0036447299644351006 0.001293669454753399
1790642454993281066 0.0011496180668473244 0.0036447299644351006 0.0013143911492079496
1790642455013442000 0.0011496180668473244 0.0036447299644351006 0.0013006154913455248
1790642455037315679 0.0011496180668473244 0.0036447299644351006 0.0012355853104963899
1790642455062497791 0.0011496180668473244 0.0036447299644351006 0.0011840767692774534
1790642455105245060 0.0011496180668473244 0.0036447299644351006 0.0012055174447596073
1790642455121881001 0.0011496180668473244 0.0036447299644351006 0.0012748218141496181
1790642455141868809 0.0011496180668473244 0.0036447299644351006 0.0012748590670526028
1790642455161839912 0.0011496180668473244 0.0036447299644351006 0.00123986613471061
1790642455182190389 0.0011496180668473244 0.0036447299644351006 0.001236621872521937
1790642455201726756 0.0011496180668473244 0.0036447299644351006 0.0012880222639068961
1790642455221852425 0.0011496180668473244 0.0036447299644351006 0.0013058583717793226
1790642455242337148 0.0011496180668473244 0.0036447299644351006 0.001351999002508819
1790642455261852394 0.0011496180668473244 0.0036447299644351006 0.001360305119305849
1790642455282523075 0.0011496180668473244 0.0036447299644351006 0.0013400843599811196
1790642455302127285 0.0011496180668473244 0.0036447299644351006 0.0013175278436392546
1790642455324975902 0.0011496180668473244 0.0036447299644351006 0.001299029914662242
1790642455342059731 0.0011496180668473244 0.0036447299644351006 0.0011904028942808509
1790642455362118613 0.0011496180668473244 0.0036447299644351006 0.0012248145649209619
1790642455382260091 0.0011496180668473244 0.0036447299644351006 0.0012398408725857735
1790642455402250587 0.0011496180668473244 0.0036447299644351006 0.0012159172911196947
1790642455423205630 0.0011496180668473244 0.0036447299644351006 0.001176368910819292
1790642455442606505 0.0011496180668473244 0.0036447299644351006 0.0011556934332475066
1790642455473226416 0.0011496180668473244 0.0036447299644351006 0.0011837424244731665
1790642455489028470 0.0011496180668473244 0.0036447299644351006 0.0011995763052254915
1790642455502728462 0.0011496180668473244 0.0036447299644351006 0.0012248082784935832
1790642455523058939 0.0011496180668473244 0.0036447299644351006 0.001223015133291483
1790642455542464293 0.0011496180668473244 0.0036447299644351006 0.0011847999412566423
1790642455562543080 0.0011496180668473244 0.0036447299644351006 0.0011633216636255383
1790642455582927991 0.0011496180668473244 0.0036447299644351006 0.0011733743594959378
1790642455602660813 0.0011496180668473244 0.0036447299644351006 0.0012015077518299222
1790642455624044065 0.0011496180668473244 0.0036447299644351006 0.0012075187405571342
1790642455643101406 0.0011496180668473244 0.0036447299644351006 0.0012150604743510485
1790642455666481243 0.0011496180668473244 0.0036447299644351006 0.0012102479813620448
1790642455682925912 0.0011496180668473244 0.0036447299644351006 0.0011674752458930016
1790642455703423883 0.0011496180668473244 0.0036447299644351006 0.0011833716416731477
1790642455723043773 0.0011496180668473244 0.0036447299644351006 0.001169591792859137
1790642455743205348 0.0011496180668473244 0.0036447299644351006 0.0011938344687223434
1790642455763226405 0.0011496180668473244 0.0036447299644351006 0.0011858409270644188
1790642455787779117 0.0011496180668473244 0.0036447299644351006 0.0011622881283983588
1790642455803743801 0.0011496180668473244 0.0036447299644351006 0.0011582346633076668
1790642455825592029 0.0011496180668473244 0.0036447299644351006 0.00116201292257756
1790642455843807388 0.0011496180668473244 0.0036447299644351006 0.0011829554568976164
1790642455863784347 0.0011496180668473244 0.0036447299644351006 0.0011870034504681826
1790642455884525943 0.0011496180668473244 0.0036447299644351006 0.0012210268760100007
1790642455904276046 0.0011496180668473244 0.0036447299644351006 0.000769551785197109
1790642455926199093 0.0011496180668473244 0.0036447299644351006 -0.001411209348589182
1790642455943776316 0.0011496180668473244 0.0036447299644351006 -0.0028002529870718718
1790642455963370573 0.0011496180668473244 0.0036447299644351006 -0.004542500711977482
1790642455983514003 0.0011496180668473244 0.0036447299644351006 -0.00490807369351387
1790642456003306220 0.0011496180668473244 0.0036447299644351006 -0.004740133881568909
1790642456023469042 0.0011496180668473244 0.0036447299644351006 -0.004771746229380369
1790642456043475219 0.0011496180668473244 0.0036447299644351006 -0.005068703554570675
1790642456063829056 0.0011496180668473244 0.0036447299644351006 -0.005550015717744827
1790642456084826341 0.0011496180668473244 0.0036447299644351006 -0.0069208769127726555
1790642456105771048 0.0011496180668473244 0.0036447299644351006 -0.008902261964976788
1790642456135308232 0.0011496180668473244 0.0036447299644351006 -0.011858220212161541
1790642456164347381 0.0011496180668473244 0.0036447299644351006 -0.016433680430054665
1790642456165891149 0.0011496180668473244 0.0036447299644351006 -0.023587454110383987
1790642456185754537 0.0011496180668473244 0.0036447299644351006 -0.030813375487923622
1790642456210876710 0.0011496180668473244 0.0036447299644351006 -0.03749394416809082
1790642456226274205 0.0011496180668473244 0.0036447299644351006 -0.04256219044327736
1790642456245851757 0.0011496180668473244 0.0036447299644351006 -0.044349413365125656
1790642456265938033 0.0011496180668473244 0.0036447299644351006 -0.04284954071044922
1790642456286059286 0.0011496180668473244 0.0036447299644351006 -0.04140598699450493
1790642456307103036 0.0011496180668473244 0.0036447299644351006 -0.04035516455769539
1790642456326724463 0.0011496180668473244 0.0036447299644351006 -0.03675059974193573
1790642456346466246 0.0011496180668473244 0.0036447299644351006 -0.03271655738353729
1790642456367914267 0.0011496180668473244 0.0036447299644351006 -0.025883205235004425
1790642456388039392 0.001148774172179401 0.004338727332651615 -0.02147376351058483
1790642456410991693 0.0011473055928945541 0.0055871098302304745 -0.02130357176065445
1790642456426168444 0.001145014539361 0.007569484878331423 -0.018099894747138023
1790642456446587340 0.001141688204370439 0.010379543527960777 -0.017312344163656235
1790642456470733349 0.0011375263566151261 0.013848986476659775 -0.02286689355969429
1790642456500247811 0.0011277977610006928 0.02179783210158348 -0.04075248911976814
1790642456513850776 0.0011228921357542276 0.025938285514712334 -0.04243290051817894
1790642456533039995 0.00111778371501714 0.030329540371894836 -0.04309683293104172
1790642456552548873 0.0011122218566015363 0.03506965562701225 -0.04367193207144737
1790642456572438053 0.001106333453208208 0.03997046872973442 -0.04231780394911766
1790642456592754609 0.0010997431818395853 0.045428190380334854 -0.03814972937107086
1790642456613132863 0.004392512608319521 0.0536353625357151 -0.02987484633922577
1790642456632574475 0.007597366813570261 0.06000081077218056 -0.019597798585891724
1790642456652664655 0.010654524900019169 0.06527850031852722 -0.008681578561663628
1790642456673348904 0.01064761821180582 0.07111487537622452 0.0019862065091729164
1790642456692919353 0.012685680761933327 0.07458595931529999 0.013864382170140743
1790642456712859575 0.012680934742093086 0.07856190949678421 0.02530558779835701
1790642456732905305 0.012676073238253593 0.08266136795282364 0.02589806728065014
1790642456753205956 0.01266462355852127 0.09251189231872559 0.0264064259827137
1790642456773165635 0.012652387842535973 0.1030762642621994 0.030602114275097847
1790642456793211813 0.012645283713936806 0.10919032990932465 0.041713546961545944
1790642456813054816 0.009810484945774078 0.11460689455270767 0.0530044361948967
1790642456832965821 0.009802279993891716 0.12151862680912018 0.06870635598897934
1790642456853055040 0.00979274045675993 0.12933190166950226 0.08807899057865143
1790642456873498481 0.009787325747311115 0.1363675892353058 0.10624829679727554
1790642456893858463 0.009797712787985802 0.14372795820236206 0.12206319719552994
1790642456914082215 0.00981837883591652 0.1511079967021942 0.15172357857227325
1790642456933328556 0.012509842403233051 0.15802080929279327 0.18487262725830078
1790642456956830029 0.016977712512016296 0.1658324897289276 0.21078507602214813
1790642456973895233 0.020801089704036713 0.17468242347240448 0.22788365185260773
1790642456993979077 0.025287477299571037 0.1851842999458313 0.24459272623062134
1790642457013473170 0.030198538675904274 0.1940193623304367 0.26221588253974915
1790642457033386128 0.03370460495352745 0.20267337560653687 0.2812880873680115
1790642457061381078 0.03586212918162346 0.21000871062278748 0.30462756752967834
1790642457081463738 0.039249032735824585 0.21648161113262177 0.3299088478088379
1790642457101638752 0.0413825586438179 0.22244767844676971 0.3593572974205017
1790642457121686178 0.04143139719963074 0.22541934251785278 0.3825118839740753
1790642457141608992 0.04151642322540283 0.22902347147464752 0.4122466444969177
1790642457161681379 0.04178464040160179 0.23772527277469635 0.44069287180900574
1790642457181630881 0.042063649743795395 0.2451631724834442 0.4642527401447296
1790642457201721957 0.042307548224925995 0.25089016556739807 0.4795602858066559
1790642457221957742 0.04485926404595375 0.2548237442970276 0.4896332919597626
1790642457241790056 0.04509386420249939 0.2602953016757965 0.5019353032112122
1790642457261895788 0.04540686309337616 0.26785025000572205 0.5156082510948181
1790642457281977904 0.0456874705851078 0.27479997277259827 0.5305015444755554
1790642457301896749 0.043771713972091675 0.28178393840789795 0.5538202524185181
1790642457321912078 0.03880354017019272 0.2825776934623718 0.5816819071769714
1790642457341984721 0.031801167875528336 0.28642573952674866 0.6020980477333069
1790642457362109430 0.024976791813969612 0.28828224539756775 0.6171302795410156
1790642457382104118 0.020503748208284378 0.293634831905365 0.6288155913352966
1790642457402124631 0.018012799322605133 0.29937633872032166 0.641547441482544
1790642457423605966 0.01809462532401085 0.30410221219062805 0.647740364074707
1790642457442173754 0.018265005201101303 0.31155192852020264 0.6452645063400269
1790642457462207131 0.02091304212808609 0.3182591497898102 0.6427563428878784
1790642457485848258 0.02330457977950573 0.32407695055007935 0.6458864808082581
1790642457502413027 0.023645849898457527 0.33211469650268555 0.6589731574058533
1790642457522470726 0.026400497183203697 0.33707189559936523 0.6563575267791748
1790642457542471334 0.026516936719417572 0.3397364318370819 0.6468480229377747
1790642457562584299 0.028701668605208397 0.33863571286201477 0.6415581703186035
1790642457582449606 0.03213126212358475 0.33639654517173767 0.6420238018035889
1790642457602613868 0.03833156079053879 0.3349161446094513 0.6451056599617004
1790642457622521129 0.041754767298698425 0.33734840154647827 0.6505328416824341
1790642457642796148 0.04602701589465141 0.3444870710372925 0.656324028968811
1790642457662678000 0.04807412624359131 0.3564530909061432 0.6571574807167053
1790642457682987836 0.04786459729075432 0.37156471610069275 0.6545127034187317
1790642457702720210 0.04750800505280495 0.38565313816070557 0.6463457942008972
1790642457722881112 0.05184561014175415 0.38509461283683777 0.6278278827667236
1790642457742794005 0.056372981518507004 0.38667628169059753 0.6179084777832031
1790642457763040927 0.056237783282995224 0.39109280705451965 0.6201311349868774
1790642457782899898 0.06199174001812935 0.3948461413383484 0.620381236076355
1790642457802838264 0.06715463846921921 0.4020199477672577 0.6169482469558716
1790642457823302057 0.07318148761987686 0.4089164733886719 0.617252767086029
1790642457842969245 0.07549989223480225 0.41918572783470154 0.622499942779541
1790642457863140868 0.07440763711929321 0.4294271767139435 0.6268675327301025
1790642457883012928 0.0676802545785904 0.43730002641677856 0.6293271780014038
1790642457903061442 0.0595257431268692 0.44163408875465393 0.6319640278816223
1790642457923081443 0.053075551986694336 0.44644883275032043 0.635750949382782
1790642457943075971 0.04557414352893829 0.4533284902572632 0.6388209462165833
1790642457963169479 0.04065540432929993 0.4632667899131775 0.6391566395759583
1790642457983173447 0.04080836474895477 0.47123315930366516 0.6367473602294922
1790642458003275819 0.04260992258787155 0.47667354345321655 0.6348163485527039
1790642458023402192 0.04559773579239845 0.4838971793651581 0.6343493461608887
1790642458043420113 0.04847558215260506 0.48705318570137024 0.6331834197044373
1790642458063376208 0.05184342339634895 0.4930992126464844 0.6321713328361511
1790642458083418226 0.052423931658267975 0.5011618733406067 0.6317867636680603
1790642458103852738 0.053613532334566116 0.5103471875190735 0.6318289637565613
1790642458123628954 0.05072722211480141 0.5169473886489868 0.6316236853599548
1790642458143601626 0.05020550638437271 0.5180535912513733 0.6312154531478882
1790642458163538936 0.050873007625341415 0.5167206525802612 0.6314311027526855
1790642458183624667 0.052718307822942734 0.5131723284721375 0.6319510340690613
1790642458203691422 0.05387484282255173 0.5110021233558655 0.6327523589134216
1790642458223781090 0.05563823878765106 0.5145973563194275 0.6335989832878113
1790642458244023211 0.056843120604753494 0.5192500948905945 0.6342950463294983
1790642458267855544 0.05764305591583252 0.5226569175720215 0.6354130506515503
1790642458283847365 0.05570955574512482 0.5257836580276489 0.6366328001022339
1790642458303947465 0.05558352917432785 0.5297064185142517 0.6372050046920776
1790642458323997291 0.05586065351963043 0.5340408086776733 0.6379807591438293
1790642458343872391 0.056454043835401535 0.5382919907569885 0.6390895247459412
1790642458363867335 0.056307826191186905 0.5421521067619324 0.6390430927276611
1790642458384649956 0.054039109498262405 0.545189380645752 0.6362682580947876
1790642458404462302 0.051716212183237076 0.5482593774795532 0.6324195861816406
1790642458424223605 0.04932370036840439 0.5514376759529114 0.6294057369232178
1790642458444034863 0.04740048572421074 0.5540059804916382 0.6264663934707642
1790642458464098833 0.04273395612835884 0.5550391674041748 0.6231796145439148
1790642458484295929 0.03886130452156067 0.5565068125724792 0.6212584972381592
1790642458504590276 0.03733723983168602 0.5584853887557983 0.6212802529335022
1790642458524274329 0.032904740422964096 0.5599934458732605 0.6227957606315613
1790642458544500705 0.03162219747900963 0.5617104172706604 0.625397801399231
1790642458564463488 0.03040264919400215 0.563341498374939 0.6285018920898438
1790642458585128921 0.029394637793302536 0.5646810531616211 0.6319484114646912
1790642458604842959 0.028805840760469437 0.5654547214508057 0.6376373171806335
1790642458624581542 0.028368350118398666 0.5660226941108704 0.6462386846542358
1790642458644499459 0.028368350118398666 0.5660226941108704 0.6556321382522583
1790642458664552517 0.028368350118398666 0.5660226941108704 0.662163257598877
1790642458684617576 0.028368350118398666 0.5660226941108704 0.6646365523338318
1790642458704795247 0.028368350118398666 0.5660226941108704 0.6667047739028931
1790642458724931572 0.028368350118398666 0.5660226941108704 0.6686650514602661
1790642458744866002 0.028368350118398666 0.5660226941108704 0.6678868532180786
1790642458764862802 0.028368350118398666 0.5660226941108704 0.6649280190467834
1790642458784947830 0.027877718210220337 0.5667144060134888 0.6612492203712463
1790642458804899668 0.02712281420826912 0.5677779912948608 0.6561849117279053
1790642458824951543 0.026192985475063324 0.5690735578536987 0.6581734418869019
1790642458844918390 0.026828426867723465 0.5716174840927124 0.6581659317016602
1790642458864992377 0.027387527748942375 0.5743308663368225 0.6555166840553284
1790642458885084636 0.028340470045804977 0.5770078897476196 0.6548436284065247
1790642458905176864 0.03010738268494606 0.5791805982589722 0.6612886786460876
1790642458925086845 0.032288577407598495 0.5808005928993225 0.6668274402618408
1790642458945180833 0.034433286637067795 0.5823945999145508 0.6660091876983643
1790642458965301606 0.03640357032418251 0.5838516354560852 0.660081148147583
1790642458985286661 0.03915557637810707 0.5851136445999146 0.6526855826377869
1790642459005284710 0.042338404804468155 0.5866623520851135 0.6520434617996216
1790642459025253509 0.045195385813713074 0.5887593626976013 0.6594491600990295
1790642459045346665 0.04858500137925148 0.5912420749664307 0.6683557629585266
1790642459065301639 0.05315060168504715 0.5945834517478943 0.6735657453536987
1790642459085381419 0.05840045586228371 0.6001707911491394 0.6767725944519043
1790642459105456430 0.06419433653354645 0.6060666441917419 0.6806369423866272
1790642459125691607 0.07104600220918655 0.6110750436782837 0.6877421140670776
1790642459145496880 0.07810259610414505 0.6153993010520935 0.6964932084083557
1790642459165779611 0.0854601338505745 0.6190367341041565 0.7029698491096497
1790642459185983714 0.09330598264932632 0.6223527193069458 0.7049707770347595
1790642459205551475 0.10126999020576477 0.6247388124465942 0.7015880346298218
1790642459225684120 0.11108385026454926 0.6256978511810303 0.7013623118400574
1790642459245673496 0.1218591257929802 0.6237210631370544 0.7037572860717773
1790642459266484630 0.13188256323337555 0.622126042842865 0.7075443863868713
1790642459285703514 0.1413019597530365 0.6219896078109741 0.7115063667297363
1790642459307279028 0.15249471366405487 0.6252251863479614 0.7209323048591614
1790642459325844064 0.16437982022762299 0.6292762756347656 0.7370920777320862
1790642459345908482 0.1765984147787094 0.6351698637008667 0.7553677558898926
1790642459366025895 0.1880885660648346 0.6418904662132263 0.7722623348236084
1790642459385931492 0.19845806062221527 0.648548424243927 0.7864490747451782
1790642459406108939 0.2088252753019333 0.6560978889465332 0.79732745885849
1790642459426021992 0.21894046664237976 0.6634184122085571 0.8055446147918701
1790642459446105323 0.22875666618347168 0.6719898581504822 0.8127065896987915
1790642459466276978 0.23975084722042084 0.6807012557983398 0.8199722766876221
1790642459486280530 0.25246870517730713 0.6909052729606628 0.8280368447303772
1790642459506293619 0.26522740721702576 0.7020928263664246 0.8357757329940796
1790642459526241649 0.27822792530059814 0.7134330868721008 0.8444847464561462
1790642459546430201 0.2911864221096039 0.7245023250579834 0.8572475910186768
1790642459566519964 0.3043035566806793 0.7341054081916809 0.8756115436553955
1790642459586481627 0.3197387754917145 0.7438434958457947 0.9044259786605835
1790642459606388088 0.33424368500709534 0.754784345626831 0.9319528341293335
1790642459626495324 0.34696710109710693 0.7673396468162537 0.948133647441864
1790642459646737478 0.360208660364151 0.777662456035614 0.9557129740715027
1790642459666676196 0.37489500641822815 0.7854077816009521 0.9599222540855408
1790642459686709125 0.3922317326068878 0.7953897714614868 0.9582028985023499
1790642459706631107 0.4121972620487213 0.8048284649848938 0.9696367383003235
1790642459726747975 0.4337235391139984 0.8139531016349792 0.9809659123420715
1790642459746685413 0.45366597175598145 0.8214575052261353 0.9824086427688599
1790642459766855628 0.47375980019569397 0.8285441994667053 0.9713452458381653
1790642459786837388 0.4899497628211975 0.838341474533081 0.9494749903678894
1790642459806954000 0.5078832507133484 0.8472245931625366 0.9119890332221985
1790642459826921455 0.5231855511665344 0.8548763990402222 0.8675957918167114
1790642459847037876 0.5395945310592651 0.8625611066818237 0.836174488067627
1790642459867007923 0.5555956959724426 0.8719695210456848 0.8409314751625061
1790642459886986291 0.5712748765945435 0.8833710551261902 0.8752554655075073
1790642459906986163 0.5863636136054993 0.8952473998069763 0.9035601019859314
1790642459927220796 0.6029163002967834 0.9082541465759277 0.9028605222702026
1790642459947827571 0.6201950311660767 0.9225530624389648 0.890441358089447
1790642459967188252 0.6414464712142944 0.9378805160522461 0.8836005926132202
1790642459987205693 0.66568523645401 0.9529076814651489 0.8841605186462402
1790642460007332802 0.6898324489593506 0.9655063152313232 0.8888608813285828
1790642460027251359 0.7161292433738708 0.9762848615646362 0.8849439024925232
1790642460047314177 0.7361809611320496 0.9892050623893738 0.8787417411804199
1790642460067439174 0.7497089505195618 1.002319097518921 0.8797054886817932
1790642460087416326 0.7618712782859802 1.0093393325805664 0.8813050389289856
1790642460107469416 0.7705161571502686 1.0164414644241333 0.8809381127357483
1790642460127445224 0.7788829803466797 1.0246996879577637 0.8800487518310547
1790642460147480265 0.7870723009109497 1.0356500148773193 0.8850382566452026
1790642460167517995 0.7944126129150391 1.0464180707931519 0.8956048488616943
1790642460187625583 0.8011665344238281 1.056269645690918 0.9066590070724487
1790642460207695954 0.8055692315101624 1.0645966529846191 0.908992350101471
1790642460227717459 0.8103342056274414 1.0723447799682617 0.9047472476959229
1790642460247713363 0.8121880292892456 1.0748153924942017 0.9204382300376892
1790642460267819160 0.8145902156829834 1.0756545066833496 0.928327202796936
1790642460287718228 0.818286120891571 1.0780996084213257 0.9200555682182312
1790642460307845017 0.8214125633239746 1.0809377431869507 0.9034121036529541
1790642460327918204 0.8232734203338623 1.0865598917007446 0.8971182107925415
1790642460348026945 0.8238034248352051 1.089141845703125 0.9021551012992859
1790642460367974239 0.8255805969238281 1.087368369102478 0.9093287587165833
1790642460388080995 0.8287786841392517 1.0842456817626953 0.9171790480613708
1790642460407977056 0.8280704021453857 1.0807359218597412 0.9249165654182434
1790642460429561146 0.8256610631942749 1.0830172300338745 0.9330606460571289
1790642460448168071 0.8256610631942749 1.0830172300338745 0.9402394890785217
1790642460471148598 0.8233036994934082 1.077757477760315 0.9469588994979858
1790642460488091941 0.8203684687614441 1.0701937675476074 0.9520474076271057
1790642460508161992 0.8155708312988281 1.0622718334197998 0.9579861760139465
1790642460528477300 0.8074386119842529 1.0528782606124878 0.9497275948524475
1790642460548268205 0.7996963262557983 1.04473078250885 0.9366791844367981
1790642460568385489 0.7915900349617004 1.0344221591949463 0.9337785840034485
1790642460588435028 0.7806178331375122 1.0239620208740234 0.9482934474945068
1790642460608530359 0.7649733424186707 1.0143153667449951 0.9707018733024597
1790642460628432500 0.7458193302154541 1.0043692588806152 0.9859798550605774
1790642460648470454 0.734497606754303 0.9923224449157715 0.9921433925628662
1790642460668457878 0.7261724472045898 0.9804764986038208 0.9940989017486572
1790642460688552026 0.7164967656135559 0.9748590588569641 0.9971051812171936
1790642460708538009 0.7087833881378174 0.9736106991767883 1.0018800497055054
1790642460728937224 0.7057822942733765 0.9756131172180176 1.0066124200820923
1790642460748603452 0.7039347887039185 0.9768755435943604 1.011218786239624
1790642460768810244 0.6982969045639038 0.9754430651664734 1.0171235799789429
1790642460788852550 0.692812979221344 0.9750744104385376 1.0256363153457642
1790642460808854375 0.6898998022079468 0.9744915962219238 1.0363643169403076
1790642460829103792 0.6837139129638672 0.9691057205200195 1.0378609895706177
1790642460848891145 0.6801611185073853 0.9651346802711487 1.0350431203842163
1790642460868876808 0.6742041110992432 0.9556531310081482 1.0338562726974487
1790642460888950123 0.6692252159118652 0.9461216926574707 1.0393157005310059
1790642460909003310 0.6638034582138062 0.9392490983009338 1.0430244207382202
1790642460929174580 0.6474129557609558 0.941251277923584 1.043074131011963
1790642460949046000 0.6356814503669739 0.9448685050010681 1.0424226522445679
1790642460969023856 0.6248707175254822 0.945292055606842 1.0398885011672974
1790642460989115379 0.6229258179664612 0.9468711018562317 1.0368330478668213
1790642461009200631 0.6223658323287964 0.9473294019699097 1.0346298217773438
1790642461029127412 0.6240893602371216 0.9494089484214783 1.0324757099151611
1790642461049260154 0.6251511573791504 0.9485306143760681 1.0325227975845337
1790642461069398623 0.6251511573791504 0.9485306143760681 1.0344961881637573
1790642461089399551 0.6217628717422485 0.9480158686637878 1.0358731746673584
1790642461109348638 0.6189873218536377 0.9503101110458374 1.037491798400879
1790642461129375263 0.6189873218536377 0.9503101110458374 1.041021466255188
1790642461149441314 0.6174045205116272 0.9515775442123413 1.047288417816162
1790642461169462499 0.616159200668335 0.9525522589683533 1.0550434589385986
1790642461189477860 0.616159200668335 0.9525522589683533 1.0617258548736572
1790642461209586568 0.6131410002708435 0.9510360956192017 1.05423104763031
1790642461229571144 0.6084776520729065 0.9519023895263672 1.0378245115280151
1790642461249657163 0.6084776520729065 0.9519023895263672 1.0251665115356445
1790642461269682669 0.6111659407615662 0.949855625629425 1.0261974334716797
1790642461289707214 0.6150685548782349 0.9505816102027893 1.0293606519699097
1790642461310030906 0.6140208840370178 0.9514179229736328 1.032063603401184
1790642461329794002 0.6131442189216614 0.9521104693412781 1.0343987941741943
1790642461350014842 0.6120833158493042 0.9529363512992859 1.034102439880371
1790642461369945240 0.6105005145072937 0.9541487097740173 1.0334593057632446
1790642461389857685 0.6121881604194641 0.9587013125419617 1.0348048210144043
1790642461410056253 0.6109598875045776 0.9596115350723267 1.0340628623962402
1790642461430136672 0.6088374853134155 0.9611607789993286 1.0313259363174438
1790642461450018556 0.6078596115112305 0.9658624529838562 1.0270488262176514
1790642461470056414 0.6082210540771484 0.970595121383667 1.0216244459152222
1790642461490116288 0.6112624406814575 0.9749207496643066 1.008562445640564
1790642461511049475 0.6091246008872986 0.979565441608429 1.0036417245864868
1790642461530165219 0.6085271835327148 0.9852442145347595 1.0119441747665405
1790642461550307560 0.6078963279724121 0.9913330078125 1.0234707593917847
1790642461570357258 0.6107844710350037 0.9953572154045105 1.0308096408843994
1790642461590420653 0.6143763661384583 0.9987267255783081 1.0316576957702637
1790642461610857918 0.6143412590026855 1.0040733814239502 1.0304203033447266
1790642461630713977 0.609668493270874 1.0132871866226196 1.0308433771133423
1790642461650571796 0.6095852851867676 1.022019624710083 1.032142996788025
1790642461670534771 0.6106531023979187 1.0269553661346436 1.0291584730148315
1790642461690571604 0.6144587397575378 1.0329067707061768 1.0217225551605225
1790642461714068981 0.6184061765670776 1.0391449928283691 1.013907551765442
1790642461730838687 0.6234659552574158 1.0449612140655518 1.0074163675308228
1790642461750744092 0.6290531158447266 1.0516910552978516 1.002777099609375
1790642461771858821 0.6354038119316101 1.0581799745559692 1.0004335641860962
1790642461791006566 0.6426517963409424 1.064182996749878 1.0028125047683716
1790642461810728924 0.6511038541793823 1.0696516036987305 1.004255771636963
1790642461830730780 0.6609612703323364 1.0754032135009766 1.0009777545928955
1790642461850957637 0.6733486652374268 1.082176685333252 0.9928584694862366
1790642461870946725 0.6847397685050964 1.088180661201477 0.9810696244239807
1790642461891670688 0.6944043636322021 1.096501111984253 0.9730328321456909
1790642461910984775 0.7040823698043823 1.1070327758789062 0.964009702205658
1790642461931043466 0.7192807793617249 1.1110731363296509 0.9599646329879761
1790642461951131469 0.7346221804618835 1.112789273262024 0.9547111988067627
1790642461971184271 0.7491967082023621 1.114992618560791 0.9493770599365234
1790642461991215569 0.7609633803367615 1.1177774667739868 0.9443055987358093
1790642462011121102 0.771260678768158 1.1220486164093018 0.9403937458992004
1790642462031234194 0.7806145548820496 1.1282706260681152 0.9387543797492981
1790642462051278580 0.7925826907157898 1.1351264715194702 0.9349246621131897
1790642462071215634 0.8016189932823181 1.1445003747940063 0.9284228682518005
1790642462092467425 0.8116160035133362 1.1574032306671143 0.9180976748466492
1790642462111391961 0.823749840259552 1.1716773509979248 0.9054126143455505
1790642462131591649 0.8336116075515747 1.1849416494369507 0.8920437693595886
1790642462151664100 0.8438195586204529 1.1983360052108765 0.8781493902206421
1790642462171427964 0.8537229895591736 1.2119373083114624 0.8635729551315308
1790642462191684261 0.8641054630279541 1.2270145416259766 0.8523393869400024
1790642462211494655 0.874668538570404 1.2425616979599 0.856177568435669
1790642462231787530 0.8861888647079468 1.2585443258285522 0.8766708970069885
1790642462251693735 0.8973294496536255 1.2752125263214111 0.8918263912200928
1790642462271696903 0.9090251326560974 1.2910305261611938 0.8812706470489502
1790642462291711720 0.9167513251304626 1.3099104166030884 0.8732394576072693
1790642462311867758 0.92442387342453 1.3296962976455688 0.8491157293319702
1790642462331856430 0.9362133145332336 1.3466531038284302 0.817750871181488
1790642462352166138 0.9501771330833435 1.3635331392288208 0.7995421290397644
1790642462372293087 0.9652904868125916 1.3809915781021118 0.7827785015106201
1790642462400809625 0.9803675413131714 1.3974236249923706 0.7618317604064941
1790642462412150074 0.9927867650985718 1.4120304584503174 0.7332660555839539
1790642462432201628 1.0047131776809692 1.425825834274292 0.6994738578796387
1790642462452812211 1.017562985420227 1.4395174980163574 0.6655559539794922
1790642462472049304 1.0323076248168945 1.4547566175460815 0.6476192474365234
1790642462492246783 1.044751524925232 1.4674887657165527 0.6256524920463562
1790642462512446887 1.0588585138320923 1.4822806119918823 0.582913339138031
1790642462532276417 1.0714294910430908 1.4966466426849365 0.5214905142784119
1790642462552257312 1.0825904607772827 1.5104708671569824 0.47923150658607483
1790642462573778777 1.0917900800704956 1.523701548576355 0.47746342420578003
1790642462592271394 1.1027674674987793 1.5381940603256226 0.46532338857650757
1790642462612593678 1.1160387992858887 1.5527335405349731 0.4416646659374237
1790642462632432904 1.1320689916610718 1.5688014030456543 0.409146785736084
1790642462652578222 1.1515988111495972 1.5855320692062378 0.38112401962280273
1790642462672980637 1.1714035272598267 1.5987842082977295 0.36065393686294556
1790642462692593391 1.1924269199371338 1.6148995161056519 0.3435792028903961
1790642462712734453 1.209586501121521 1.6316289901733398 0.3257923126220703
1790642462732750390 1.226377010345459 1.6456613540649414 0.29097849130630493
1790642462752833209 1.2408579587936401 1.6589075326919556 0.24752676486968994
1790642462772830329 1.2548097372055054 1.6744508743286133 0.2177199274301529
1790642462792930493 1.2677286863327026 1.6886106729507446 0.19271348416805267
1790642462812834234 1.2773487567901611 1.7014809846878052 0.1572774052619934
1790642462832883836 1.2903603315353394 1.7170222997665405 0.11826855689287186
1790642462852827834 1.3045164346694946 1.733585000038147 0.06728380173444748
1790642462882273526 1.3226439952850342 1.7540004253387451 0.030584655702114105
1790642462892955776 1.3412436246871948 1.7739287614822388 -0.003264609258621931
1790642462912891934 1.3588124513626099 1.7942359447479248 -0.04083635285496712
1790642462933060996 1.3743256330490112 1.8117871284484863 -0.0824815034866333
1790642462953173417 1.3875747919082642 1.8257497549057007 -0.1229172945022583
1790642462973042468 1.3953745365142822 1.8410162925720215 -0.16070403158664703
1790642462993029860 1.402131199836731 1.8516147136688232 -0.19138877093791962
1790642463013075974 1.4177346229553223 1.86574387550354 -0.21191126108169556
1790642463033362065 1.4295599460601807 1.8796055316925049 -0.23949410021305084
1790642463054388727 1.440763235092163 1.8883593082427979 -0.266750305891037
1790642463073199724 1.4523262977600098 1.8957021236419678 -0.293364018201828
1790642463093369970 1.4594885110855103 1.9007737636566162 -0.31661343574523926
1790642463114051820 1.467545747756958 1.9048985242843628 -0.3377434015274048
1790642463133490263 1.4752753973007202 1.9094319343566895 -0.3599100112915039
1790642463153381076 1.4844399690628052 1.914370059967041 -0.38517120480537415
1790642463174652387 1.4919379949569702 1.9171193838119507 -0.4125277101993561
1790642463193648318 1.4988352060317993 1.9230417013168335 -0.4402753412723541
1790642463213593884 1.5027313232421875 1.9317734241485596 -0.46895867586135864
1790642463233792196 1.5052571296691895 1.9436357021331787 -0.4969193935394287
1790642463253673248 1.516061544418335 1.9567393064498901 -0.5221954584121704
1790642463273716930 1.521011233329773 1.9698106050491333 -0.5423765778541565
1790642463294024782 1.5267665386199951 1.9823803901672363 -0.5563024282455444
1790642463313709794 1.5326457023620605 1.99415123462677 -0.5656189322471619
1790642463333880073 1.5340068340301514 2.0046324729919434 -0.5722771286964417
1790642463353969741 1.5353184938430786 2.016190528869629 -0.5793587565422058
1790642463373908491 1.5359424352645874 2.0249545574188232 -0.5883561968803406
1790642463393962317 1.5373170375823975 2.0301342010498047 -0.6036146879196167
1790642463414189078 1.5365676879882812 2.039166212081909 -0.625665009021759
1790642463434025712 1.5431923866271973 2.047361135482788 -0.6492496728897095
1790642463454083250 1.5504359006881714 2.0519158840179443 -0.673326313495636
1790642463474250617 1.5552754402160645 2.057673692703247 -0.6856623291969299
1790642463494168086 1.559228539466858 2.062636613845825 -0.6989942789077759
1790642463514177815 1.5597152709960938 2.0710370540618896 -0.7133001089096069
1790642463534368638 1.557108759880066 2.0760531425476074 -0.7305354475975037
1790642463554144054 1.5557491779327393 2.0786807537078857 -0.7468932867050171
1790642463574355358 1.5576391220092773 2.0818986892700195 -0.7592825889587402
1790642463594537637 1.5613712072372437 2.085028886795044 -0.7694413065910339
1790642463614539366 1.5603405237197876 2.0874059200286865 -0.7784264087677002
1790642463634342879 1.5658278465270996 2.0887629985809326 -0.7858529686927795
1790642463654552679 1.567510724067688 2.0906479358673096 -0.7923166751861572
1790642463674909300 1.5664244890213013 2.093684196472168 -0.7971801161766052
1790642463695067387 1.5676034688949585 2.0901942253112793 -0.8011893630027771
1790642463715473866 1.56741464138031 2.090824842453003 -0.803699254989624
1790642463734755920 1.5683327913284302 2.0871918201446533 -0.8062283992767334
1790642463754618795 1.5663598775863647 2.0843963623046875 -0.823408842086792
1790642463774660141 1.5631510019302368 2.082362413406372 -0.8500803112983704
1790642463794681614 1.5631510019302368 2.082362413406372 -0.8670933842658997
1790642463814731344 1.5574136972427368 2.085283041000366 -0.8718023896217346
1790642463834819508 1.5522949695587158 2.09224796295166 -0.8701576590538025
1790642463857013605 1.5448565483093262 2.09915828704834 -0.8611254692077637
1790642463874849238 1.5348122119903564 2.099191188812256 -0.8548327684402466
1790642463894853046 1.5281134843826294 2.1008212566375732 -0.853837788105011
1790642463914937369 1.5261175632476807 2.1009862422943115 -0.8561119437217712
1790642463934886744 1.5238001346588135 2.1022050380706787 -0.857587993144989
1790642463955081471 1.5241851806640625 2.1045806407928467 -0.856665313243866
1790642463975172419 1.5241851806640625 2.1045806407928467 -0.8550371527671814
1790642463995085824 1.5241851806640625 2.1045806407928467 -0.8545999526977539
1790642464016584664 1.5241851806640625 2.1045806407928467 -0.8550307750701904
1790642464035127362 1.524586796760559 2.106050491333008 -0.8553274273872375
1790642464055211206 1.5235321521759033 2.1098875999450684 -0.8538158535957336
1790642464075244295 1.522150993347168 2.1133997440338135 -0.8549236059188843
1790642464095205318 1.5207555294036865 2.11700439453125 -0.8607569932937622
1790642464115439983 1.5198248624801636 2.120619773864746 -0.8627216219902039
1790642464135453488 1.5208015441894531 2.1230289936065674 -0.8539055585861206
1790642464155518579 1.5287020206451416 2.128647804260254 -0.8456759452819824
1790642464175537460 1.535866379737854 2.1315195560455322 -0.8414894342422485
1790642464195549077 1.5380276441574097 2.1357853412628174 -0.8376348614692688
1790642464217631906 1.53984797000885 2.139141798019409 -0.8258301615715027
1790642464235650297 1.5410994291305542 2.1413164138793945 -0.8080090284347534
1790642464255564086 1.5410994291305542 2.1413164138793945 -0.7907352447509766
1790642464275651258 1.5401018857955933 2.139712333679199 -0.7826074957847595
1790642464295683099 1.540277361869812 2.1357903480529785 -0.7804207801818848
1790642464315623481 1.5384933948516846 2.1330208778381348 -0.7768398523330688
1790642464335726365 1.5375447273254395 2.131570816040039 -0.7711390256881714
1790642464355760063 1.5363163948059082 2.129729747772217 -0.7670813798904419
1790642464375764927 1.5346696376800537 2.1273412704467773 -0.7651216387748718
1790642464395930150 1.535233736038208 2.122095823287964 -0.7651892900466919
1790642464416221297 1.5364428758621216 2.117953300476074 -0.7651669979095459
1790642464435865892 1.5350087881088257 2.1161553859710693 -0.7618044018745422
1790642464455874661 1.535262107849121 2.1110854148864746 -0.7616011500358582
1790642464476105614 1.533137559890747 2.10855770111084 -0.7655711770057678
1790642464498834994 1.529481291770935 2.104332208633423 -0.7662661075592041
1790642464518311391 1.5253692865371704 2.0997424125671387 -0.7618667483329773
1790642464536086350 1.5198094844818115 2.0969791412353516 -0.7578272819519043
1790642464556121168 1.5149027109146118 2.091809034347534 -0.7586930990219116
1790642464577089972 1.511460542678833 2.0882551670074463 -0.7630873322486877
1790642464596343576 1.5079330205917358 2.0846784114837646 -0.7659724950790405
1790642464616540224 1.504671335220337 2.0814194679260254 -0.7681531310081482
1790642464636480510 1.5010499954223633 2.077847957611084 -0.7623079419136047
1790642464656478814 1.5002330541610718 2.0726478099823 -0.7524000406265259
1790642464676391387 1.5006458759307861 2.06898832321167 -0.7416663765907288
1790642464696737769 1.5021086931228638 2.0674707889556885 -0.7326159477233887
1790642464716704872 1.5037310123443604 2.065779685974121 -0.7277075052261353
1790642464736528001 1.5044834613800049 2.066477060317993 -0.7278855443000793
1790642464756686312 1.5053722858428955 2.0672576427459717 -0.7298879027366638
1790642464776842830 1.5064815282821655 2.0681989192962646 -0.7333027124404907
1790642464796599333 1.50751531124115 2.06906795501709 -0.7363243699073792
1790642464816658312 1.508740782737732 2.070101499557495 -0.7395489811897278
1790642464836881552 1.511151909828186 2.0721724033355713 -0.7439104914665222
1790642464856795693 1.51749849319458 2.0776937007904053 -0.7488701939582825
1790642464876955635 1.52216637134552 2.0817627906799316 -0.7525117993354797
1790642464896989013 1.5251866579055786 2.084383487701416 -0.751976490020752
1790642464917048728 1.5264211893081665 2.085451602935791 -0.7521166801452637
1790642464937106522 1.5264211893081665 2.085451602935791 -0.7551705241203308
1790642464957198046 1.5264211893081665 2.085451602935791 -0.7534860372543335
1790642464977223551 1.5264211893081665 2.085451602935791 -0.7506738305091858
1790642464997133212 1.5270562171936035 2.0860037803649902 -0.7521501779556274
1790642465017348548 1.5270562171936035 2.0860037803649902 -0.7537682056427002
1790642465037169790 1.526188611984253 2.08524751663208 -0.7532781362533569
1790642465057275394 1.5247539281845093 2.0839993953704834 -0.7502692341804504
1790642465077316292 1.5231420993804932 2.082613945007324 -0.7468750476837158
1790642465097343941 1.5223971605300903 2.0819761753082275 -0.7442687153816223
1790642465117250722 1.5209964513778687 2.0807554721832275 -0.7425885200500488
1790642465137246658 1.5176568031311035 2.0777957439422607 -0.7419267296791077
1790642465157913371 1.5165679454803467 2.0736827850341797 -0.7413866519927979
1790642465177511373 1.5164952278137207 2.0702764987945557 -0.741553783416748
1790642465198801853 1.515885353088379 2.069714069366455 -0.742746114730835
1790642465217571376 1.515885353088379 2.069714069366455 -0.7440126538276672
1790642465237623154 1.515885353088379 2.069714069366455 -0.744846761226654
1790642465257451180 1.5182207822799683 2.0684638023376465 -0.745222806930542
1790642465277728726 1.5204776525497437 2.0676991939544678 -0.745766818523407
1790642465297697494 1.5204776525497437 2.0676991939544678 -0.7459848523139954
1790642465317700214 1.5236788988113403 2.067617893218994 -0.7458423376083374
1790642465337618899 1.5268805027008057 2.070939064025879 -0.7449645400047302
1790642465357704663 1.5295345783233643 2.0737030506134033 -0.7438268661499023
1790642465377757209 1.5314406156539917 2.0756876468658447 -0.7445016503334045
1790642465397978882 1.5333961248397827 2.077723979949951 -0.7466529011726379
1790642465417962465 1.534747838973999 2.079141139984131 -0.7502411007881165
1790642465438580344 1.5355699062347412 2.080003261566162 -0.7538658976554871
1790642465457949218 1.5360467433929443 2.0804994106292725 -0.7561803460121155
1790642465477960290 1.5365124940872192 2.0809831619262695 -0.7562872767448425
1790642465498060102 1.5365124940872192 2.0809831619262695 -0.7539979219436646
1790642465518072807 1.5365124940872192 2.0809831619262695 -0.7509061694145203
1790642465538142666 1.5365124940872192 2.0809831619262695 -0.7477940917015076
1790642465558337970 1.5381797552108765 2.0793888568878174 -0.7447404861450195
1790642465578371795 1.5386677980422974 2.0798962116241455 -0.7411137819290161
1790642465598190925 1.5386677980422974 2.0798962116241455 -0.7360172867774963
1790642465618459223 1.5395195484161377 2.0807881355285645 -0.729671835899353
1790642465638544538 1.5403345823287964 2.0816588401794434 -0.7212702035903931
1790642465658516954 1.5433589220046997 2.0806174278259277 -0.7140557765960693
1790642465679181907 1.546682596206665 2.079742908477783 -0.7089299559593201
1790642465698452568 1.5495799779891968 2.078555107116699 -0.706493079662323
1790642465718485914 1.5520250797271729 2.0772440433502197 -0.7054202556610107
1790642465738469017 1.5542665719985962 2.0752384662628174 -0.7055192589759827
1790642465758692642 1.556395411491394 2.0733206272125244 -0.7032067775726318
1790642465778650177 1.55873703956604 2.0711984634399414 -0.6970735788345337
1790642465798766981 1.5609208345413208 2.0692062377929688 -0.69098299741745
1790642465818789670 1.5634846687316895 2.0668466091156006 -0.6866793632507324
1790642465838852457 1.566475510597229 2.0640666484832764 -0.6813908219337463
1790642465858865514 1.5696018934249878 2.0611395835876465 -0.6697306632995605
1790642465878858666 1.5727335214614868 2.0582103729248047 -0.6552051901817322
1790642465898940717 1.5751911401748657 2.0547499656677246 -0.6452843546867371
1790642465918954222 1.5774329900741577 2.0516092777252197 -0.6314392685890198
1790642465938933102 1.5791429281234741 2.0483908653259277 -0.6163178086280823
1790642465959091956 1.580538272857666 2.0455009937286377 -0.6045475602149963
1790642465979115509 1.581563949584961 2.0429651737213135 -0.5959627628326416
1790642465999023314 1.582414984703064 2.0407683849334717 -0.5903103351593018
1790642466019196761 1.5829473733901978 2.038179874420166 -0.582667350769043
1790642466039258811 1.5837087631225586 2.034647226333618 -0.5718777179718018
1790642466059440578 1.5869170427322388 2.029367208480835 -0.5641164183616638
1790642466079358368 1.5927484035491943 2.0239968299865723 -0.5594232082366943
1790642466099350336 1.6007226705551147 2.01809024810791 -0.5540115237236023
1790642466119386305 1.6107404232025146 2.0122077465057373 -0.5477746725082397
1790642466139239100 1.6217470169067383 2.0059802532196045 -0.5418626070022583
1790642466160693650 1.6336431503295898 1.9994502067565918 -0.5343969464302063
1790642466179384450 1.6452797651290894 1.992315411567688 -0.5251650214195251
1790642466210696387 1.6576765775680542 1.98368501663208 -0.5150346755981445
1790642466219552585 1.6728506088256836 1.9788718223571777 -0.5039008855819702
1790642466239492519 1.6842232942581177 1.9745426177978516 -0.4904465079307556
1790642466259530057 1.6890941858291626 1.9700433015823364 -0.4754759669303894
1790642466279647726 1.694734811782837 1.9648306369781494 -0.46941184997558594
1790642466299570795 1.7034614086151123 1.95676851272583 -0.4720642864704132
1790642466319577324 1.7121715545654297 1.945637822151184 -0.4786013662815094
1790642466339646542 1.7211320400238037 1.9326893091201782 -0.48542606830596924
1790642466360829050 1.7314605712890625 1.918216347694397 -0.48832839727401733
1790642466379743251 1.7422854900360107 1.9033875465393066 -0.48592156171798706
1790642466399788405 1.7545877695083618 1.8889142274856567 -0.4814746677875519
1790642466420000893 1.7660340070724487 1.8752391338348389 -0.47865021228790283
1790642466439862264 1.7771754264831543 1.8621165752410889 -0.47888854146003723
1790642466461120231 1.7876291275024414 1.849371314048767 -0.48279207944869995
1790642466479992990 1.7984670400619507 1.8382477760314941 -0.48649612069129944
1790642466500104962 1.8111300468444824 1.8264296054840088 -0.4860254228115082
1790642466520186181 1.8247332572937012 1.8138128519058228 -0.48745694756507874
1790642466540408814 1.838210940361023 1.8036497831344604 -0.49700096249580383
1790642466560493777 1.8517141342163086 1.7912925481796265 -0.50925612449646
1790642466580321675 1.8670214414596558 1.778886079788208 -0.516120195388794
1790642466600489810 1.8846323490142822 1.7631361484527588 -0.5317476987838745
1790642466621070375 1.901637077331543 1.744049310684204 -0.5412638783454895
1790642466640275659 1.9159711599349976 1.7216895818710327 -0.5460556149482727
1790642466660412944 1.931771993637085 1.6984246969223022 -0.5470163822174072
1790642466680375855 1.947699785232544 1.681020736694336 -0.5434779524803162
1790642466700488915 1.964652419090271 1.6657615900039673 -0.5392481088638306
1790642466720604600 1.9814863204956055 1.6548153162002563 -0.5389664173126221
1790642466741015431 1.9979280233383179 1.643171787261963 -0.5434215664863586
1790642466760682524 2.013307571411133 1.6302945613861084 -0.5521416664123535
1790642466780565016 2.0297608375549316 1.6177034378051758 -0.5606236457824707
1790642466800649691 2.047532320022583 1.6031348705291748 -0.5669518709182739
1790642466820799553 2.0640676021575928 1.5883569717407227 -0.5696957111358643
1790642466841924747 2.083719491958618 1.5760629177093506 -0.5750119090080261
1790642466860855972 2.104177713394165 1.5645735263824463 -0.5826065540313721
1790642466880837795 2.1238338947296143 1.5534435510635376 -0.5884382128715515
1790642466900832227 2.143510580062866 1.5406702756881714 -0.5859584808349609
1790642466920871717 2.1627941131591797 1.528992772102356 -0.5684210658073425
1790642466941005034 2.1832659244537354 1.516560435295105 -0.5624871850013733
1790642466960918503 2.2059457302093506 1.5061346292495728 -0.5604004263877869
1790642466981326967 2.231231927871704 1.4989163875579834 -0.5649898648262024
1790642467001119280 2.2539777755737305 1.4896187782287598 -0.5720981359481812
1790642467021041773 2.273905038833618 1.4755429029464722 -0.5773280262947083
1790642467041119632 2.2918083667755127 1.4597926139831543 -0.5802348852157593
1790642467061058126 2.3095693588256836 1.441434383392334 -0.5795168876647949
1790642467081154994 2.327528476715088 1.4244214296340942 -0.5794116258621216
1790642467101189108 2.3443148136138916 1.409450650215149 -0.5810801386833191
1790642467121340922 2.3603355884552 1.393796443939209 -0.5851752161979675
1790642467141243510 2.3752424716949463 1.3776979446411133 -0.5891521573066711
1790642467161374844 2.3917958736419678 1.3614286184310913 -0.5924317836761475
1790642467181364668 2.4092397689819336 1.3449400663375854 -0.5950223207473755
1790642467201386813 2.427281379699707 1.3265691995620728 -0.5977605581283569
1790642467221435903 2.445725917816162 1.3069082498550415 -0.6048812866210938
1790642467241669896 2.4621567726135254 1.2893781661987305 -0.6166951060295105
1790642467261583749 2.4783380031585693 1.272348403930664 -0.6327312588691711
1790642467281619655 2.496062755584717 1.2568106651306152 -0.6495155096054077
1790642467301480706 2.5145843029022217 1.239874243736267 -0.654346764087677
1790642467321765005 2.532862901687622 1.2216264009475708 -0.6633800864219666
1790642467341581766 2.5469202995300293 1.2011454105377197 -0.6658319234848022
1790642467361764237 2.557400703430176 1.177245855331421 -0.6687270998954773
1790642467381831152 2.572927236557007 1.15615713596344 -0.6679211854934692
1790642467403018972 2.5913970470428467 1.1397501230239868 -0.6660923361778259
1790642467422092314 2.6102986335754395 1.1243107318878174 -0.6625785827636719
1790642467441941813 2.6287310123443604 1.1105464696884155 -0.6577429175376892
1790642467461890259 2.6488311290740967 1.0940629243850708 -0.653144121170044
1790642467482067418 2.6674039363861084 1.0788679122924805 -0.6513004899024963
1790642467502180095 2.6857752799987793 1.0631449222564697 -0.6529955863952637
1790642467522097404 2.704817771911621 1.0481939315795898 -0.6556916236877441
1790642467542301860 2.7254152297973633 1.032373070716858 -0.6531029343605042
1790642467562316357 2.7469210624694824 1.016188621520996 -0.6466186046600342
1790642467582338502 2.7676002979278564 0.9997990131378174 -0.6364693641662598
1790642467602146303 2.7875709533691406 0.9833786487579346 -0.623082160949707
1790642467622493868 2.8074753284454346 0.9680476784706116 -0.603452205657959
1790642467643778908 2.8270437717437744 0.9511204957962036 -0.5779870748519897
1790642467662263268 2.8474831581115723 0.9343882203102112 -0.5622158646583557
1790642467682344808 2.866734027862549 0.9167132377624512 -0.5444869995117188
1790642467702402090 2.8887667655944824 0.9035372138023376 -0.5365471839904785
1790642467722780536 2.9101099967956543 0.8899092078208923 -0.5339816808700562
1790642467743773501 2.927077293395996 0.8725818991661072 -0.536268413066864
1790642467762577106 2.9425675868988037 0.8542460203170776 -0.5369359850883484
1790642467782563505 2.9603846073150635 0.8336519598960876 -0.5355117321014404
1790642467802739064 2.974555015563965 0.8146160244941711 -0.5363569259643555
1790642467822814235 2.989058256149292 0.7975248694419861 -0.5377122163772583
1790642467842707192 3.000776529312134 0.7797325849533081 -0.5428312420845032
1790642467862803836 3.012535572052002 0.7638729810714722 -0.5494469404220581
1790642467882765179 3.027277708053589 0.7468026280403137 -0.5555710196495056
1790642467902931553 3.039583921432495 0.730842113494873 -0.5566771030426025
1790642467923085671 3.0535662174224854 0.7135759592056274 -0.5579606890678406
1790642467942992900 3.0662612915039062 0.6939836144447327 -0.5667164921760559
1790642467963019301 3.0789144039154053 0.6782299876213074 -0.5853738188743591
1790642467983071207 3.091604232788086 0.6641707420349121 -0.6053158044815063
1790642468003219725 3.1043269634246826 0.6484121680259705 -0.6087433099746704
1790642468023232270 3.1173253059387207 0.6310966610908508 -0.6150241494178772
1790642468043253487 3.1317992210388184 0.6110631823539734 -0.614393949508667
1790642468063121739 3.140864372253418 0.590537428855896 -0.6111125349998474
1790642468083098602 3.150735378265381 0.5682376623153687 -0.6064289212226868
1790642468103276081 3.1655750274658203 0.5493993759155273 -0.5998716950416565
1790642468123539227 3.182465076446533 0.5350925326347351 -0.5996543169021606
1790642468143354965 3.199580430984497 0.51938396692276 -0.5988355875015259
1790642468163397686 3.2166507244110107 0.5061051845550537 -0.5981439352035522
1790642468183412503 3.2342164516448975 0.48950710892677307 -0.5975028872489929
1790642468203470618 3.2533321380615234 0.47530972957611084 -0.5971529483795166
1790642468223612575 3.2708323001861572 0.46290335059165955 -0.5946962833404541
1790642468243394936 3.2866296768188477 0.4529409408569336 -0.5922778248786926
1790642468263562270 3.3027515411376953 0.4433065950870514 -0.5891905426979065
1790642468283803175 3.320547580718994 0.42965561151504517 -0.5855762362480164
1790642468303572703 3.336784601211548 0.4169657528400421 -0.5762649774551392
1790642468323570559 3.3530428409576416 0.402247816324234 -0.5552266836166382
1790642468343631778 3.3700942993164062 0.39005181193351746 -0.5407313704490662
1790642468363634146 3.388120174407959 0.3776976764202118 -0.5290798544883728
1790642468383805961 3.408308744430542 0.36517706513404846 -0.5241351127624512
1790642468403776104 3.4298033714294434 0.3550138771533966 -0.5235944390296936
1790642468423821642 3.449857473373413 0.33798202872276306 -0.525519609451294
1790642468443944847 3.467583179473877 0.31562525033950806 -0.5242943167686462
1790642468463966960 3.4824020862579346 0.29322564601898193 -0.5209868550300598
1790642468483922543 3.4984347820281982 0.26934197545051575 -0.5163225531578064
1790642468504064341 3.514247417449951 0.2521243095397949 -0.5174963474273682
1790642468524272541 3.5264320373535156 0.23723536729812622 -0.5231983661651611
1790642468544050165 3.537388801574707 0.22169539332389832 -0.5299040675163269
1790642468564207195 3.548290252685547 0.20591193437576294 -0.5335835218429565
1790642468584360929 3.561720132827759 0.18909025192260742 -0.5340073704719543
1790642468604299935 3.577322006225586 0.17087464034557343 -0.5347980260848999
1790642468624235421 3.592643976211548 0.15292435884475708 -0.5397403240203857
1790642468644355042 3.607375383377075 0.1307867020368576 -0.5510749220848083
1790642468664543593 3.6207845211029053 0.1128058210015297 -0.5645192265510559
1790642468684414436 3.6349918842315674 0.0962270125746727 -0.5693678855895996
1790642468704865525 3.650301218032837 0.07942676544189453 -0.5777844786643982
1790642468724490152 3.6658990383148193 0.060370929539203644 -0.5784192681312561
1790642468744418053 3.67860746383667 0.036188289523124695 -0.5758103728294373
1790642468764517801 3.6860640048980713 0.014175011776387691 -0.5716000199317932
1790642468784618734 3.698915958404541 -0.003159821266308427 -0.5658585429191589
1790642468804747635 3.715472936630249 -0.017963457852602005 -0.5653056502342224
1790642468824764820 3.733539342880249 -0.029982278123497963 -0.5648173093795776
1790642468844652912 3.7515740394592285 -0.04102577641606331 -0.5657442212104797
1790642468864764404 3.7693445682525635 -0.052057575434446335 -0.5685963034629822
1790642468884908090 3.789210319519043 -0.061958424746990204 -0.5714010000228882
1790642468905173924 3.807931661605835 -0.07277122884988785 -0.5697352886199951
1790642468924976893 3.825876235961914 -0.08080609142780304 -0.5670943856239319
1790642468944875418 3.8446128368377686 -0.09049812704324722 -0.5649212002754211
1790642468965014591 3.8629398345947266 -0.10317971557378769 -0.5631635785102844
1790642468984908699 3.881857395172119 -0.11636624485254288 -0.5563401579856873
1790642469004938909 3.900618314743042 -0.1285071074962616 -0.537087619304657
1790642469025018688 3.920289993286133 -0.13980375230312347 -0.5205273032188416
1790642469045042369 3.939730167388916 -0.15088005363941193 -0.5111332535743713
1790642469065049634 3.961430072784424 -0.16233336925506592 -0.5030245184898376
1790642469085259530 3.9863085746765137 -0.17083829641342163 -0.5014090538024902
1790642469106401524 4.007281303405762 -0.18214695155620575 -0.5022557973861694
1790642469125324045 4.025186061859131 -0.19895756244659424 -0.5017662048339844
1790642469145388304 4.040519714355469 -0.21640557050704956 -0.4998704195022583
1790642469165303213 4.056927680969238 -0.23722051084041595 -0.495939165353775
1790642469185426578 4.073957443237305 -0.2547842264175415 -0.4939943253993988
1790642469205398801 4.087929725646973 -0.2714897692203522 -0.4940885603427887
1790642469225734046 4.101595401763916 -0.28868013620376587 -0.4930659532546997
1790642469245488085 4.114504814147949 -0.3048022985458374 -0.49029669165611267
1790642469265493270 4.13008975982666 -0.32295072078704834 -0.48750612139701843
1790642469285593818 4.148470401763916 -0.34130731225013733 -0.48343199491500854
1790642469305935239 4.165957450866699 -0.3583972752094269 -0.48188409209251404
1790642469325576474 4.182386875152588 -0.379280149936676 -0.4853585660457611
1790642469345681662 4.1972551345825195 -0.3967783451080322 -0.4972873330116272
1790642469365782146 4.211930751800537 -0.4116416871547699 -0.5191765427589417
1790642469385785954 4.227304935455322 -0.42696648836135864 -0.530846893787384
1790642469407067730 4.243447303771973 -0.44456925988197327 -0.5431556701660156
1790642469426383801 4.255616664886475 -0.46459364891052246 -0.5487165451049805
1790642469445917480 4.264466762542725 -0.48915544152259827 -0.5509949326515198
1790642469465964106 4.277462005615234 -0.5112214088439941 -0.5494648814201355
1790642469486228116 4.295579433441162 -0.5289433002471924 -0.54719078540802
1790642469506081903 4.315409183502197 -0.5459520816802979 -0.5436998605728149
1790642469525936298 4.33483362197876 -0.5592618584632874 -0.5385547876358032
1790642469546088880 4.353747367858887 -0.5726063251495361 -0.5356431603431702
1790642469566147283 4.374151706695557 -0.5861145853996277 -0.5381200313568115
1790642469586110354 4.394266128540039 -0.5992212295532227 -0.5444805026054382
1790642469606401597 4.414722919464111 -0.6127561330795288 -0.5484647154808044
1790642469626321722 4.434500217437744 -0.6258710026741028 -0.5474931597709656
1790642469646254296 4.455549716949463 -0.6392008662223816 -0.5433071851730347
1790642469666412446 4.4753031730651855 -0.6542940735816956 -0.5358536243438721
1790642469686435519 4.49469518661499 -0.6669377088546753 -0.5221725106239319
1790642469706408255 4.514317035675049 -0.6805582046508789 -0.49615994095802307
1790642469726421055 4.532423496246338 -0.692313015460968 -0.4691022038459778
1790642469746461921 4.551614761352539 -0.7061377763748169 -0.44838958978652954
1790642469766509411 4.570040225982666 -0.7192164659500122 -0.4291113615036011
1790642469786691434 4.590785026550293 -0.7296813130378723 -0.42282918095588684
1790642469806792302 4.612621307373047 -0.7396169900894165 -0.4222135841846466
1790642469826647081 4.630636692047119 -0.7542116045951843 -0.423775851726532
1790642469846599752 4.64713716506958 -0.7720919251441956 -0.4234668016433716
1790642469866739789 4.66559362411499 -0.7911815047264099 -0.42631760239601135
1790642469886800496 4.683244228363037 -0.8094755411148071 -0.4289763271808624
1790642469906772879 4.70067834854126 -0.8244765400886536 -0.4343791604042053
1790642469926907925 4.715845108032227 -0.8380057215690613 -0.44160327315330505
1790642469946948150 4.72828483581543 -0.8517840504646301 -0.45023927092552185
1790642469966889044 4.745509624481201 -0.8691162467002869 -0.4558396637439728
1790642469986913846 4.763057708740234 -0.8831919431686401 -0.4580997824668884
1790642470006895669 4.780654430389404 -0.8970540165901184 -0.46424031257629395
1790642470027082045 4.797074317932129 -0.9145050644874573 -0.4780346751213074
1790642470047140383 4.812605381011963 -0.9285374879837036 -0.5017445087432861
1790642470067084285 4.828244209289551 -0.9403859972953796 -0.5165320038795471
1790642470087106622 4.845808506011963 -0.9542701244354248 -0.5267502665519714
1790642470107257188 4.862880229949951 -0.9709173440933228 -0.5351752638816833
1790642470127184994 4.879406452178955 -0.992509126663208 -0.5387806296348572
1790642470147294694 4.889898777008057 -1.017250657081604 -0.5397568345069885
1790642470167297095 4.904309272766113 -1.0386278629302979 -0.5366449356079102
1790642470187553201 4.9242024421691895 -1.056723713874817 -0.5386648178100586
1790642470207705046 4.9443769454956055 -1.073368787765503 -0.541589617729187
1790642470227586290 4.966065883636475 -1.0886751413345337 -0.5447556972503662
1790642470247467214 4.986608505249023 -1.1034750938415527 -0.5479533076286316
1790642470267578291 5.008243083953857 -1.1181403398513794 -0.5512221455574036
1790642470287613460 5.028931617736816 -1.1312141418457031 -0.5527238845825195
1790642470307667319 5.049295902252197 -1.1419551372528076 -0.5510484576225281
1790642470327801404 5.06937313079834 -1.1540944576263428 -0.5487122535705566
1790642470347641334 5.088542938232422 -1.1650495529174805 -0.5456300973892212
1790642470367667576 5.107407093048096 -1.1784294843673706 -0.5385730266571045
1790642470387963555 5.125532150268555 -1.1907212734222412 -0.5204033255577087
1790642470407788605 5.143414497375488 -1.2030161619186401 -0.4962098300457001
1790642470431934454 5.160966873168945 -1.2138015031814575 -0.48498857021331787
1790642470448033574 5.180758953094482 -1.225921630859375 -0.4735477566719055
1790642470468070504 5.203155994415283 -1.2343957424163818 -0.47238078713417053
1790642470487976229 5.225921630859375 -1.2459728717803955 -0.47261545062065125
1790642470508219278 5.245578765869141 -1.2630842924118042 -0.4725007116794586
1790642470528081322 5.263055324554443 -1.2840168476104736 -0.4683060348033905
1790642470548099499 5.279643535614014 -1.306675672531128 -0.46370118856430054
1790642470568281266 5.298023700714111 -1.3262989521026611 -0.46373409032821655
1790642470588285778 5.3148603439331055 -1.342149257659912 -0.46747446060180664
1790642470608055882 5.3266706466674805 -1.3552367687225342 -0.474932461977005
1790642470628187087 5.338712215423584 -1.3696058988571167 -0.481295645236969
1790642470648314740 5.352715492248535 -1.3849890232086182 -0.48545339703559875
1790642470668372247 5.36942720413208 -1.4017205238342285 -0.4893357455730438
1790642470688419001 5.386623859405518 -1.4161328077316284 -0.4991733729839325
1790642470708412249 5.403187274932861 -1.4358608722686768 -0.5172500610351562
1790642470728369207 5.417117118835449 -1.4537250995635986 -0.5419485569000244
1790642470748540990 5.432796001434326 -1.4681557416915894 -0.5562590956687927
1790642470768574496 5.448641300201416 -1.4824339151382446 -0.5721932053565979
1790642470788627682 5.46409797668457 -1.5001397132873535 -0.5767329931259155
1790642470808707077 5.4812164306640625 -1.5226678848266602 -0.5607437491416931
1790642470828593953 5.489969730377197 -1.546074628829956 -0.5685625672340393
1790642470848621187 5.5016069412231445 -1.565200924873352 -0.5894315242767334
1790642470868742215 5.519784927368164 -1.5820350646972656 -0.6110332608222961
1790642470888692358 5.536909580230713 -1.5949403047561646 -0.6222025156021118
1790642470908809899 5.556711196899414 -1.6069326400756836 -0.6232900023460388
1790642470928826316 5.575604438781738 -1.6196187734603882 -0.6208018660545349
1790642470948927216 5.595371246337891 -1.631098747253418 -0.6190160512924194
1790642470968945777 5.615578651428223 -1.6428316831588745 -0.6147132515907288
1790642470988911088 5.635260105133057 -1.6518611907958984 -0.60594242811203
1790642471008952721 5.653995990753174 -1.6615686416625977 -0.59382164478302
1790642471028991923 5.671797275543213 -1.6713337898254395 -0.5781583189964294
1790642471048941842 5.69236946105957 -1.6846507787704468 -0.5531570911407471
1790642471069306976 5.71163272857666 -1.6951320171356201 -0.5194370746612549
1790642471089195516 5.730886459350586 -1.7073317766189575 -0.49836644530296326
1790642471109333473 5.750641822814941 -1.7171157598495483 -0.5093796253204346
1790642471129177276 5.772802352905273 -1.7295705080032349 -0.5170142650604248
1790642471149268991 5.796413898468018 -1.7364532947540283 -0.5129857063293457
1790642471169306529 5.81785249710083 -1.7470130920410156 -0.5076069831848145
1790642471189346019 5.8363938331604 -1.7642186880111694 -0.5068845748901367
1790642471209550955 5.852736473083496 -1.7759478092193604 -0.5117328763008118
1790642471229649871 5.86886739730835 -1.791271448135376 -0.5194631218910217
1790642471249466248 5.883327007293701 -1.8046875 -0.5325774550437927
1790642471269446600 5.897610187530518 -1.8134980201721191 -0.5460020899772644
1790642471290178723 5.906651020050049 -1.8243919610977173 -0.5573035478591919
1790642471309570573 5.916100025177002 -1.8351092338562012 -0.5524908304214478
1790642471329632720 5.925028324127197 -1.8493973016738892 -0.5392460227012634
1790642471349603311 5.935399055480957 -1.866796851158142 -0.5446277260780334
1790642471369653681 5.947155475616455 -1.8838201761245728 -0.5576545000076294
1790642471389652625 5.958252429962158 -1.9022040367126465 -0.565105676651001
1790642471409716052 5.969238758087158 -1.9222880601882935 -0.5587234497070312
1790642471429808120 5.980562210083008 -1.9404710531234741 -0.5441482067108154
1790642471449848282 5.993714809417725 -1.9591182470321655 -0.5332782864570618
1790642471469800248 6.008038520812988 -1.9762697219848633 -0.5297054648399353
1790642471489842938 6.0201263427734375 -1.988606572151184 -0.5235263705253601
1790642471509912797 6.024204730987549 -1.999380111694336 -0.5138522982597351
1790642471530445777 6.025284767150879 -2.006983518600464 -0.5058784484863281
1790642471550043459 6.030617713928223 -2.0124242305755615 -0.5038754343986511
1790642471569984001 6.034543514251709 -2.0173110961914062 -0.5077836513519287
1790642471590199177 6.0397233963012695 -2.022500514984131 -0.5040027499198914
1790642471610234571 6.044865131378174 -2.022498607635498 -0.5007045269012451
1790642471630233963 6.048746585845947 -2.021920919418335 -0.4994845390319824
1790642471650232843 6.056175231933594 -2.023005485534668 -0.5006924867630005
1790642471670403922 6.059838771820068 -2.025002956390381 -0.5014323592185974
1790642471690260525 6.058572769165039 -2.027228832244873 -0.49933740496635437
1790642471710432307 6.05766487121582 -2.0287363529205322 -0.49593669176101685
1790642471730472469 6.061890125274658 -2.0266799926757812 -0.4920085668563843
1790642471750416820 6.06953239440918 -2.0247881412506104 -0.4894375801086426
1790642471770397331 6.080398082733154 -2.025554895401001 -0.4859161972999573
1790642471790642525 6.086890697479248 -2.0239644050598145 -0.4796495735645294
1790642471810645725 6.090278625488281 -2.026853561401367 -0.4731309711933136
1790642471830653214 6.0869059562683105 -2.0318970680236816 -0.4692670404911041
1790642471850726113 6.085193157196045 -2.034342050552368 -0.46635422110557556
1790642471870687391 6.085333347320557 -2.037753105163574 -0.46285688877105713
1790642471890695616 6.085597991943359 -2.041036605834961 -0.4576795995235443
1790642471910778979 6.08384895324707 -2.043482780456543 -0.4550623595714569
1790642471930790532 6.082340240478516 -2.045600175857544 -0.4609213173389435
1790642471950792997 6.080600738525391 -2.0480642318725586 -0.46677955985069275
1790642471970741795 6.076622486114502 -2.0538058280944824 -0.461969256401062
1790642471990842503 6.071962356567383 -2.06070876121521 -0.45198267698287964
1790642472010919050 6.067478179931641 -2.0675806999206543 -0.4420802593231201
1790642472030964396 6.064559459686279 -2.072307825088501 -0.43724873661994934
1790642472051062544 6.062585353851318 -2.0757596492767334 -0.43426892161369324
1790642472070998350 6.062163829803467 -2.0765349864959717 -0.4318649470806122
1790642472091107251 6.0634684562683105 -2.0784554481506348 -0.4283982515335083
1790642472111182518 6.066617012023926 -2.081998825073242 -0.424270898103714
1790642472131206391 6.068103790283203 -2.086108684539795 -0.4203245937824249
1790642472151194647 6.069912433624268 -2.0893702507019043 -0.41697263717651367
1790642472171275066 6.069912433624268 -2.0893702507019043 -0.4136032462120056
1790642472191276282 6.071718215942383 -2.091649293899536 -0.4103623926639557
1790642472211255887 6.071005344390869 -2.092895984649658 -0.4064401388168335
1790642472231463950 6.071481704711914 -2.0920872688293457 -0.40072304010391235
1790642472251496999 6.0723676681518555 -2.0906295776367188 -0.3936203420162201
1790642472271387546 6.075588703155518 -2.091554641723633 -0.3875541687011719
1790642472291529495 6.07521915435791 -2.0921545028686523 -0.3864046633243561
1790642472311511150 6.078197956085205 -2.0871758460998535 -0.3778451681137085
1790642472331454147 6.082139492034912 -2.080669641494751 -0.3673649728298187
1790642472351635745 6.085844993591309 -2.074728012084961 -0.3661050498485565
1790642472371543509 6.089109420776367 -2.069579601287842 -0.3727279603481293
1790642472391572430 6.090010643005371 -2.068138360977173 -0.38029715418815613
1790642472411680970 6.090010643005371 -2.068138360977173 -0.38593173027038574
1790642472431717762 6.090010643005371 -2.068138360977173 -0.389522910118103
1790642472451715642 6.090010643005371 -2.068138360977173 -0.39270418882369995
1790642472471767507 6.090341567993164 -2.0675647258758545 -0.3952682912349701
1790642472491759882 6.091911315917969 -2.0699830055236816 -0.3971731662750244
1790642472511873510 6.091488838195801 -2.0707454681396484 -0.3977823853492737
1790642472532011843 6.090179920196533 -2.073119640350342 -0.3955133855342865
1790642472552008506 6.089158535003662 -2.0749547481536865 -0.3877715766429901
1790642472572023442 6.087985515594482 -2.0770821571350098 -0.3869644105434418
1790642472592068779 6.086964130401611 -2.078948736190796 -0.38875865936279297
1790642472612003904 6.085824966430664 -2.081036329269409 -0.3881407678127289
1790642472632078939 6.0846734046936035 -2.0831410884857178 -0.38480836153030396
1790642472652141300 6.083865165710449 -2.0846149921417236 -0.3836483359336853
1790642472672133388 6.0799078941345215 -2.085606575012207 -0.38684770464897156
1790642472692182213 6.075559616088867 -2.0936431884765625 -0.3891855776309967
1790642472712290848 6.072237014770508 -2.0998430252075195 -0.38732463121414185
1790642472732581347 6.069949626922607 -2.1041369438171387 -0.38322049379348755
1790642472752466966 6.067009449005127 -2.10970401763916 -0.37909790873527527
1790642472772441677 6.065347194671631 -2.1129000186920166 -0.37777042388916016
1790642472792497382 6.064332962036133 -2.1148805618286133 -0.3766863942146301
1790642472812566528 6.06385612487793 -2.11582088470459 -0.37531575560569763
1790642472832479284 6.06385612487793 -2.11582088470459 -0.3760955035686493
1790642472852552079 6.064276218414307 -2.1149795055389404 -0.37890708446502686
1790642472872630377 6.067461013793945 -2.1165480613708496 -0.38051536679267883
1790642472892625184 6.07093620300293 -2.118248701095581 -0.38102030754089355
1790642472912689370 6.07093620300293 -2.118248701095581 -0.38272160291671753
1790642472932737363 6.07093620300293 -2.118248701095581 -0.3854728043079376
1790642472952800365 6.0717854499816895 -2.1165435314178467 -0.38630130887031555
1790642472972850759 6.074578285217285 -2.1107912063598633 -0.3850581645965576
1790642472992826333 6.077638149261475 -2.1043262481689453 -0.383044958114624
1790642473012881687 6.07989501953125 -2.0994977951049805 -0.38165798783302307
1790642473035510130 6.081063747406006 -2.096977949142456 -0.3810606896877289
1790642473053087437 6.084017276763916 -2.0963385105133057 -0.38056838512420654
1790642473073001346 6.08449649810791 -2.0952885150909424 -0.37994906306266785
1790642473092891349 6.084192752838135 -2.095960855484009 -0.37967467308044434
1790642473113133174 6.085505485534668 -2.098299264907837 -0.37961485981941223
1790642473132999976 6.084352016448975 -2.100903272628784 -0.37928539514541626
1790642473153017792 6.083930015563965 -2.101865530014038 -0.3787919282913208
1790642473173062329 6.085338115692139 -2.104057550430298 -0.3781171441078186
1790642473193258712 6.085338115692139 -2.104057550430298 -0.3772923946380615
1790642473213278896 6.085338115692139 -2.104057550430298 -0.37610164284706116
1790642473233346378 6.085338115692139 -2.104057550430298 -0.37470775842666626
1790642473253252766 6.085622787475586 -2.1033613681793213 -0.37403908371925354
1790642473273391515 6.085622787475586 -2.1033613681793213 -0.3743268847465515
1790642473293461717 6.085622787475586 -2.1033613681793213 -0.3747131824493408
1790642473313523471 6.085622787475586 -2.1033613681793213 -0.3749313950538635
1790642473333430947 6.085948944091797 -2.102510452270508 -0.3752828538417816
1790642473353733990 6.086221218109131 -2.101813554763794 -0.3760314881801605
1790642473373961190 6.086221218109131 -2.101813554763794 -0.3763676881790161
1790642473393919484 6.086575508117676 -2.1009414196014404 -0.3758029639720917
1790642473413547525 6.086575508117676 -2.1009414196014404 -0.37496620416641235
1790642473433521372 6.086575508117676 -2.1009414196014404 -0.37395259737968445
1790642473453691129 6.086575508117676 -2.1009414196014404 -0.37284478545188904
1790642473473689713 6.086575508117676 -2.1009414196014404 -0.37192901968955994
1790642473493708329 6.086575508117676 -2.1009414196014404 -0.370429128408432
1790642473513779843 6.086575508117676 -2.1009414196014404 -0.36924728751182556
1790642473533864062 6.086575508117676 -2.1009414196014404 -0.369512140750885
1790642473553955545 6.086575508117676 -2.1009414196014404 -0.37012338638305664
1790642473573903694 6.086575508117676 -2.1009414196014404 -0.37031352519989014
1790642473594002697 6.086575508117676 -2.1009414196014404 -0.37006551027297974
1790642473614850465 6.086575508117676 -2.1009414196014404 -0.36972326040267944
1790642473633995224 6.086575508117676 -2.1009414196014404 -0.3694358170032501
1790642473653969263 6.086575508117676 -2.1009414196014404 -0.36901411414146423
1790642473674099019 6.086575508117676 -2.1009414196014404 -0.36838167905807495
1790642473694117827 6.086575508117676 -2.1009414196014404 -0.36812689900398254
1790642473714265536 6.086575508117676 -2.1009414196014404 -0.3684443235397339
1790642473734265592 6.086575508117676 -2.1009414196014404 -0.3687005937099457
1790642473754304272 6.086575508117676 -2.1009414196014404 -0.368649959564209
1790642473774405004 6.086575508117676 -2.1009414196014404 -0.3674911558628082
1790642473794389731 6.086575508117676 -2.1009414196014404 -0.3664636015892029
1790642473814370169 6.086575508117676 -2.1009414196014404 -0.3662552535533905
1790642473834399154 6.086575508117676 -2.1009414196014404 -0.3662775158882141
1790642473854437291 6.086575508117676 -2.1009414196014404 -0.36613231897354126
1790642473874537350 6.086575508117676 -2.1009414196014404 -0.3664163053035736
1790642473894646754 6.086575508117676 -2.1009414196014404 -0.36704516410827637
1790642473914552022 6.086575508117676 -2.1009414196014404 -0.3673524260520935
1790642473934713075 6.086575508117676 -2.1009414196014404 -0.3669208288192749
1790642473954748140 6.086575508117676 -2.1009414196014404 -0.36654865741729736
1790642473974688641 6.086575508117676 -2.1009414196014404 -0.36648303270339966
1790642473994728506 6.086575508117676 -2.1009414196014404 -0.3663862645626068
1790642474014740274 6.086575508117676 -2.1009414196014404 -0.365998774766922
1790642474034849230 6.086575508117676 -2.1009414196014404 -0.3652477562427521
1790642474054765826 6.086575508117676 -2.1009414196014404 -0.364447683095932
1790642474074911551 6.086575508117676 -2.1009414196014404 -0.3637596666812897
1790642474095019418 6.086575508117676 -2.1009414196014404 -0.3629636764526367
1790642474115004689 6.086575508117676 -2.1009414196014404 -0.36252009868621826
1790642474134966151 6.086575508117676 -2.1009414196014404 -0.3623887598514557
1790642474155087715 6.086575508117676 -2.1009414196014404 -0.362044095993042
1790642474175135421 6.086575508117676 -2.1009414196014404 -0.3618403971195221
1790642474195137460 6.086575508117676 -2.1009414196014404 -0.36180034279823303
1790642474215202030 6.086575508117676 -2.1009414196014404 -0.3615899980068207
1790642474235135683 6.086575508117676 -2.1009414196014404 -0.36116504669189453
1790642474255172508 6.086575508117676 -2.1009414196014404 -0.36090928316116333
1790642474275310136 6.086575508117676 -2.1009414196014404 -0.3605329692363739
1790642474295336369 6.086575508117676 -2.1009414196014404 -0.36007368564605713
1790642474315430892 6.086575508117676 -2.1009414196014404 -0.35960468649864197
1790642474335454180 6.086575508117676 -2.1009414196014404 -0.3595142662525177
1790642474355528543 6.086575508117676 -2.1009414196014404 -0.35937777161598206
1790642474375473460 6.086575508117676 -2.1009414196014404 -0.35917264223098755
1790642474395422345 6.086575508117676 -2.1009414196014404 -0.35879504680633545
1790642474415556998 6.086575508117676 -2.1009414196014404 -0.35810136795043945
1790642474435552029 6.086575508117676 -2.1009414196014404 -0.35723263025283813
1790642474455548021 6.086575508117676 -2.1009414196014404 -0.3564651310443878
1790642474475569965 6.086575508117676 -2.1009414196014404 -0.3559838831424713
1790642474495641319 6.086575508117676 -2.1009414196014404 -0.3557394742965698
1790642474515713633 6.086575508117676 -2.1009414196014404 -0.35531261563301086
1790642474535706104 6.086575508117676 -2.1009414196014404 -0.35510945320129395
1790642474555672783 6.086575508117676 -2.1009414196014404 -0.355181485414505
1790642474575817836 6.086575508117676 -2.1009414196014404 -0.35523170232772827
1790642474595905606 6.086575508117676 -2.1009414196014404 -0.35529184341430664
1790642474615781977 6.086575508117676 -2.1009414196014404 -0.3553403317928314
1790642474635826258 6.086575508117676 -2.1009414196014404 -0.35525962710380554
1790642474655993168 6.086575508117676 -2.1009414196014404 -0.3551839590072632
1790642474676011304 6.086575508117676 -2.1009414196014404 -0.3550798296928406
1790642474696085474 6.086575508117676 -2.1009414196014404 -0.3549697697162628
1790642474716071033 6.086575508117676 -2.1009414196014404 -0.3547944724559784
1790642474736085169 6.086575508117676 -2.1009414196014404 -0.3546305000782013
1790642474756171052 6.086575508117676 -2.1009414196014404 -0.3544315993785858
1790642474776094529 6.086575508117676 -2.1009414196014404 -0.3542379140853882
1790642474796243966 6.086575508117676 -2.1009414196014404 -0.354021817445755
1790642474816279927 6.086575508117676 -2.1009414196014404 -0.3537728786468506
1790642474836353617 6.086575508117676 -2.1009414196014404 -0.3535619378089905
1790642474856457260 6.086575508117676 -2.1009414196014404 -0.35339123010635376
1790642474876542823 6.086575508117676 -2.1009414196014404 -0.35330843925476074
1790642474896644962 6.086575508117676 -2.1009414196014404 -0.353362500667572
1790642474916518581 6.086575508117676 -2.1009414196014404 -0.3534950911998749
1790642474936531181 6.086575508117676 -2.1009414196014404 -0.3536067008972168
1790642474956527012 6.086575508117676 -2.1009414196014404 -0.3536033630371094
1790642474976663969 6.086575508117676 -2.1009414196014404 -0.35346224904060364
1790642474996539539 6.086575508117676 -2.1009414196014404 -0.3531569838523865
1790642475016610158 6.086575508117676 -2.1009414196014404 -0.35279524326324463
1790642475036721513 6.086575508117676 -2.1009414196014404 -0.3523416519165039
1790642475056775747 6.086575508117676 -2.1009414196014404 -0.3517870008945465
1790642475076847485 6.086575508117676 -2.1009414196014404 -0.3511642515659332
1790642475096771058 6.086575508117676 -2.1009414196014404 -0.3506961166858673
1790642475116897678 6.086575508117676 -2.1009414196014404 -0.35056453943252563
1790642475136869508 6.086575508117676 -2.1009414196014404 -0.35048577189445496
1790642475156936926 6.086575508117676 -2.1009414196014404 -0.3503875136375427
1790642475177158718 6.086575508117676 -2.1009414196014404 -0.3503723442554474
1790642475197049681 6.086575508117676 -2.1009414196014404 -0.35026589035987854
1790642475216989607 6.086575508117676 -2.1009414196014404 -0.35019537806510925
1790642475237052672 6.086575508117676 -2.1009414196014404 -0.3501902222633362
1790642475257201886 6.086575508117676 -2.1009414196014404 -0.350095272064209
1790642475277138835 6.086575508117676 -2.1009414196014404 -0.3498132526874542
1790642475297785411 6.086575508117676 -2.1009414196014404 -0.349527508020401
1790642475317413740 6.086575508117676 -2.1009414196014404 -0.34936919808387756
1790642475337297599 6.086575508117676 -2.1009414196014404 -0.349223256111145
1790642475357379386 6.086575508117676 -2.1009414196014404 -0.34913790225982666
1790642475377374865 6.086575508117676 -2.1009414196014404 -0.3492557406425476
1790642475397408074 6.086575508117676 -2.1009414196014404 -0.3494534194469452
1790642475417594152 6.086575508117676 -2.1009414196014404 -0.3494884669780731
1790642475437729797 6.086575508117676 -2.1009414196014404 -0.34939560294151306
1790642475457585367 6.086575508117676 -2.1009414196014404 -0.34936776757240295
1790642475477560237 6.086575508117676 -2.1009414196014404 -0.34922462701797485
1790642475497591782 6.086575508117676 -2.1009414196014404 -0.3490048050880432
1790642475517577789 6.086575508117676 -2.1009414196014404 -0.3491407036781311
1790642475537723194 6.086575508117676 -2.1009414196014404 -0.3492123782634735
1790642475557793300 6.086575508117676 -2.1009414196014404 -0.3491055369377136
1790642475577826604 6.086575508117676 -2.1009414196014404 -0.3489065170288086
1790642475597826308 6.086575508117676 -2.1009414196014404 -0.3489038050174713
1790642475617829147 6.086575508117676 -2.1009414196014404 -0.34891530871391296
1790642475637868180 6.086575508117676 -2.1009414196014404 -0.3484938144683838
1790642475657947119 6.086575508117676 -2.1009414196014404 -0.3483752906322479
1790642475678033962 6.086575508117676 -2.1009414196014404 -0.3488004803657532
1790642475698077635 6.086575508117676 -2.1009414196014404 -0.34900739789009094
1790642475719180004 6.086575508117676 -2.1009414196014404 -0.3490123152732849
1790642475738054705 6.086575508117676 -2.1009414196014404 -0.34911680221557617
1790642475758018023 6.086575508117676 -2.1009414196014404 -0.34910035133361816
1790642475778202981 6.086575508117676 -2.1009414196014404 -0.3489364981651306
1790642475798235070 6.086575508117676 -2.1009414196014404 -0.3488209843635559
1790642475818611972 6.086575508117676 -2.1009414196014404 -0.34865352511405945
1790642475838312464 6.086575508117676 -2.1009414196014404 -0.34837111830711365
1790642475858235908 6.086575508117676 -2.1009414196014404 -0.34803569316864014
1790642475878420035 6.086575508117676 -2.1009414196014404 -0.347852885723114
1790642475898515710 6.086575508117676 -2.1009414196014404 -0.347558856010437
1790642475918504053 6.086575508117676 -2.1009414196014404 -0.34737932682037354
1790642475938495692 6.086575508117676 -2.1009414196014404 -0.34690722823143005
1790642475958554694 6.086575508117676 -2.1009414196014404 -0.34606051445007324
1790642475978589535 6.086575508117676 -2.1009414196014404 -0.34504321217536926
1790642475998649496 6.086575508117676 -2.1009414196014404 -0.34345176815986633
1790642476018951867 6.086575508117676 -2.1009414196014404 -0.34292471408843994
1790642476038794349 6.086575508117676 -2.1009414196014404 -0.3434452414512634
1790642476058843526 6.086575508117676 -2.1009414196014404 -0.34540054202079773
1790642476078802908 6.086575508117676 -2.1009414196014404 -0.34722277522087097
1790642476098837781 6.086575508117676 -2.1009414196014404 -0.3490646779537201
1790642476118875694 6.086575508117676 -2.1009414196014404 -0.35266974568367004
1790642476138939207 6.086575508117676 -2.1009414196014404 -0.3567960858345032
1790642476159085380 6.086575508117676 -2.1009414196014404 -0.35904937982559204
1790642476178989464 6.086575508117676 -2.1009414196014404 -0.3580234944820404
1790642476199069715 6.086575508117676 -2.1009414196014404 -0.35636937618255615
1790642476219455481 6.086575508117676 -2.1009414196014404 -0.3555210828781128
1790642476239056705 6.086575508117676 -2.1009414196014404 -0.3563883304595947
1790642476259139548 6.086575508117676 -2.1009414196014404 -0.35767272114753723
1790642476279080081 6.086575508117676 -2.1009414196014404 -0.3583429753780365
1790642476299102153 6.086575508117676 -2.1009414196014404 -0.3596164286136627
1790642476320239212 6.086575508117676 -2.1009414196014404 -0.36222919821739197
1790642476339465222 6.086575508117676 -2.1009414196014404 -0.36584728956222534
1790642476359249173 6.086575508117676 -2.1009414196014404 -0.3682236671447754
1790642476379267245 6.086575508117676 -2.1009414196014404 -0.36884674429893494
1790642476399277509 6.086575508117676 -2.1009414196014404 -0.36878475546836853
1790642476419416834 6.086575508117676 -2.1009414196014404 -0.36859092116355896
1790642476439430714 6.086575508117676 -2.1009414196014404 -0.36722448468208313
1790642476459498164 6.086575508117676 -2.1009414196014404 -0.36486101150512695
1790642476479494795 6.086831092834473 -2.1002395153045654 -0.36010292172431946
1790642476499639304 6.087100028991699 -2.099500894546509 -0.3528459072113037
1790642476519619775 6.087441444396973 -2.0985634326934814 -0.34663814306259155
1790642476539537395 6.087828636169434 -2.0974998474121094 -0.3438703417778015
1790642476559609101 6.090526103973389 -2.0971717834472656 -0.3455806076526642
1790642476579645254 6.09340238571167 -2.0972814559936523 -0.349195659160614
1790642476599925192 6.096160888671875 -2.098284959793091 -0.3588593602180481
1790642476619753785 6.099434852600098 -2.0994746685028076 -0.36481520533561707
1790642476639763825 6.1029205322265625 -2.100740671157837 -0.3708100914955139
1790642476659910318 6.106272220611572 -2.101959466934204 -0.37642592191696167
1790642476679790945 6.109512805938721 -2.1031386852264404 -0.37839797139167786
1790642476701073513 6.112726211547852 -2.1043081283569336 -0.37718063592910767
1790642476720113884 6.116151332855225 -2.1055550575256348 -0.374640554189682
1790642476739992175 6.120013236999512 -2.1069605350494385 -0.3731968104839325
1790642476760041000 6.124337673187256 -2.108534097671509 -0.37142398953437805
1790642476780212998 6.128544807434082 -2.1100640296936035 -0.3690358102321625
1790642476801547952 6.132043361663818 -2.1125030517578125 -0.36747491359710693
1790642476820287032 6.1352362632751465 -2.1150453090667725 -0.3673763573169708
1790642476840469686 6.138350009918213 -2.1179442405700684 -0.3713737726211548
1790642476860401675 6.141910552978516 -2.120938539505005 -0.37596216797828674
1790642476880375426 6.145678997039795 -2.1240813732147217 -0.3769206404685974
1790642476900389722 6.1495561599731445 -2.127316951751709 -0.3714471161365509
1790642476920526966 6.154223918914795 -2.130262613296509 -0.35907086730003357
1790642476940542158 6.16043758392334 -2.132503032684326 -0.34056392312049866
1790642476960620137 6.168085098266602 -2.134319543838501 -0.3185821771621704
1790642476980553918 6.177308559417725 -2.1363472938537598 -0.30528080463409424
1790642477000565718 6.188891410827637 -2.1378207206726074 -0.2977939546108246
1790642477020768405 6.2000603675842285 -2.138688802719116 -0.2973347306251526
1790642477040693577 6.210721015930176 -2.139453649520874 -0.30102279782295227
1790642477060788901 6.222559452056885 -2.1404001712799072 -0.3043748438358307
1790642477084266112 6.233778953552246 -2.1423094272613525 -0.30578550696372986
1790642477100915704 6.244097709655762 -2.1461071968078613 -0.3055219054222107
1790642477120780843 6.254199504852295 -2.1527912616729736 -0.30448243021965027
1790642477140935464 6.265161991119385 -2.1609416007995605 -0.3041498363018036
1790642477160891326 6.277013301849365 -2.1701414585113525 -0.3079839050769806
1790642477180983737 6.289025783538818 -2.179586172103882 -0.31313684582710266
1790642477201023058 6.300407409667969 -2.1898303031921387 -0.3160017728805542
1790642477221150798 6.312242031097412 -2.1979057788848877 -0.32059040665626526
1790642477241080451 6.325567245483398 -2.205678701400757 -0.3335272967815399
1790642477261048889 6.341583251953125 -2.2134296894073486 -0.3420407772064209
1790642477281096434 6.356912612915039 -2.220686435699463 -0.35450103878974915
1790642477301157356 6.374427318572998 -2.228938341140747 -0.3732050359249115
1790642477321160164 6.391560077667236 -2.2378756999969482 -0.37886685132980347
1790642477342079006 6.4064812660217285 -2.252800703048706 -0.3821287155151367
1790642477361305304 6.422557830810547 -2.269198417663574 -0.38124725222587585
1790642477381315280 6.441484451293945 -2.285231113433838 -0.3743334710597992
1790642477401346536 6.459740161895752 -2.2981832027435303 -0.3716227114200592
1790642477421399586 6.477649211883545 -2.30507230758667 -0.37238723039627075
1790642477441422906 6.496792793273926 -2.3123843669891357 -0.37562432885169983
1790642477461554327 6.514876365661621 -2.3180408477783203 -0.37770548462867737
1790642477481551950 6.5343732833862305 -2.325220823287964 -0.37661269307136536
1790642477501480259 6.553691864013672 -2.334097385406494 -0.37324729561805725
1790642477521596287 6.57039213180542 -2.3417580127716064 -0.37075746059417725
1790642477541538612 6.588150978088379 -2.3494133949279785 -0.369941383600235
1790642477562903359 6.607639312744141 -2.3583011627197266 -0.37094613909721375
1790642477582159482 6.627915382385254 -2.3659069538116455 -0.3686944842338562
1790642477602126609 6.647360801696777 -2.3743796348571777 -0.35202357172966003
1790642477622734111 6.666158676147461 -2.3827693462371826 -0.31432482600212097
1790642477641727664 6.6859307289123535 -2.391732931137085 -0.2883281409740448
1790642477672924817 6.708397388458252 -2.39609694480896 -0.27547258138656616
1790642477692127914 6.732795715332031 -2.3989837169647217 -0.26968634128570557
1790642477712015997 6.754692554473877 -2.4058611392974854 -0.2927078306674957
1790642477732194620 6.776567459106445 -2.41837739944458 -0.30114883184432983
1790642477752339225 6.797512054443359 -2.4342877864837646 -0.29926416277885437
1790642477772141160 6.818355560302734 -2.4524290561676025 -0.29641181230545044
1790642477792508526 6.838277816772461 -2.4678616523742676 -0.30130207538604736
1790642477812219066 6.85676383972168 -2.4830822944641113 -0.3168576657772064
1790642477832257235 6.875399112701416 -2.49783992767334 -0.3332434296607971
1790642477852312685 6.89288330078125 -2.5120818614959717 -0.3462577164173126
1790642477872953117 6.909940719604492 -2.5239508152008057 -0.35852232575416565
1790642477892401375 6.926028251647949 -2.5357391834259033 -0.36986222863197327
1790642477912592958 6.944043159484863 -2.5511841773986816 -0.38096341490745544
1790642477932439983 6.962645530700684 -2.568554639816284 -0.39585113525390625
1790642477952546187 6.980527400970459 -2.5828990936279297 -0.40664708614349365
1790642477972598468 6.999867916107178 -2.5985395908355713 -0.3847639560699463
1790642477992826660 7.019661903381348 -2.6128430366516113 -0.37105727195739746
1790642478012601715 7.040807247161865 -2.628004789352417 -0.3752865791320801
1790642478032712111 7.061587810516357 -2.6447131633758545 -0.38361021876335144
1790642478052763944 7.079428672790527 -2.6606202125549316 -0.39076510071754456
1790642478072786881 7.097095489501953 -2.679513692855835 -0.390664666891098
1790642478093018785 7.116941452026367 -2.692317247390747 -0.38770759105682373
1790642478113473514 7.135246276855469 -2.704071044921875 -0.382803350687027
1790642478133026480 7.149145126342773 -2.7138726711273193 -0.376364141702652
1790642478153075850 7.1662187576293945 -2.7221012115478516 -0.37055110931396484
1790642478172949212 7.1794114112854 -2.7291953563690186 -0.3551752269268036
1790642478193211550 7.190592288970947 -2.7336578369140625 -0.3486156165599823
1790642478213035438 7.203305721282959 -2.736264705657959 -0.3573422133922577
1790642478233041222 7.213187217712402 -2.738035202026367 -0.3620065152645111
1790642478253211588 7.226314544677734 -2.742708921432495 -0.35566574335098267
1790642478273144249 7.238933563232422 -2.74861478805542 -0.3460807502269745
1790642478293355224 7.2482500076293945 -2.754883289337158 -0.3440813422203064
1790642478313197482 7.2584309577941895 -2.7640743255615234 -0.34998080134391785
1790642478333257924 7.2699456214904785 -2.7775614261627197 -0.35145920515060425
1790642478353306525 7.280575275421143 -2.7891745567321777 -0.34766459465026855
1790642478373394136 7.293438911437988 -2.7913427352905273 -0.34349000453948975
1790642478395319896 7.300534725189209 -2.7909181118011475 -0.33742156624794006
1790642478413597838 7.307397842407227 -2.796626567840576 -0.3318674862384796
1790642478433469121 7.310299873352051 -2.7986862659454346 -0.3318712115287781
1790642478453618686 7.314778804779053 -2.8036932945251465 -0.3297433853149414
1790642478473614101 7.31704044342041 -2.805485963821411 -0.3234279453754425
1790642478493608140 7.31561279296875 -2.809131145477295 -0.31544947624206543
1790642478513686055 7.313490390777588 -2.8145911693573 -0.30759432911872864
1790642478538003842 7.312406063079834 -2.817387104034424 -0.3026072680950165
1790642478553703990 7.312953472137451 -2.8159801959991455 -0.3002857565879822
1790642478573619083 7.313092231750488 -2.8239407539367676 -0.2993316054344177
1790642478593942126 7.31441068649292 -2.8273940086364746 -0.2969512641429901
1790642478613801089 7.316622734069824 -2.829832077026367 -0.29432401061058044
1790642478634032065 7.316425800323486 -2.830495834350586 -0.29131507873535156
1790642478653904595 7.315479755401611 -2.8338429927825928 -0.28737935423851013
1790642478680440483 7.31503438949585 -2.8354544639587402 -0.2843888998031616
1790642478694072809 7.315482139587402 -2.833968162536621 -0.2822285592556
1790642478714179268 7.316518783569336 -2.8306314945220947 -0.2812409996986389
1790642478734452134 7.31807279586792 -2.8255951404571533 -0.2811327278614044
1790642478754092336 7.31919527053833 -2.8219194412231445 -0.28197818994522095
1790642478774187275 7.319637775421143 -2.820495367050171 -0.2830539345741272
1790642478794230820 7.321541786193848 -2.8146889209747314 -0.28162628412246704
1790642478814259740 7.323185443878174 -2.809940814971924 -0.2852990925312042
1790642478834257396 7.325542449951172 -2.8034074306488037 -0.2892390787601471
1790642478854315918 7.3277716636657715 -2.7974579334259033 -0.2914321720600128
1790642478874261411 7.326286315917969 -2.7927799224853516 -0.29394951462745667
1790642478894740397 7.327313423156738 -2.790215492248535 -0.2985704839229584
1790642478914441337 7.3277411460876465 -2.789191961288452 -0.30368074774742126
1790642478934471761 7.327310562133789 -2.790192127227783 -0.3065292537212372
1790642478954524811 7.327635765075684 -2.7893893718719482 -0.3076813220977783
1790642478974570628 7.327317714691162 -2.7902069091796875 -0.3103225827217102
1790642478994692192 7.32673978805542 -2.7916741371154785 -0.31592634320259094
1790642479014580979 7.32595157623291 -2.7936267852783203 -0.31775516271591187
1790642479034848149 7.325679302215576 -2.7942874431610107 -0.31724825501441956
1790642479054757289 7.325139045715332 -2.7955994606018066 -0.320045530796051
1790642479074855172 7.324657440185547 -2.796779155731201 -0.31931060552597046
1790642479094864156 7.324400901794434 -2.7974159717559814 -0.31397661566734314
1790642479114845075 7.323605060577393 -2.7994296550750732 -0.3081802427768707
1790642479134957262 7.322906970977783 -2.8012259006500244 -0.30875545740127563
1790642479155012776 7.321987628936768 -2.8037052154541016 -0.3246622383594513
1790642479175076354 7.319307804107666 -2.8110780715942383 -0.33547404408454895
1790642479194885234 7.31698751449585 -2.8172924518585205 -0.3279240131378174
1790642479214978093 7.315317153930664 -2.821702718734741 -0.314864844083786
1790642479235196845 7.3137335777282715 -2.8259665966033936 -0.3071555495262146
1790642479255091456 7.3130717277526855 -2.8278019428253174 -0.3105285167694092
1790642479275367906 7.3124308586120605 -2.8295910358428955 -0.31827402114868164
1790642479295094447 7.311752796173096 -2.8314483165740967 -0.3243419826030731
1790642479315249516 7.3114471435546875 -2.8322815895080566 -0.324613094329834
1790642479335336295 7.3112287521362305 -2.8328850269317627 -0.3192891776561737
1790642479355459523 7.313362121582031 -2.8351800441741943 -0.3076239824295044
1790642479375731365 7.312716960906982 -2.8370184898376465 -0.29445239901542664
1790642479396658528 7.312051296234131 -2.8389506340026855 -0.2810353636741638
1790642479415571534 7.311245918273926 -2.84128737449646 -0.2745027542114258
1790642479435375710 7.311848163604736 -2.8395276069641113 -0.28478100895881653
1790642479455477529 7.3128509521484375 -2.8365354537963867 -0.28019464015960693
1790642479475596469 7.313470363616943 -2.834637403488159 -0.25481319427490234
1790642479495637902 7.313264846801758 -2.83528470993042 -0.23540280759334564
1790642479515563171 7.312323570251465 -2.83829927444458 -0.23304933309555054
1790642479535662846 7.313382625579834 -2.8419415950775146 -0.23523962497711182
1790642479555570642 7.317389488220215 -2.8468499183654785 -0.2303621470928192
1790642479575720495 7.322213649749756 -2.85209321975708 -0.21842284500598907
1790642479595754920 7.325306415557861 -2.8597121238708496 -0.20574358105659485
1790642479615745183 7.323334217071533 -2.866288900375366 -0.19507895410060883
1790642479635963263 7.319662094116211 -2.871112823486328 -0.18349631130695343
1790642479656114012 7.315375328063965 -2.875117540359497 -0.1673051118850708
1790642479676534787 7.3113112449646 -2.8778879642486572 -0.1483830064535141
1790642479695969733 7.309635162353516 -2.8836896419525146 -0.12923641502857208
1790642479715963165 7.305075168609619 -2.8884470462799072 -0.11037217825651169
1790642479735988469 7.300342082977295 -2.8947978019714355 -0.08963554352521896
1790642479756222581 7.295012474060059 -2.902477979660034 -0.0695599764585495
1790642479775961443 7.288897514343262 -2.907487630844116 -0.05373690277338028
1790642479796337321 7.280952453613281 -2.91048526763916 -0.03201627358794212
1790642479816106103 7.272944450378418 -2.9117002487182617 -0.007734263315796852
1790642479836391130 7.262874126434326 -2.9116649627685547 0.015163769014179707
1790642479856126695 7.254085063934326 -2.920895576477051 0.03575977683067322
1790642479876155039 7.247661590576172 -2.9343671798706055 0.054643064737319946
1790642479896386048 7.244592189788818 -2.944162130355835 0.0729425773024559
1790642479916333877 7.24204683303833 -2.9522037506103516 0.09013322740793228
1790642479936320684 7.240848541259766 -2.95597505569458 0.10774069279432297
1790642479956542636 7.2397541999816895 -2.9593870639801025 0.125735342502594
1790642479976423903 7.2405595779418945 -2.963409900665283 0.14379622042179108
1790642479996525754 7.239902019500732 -2.96540904045105 0.1607772558927536
1790642480016587348 7.239665508270264 -2.9661290645599365 0.1764400750398636
1790642480036582187 7.239665508270264 -2.9661290645599365 0.19383424520492554
1790642480056669030 7.23932409286499 -2.967162847518921 0.21245352923870087
1790642480076660413 7.23850154876709 -2.9696946144104004 0.22882550954818726
1790642480096764729 7.237349987030029 -2.973313331604004 0.24149751663208008
1790642480116728783 7.235783576965332 -2.978224515914917 0.24685129523277283
1790642480136815849 7.233892917633057 -2.98384165763855 0.26044416427612305
1790642480156937478 7.233892917633057 -2.98384165763855 0.27387067675590515
1790642480177000895 7.235084056854248 -2.980340003967285 0.27883338928222656
1790642480197067929 7.235930919647217 -2.9777400493621826 0.2820965051651001
1790642480217023247 7.236691951751709 -2.9753403663635254 0.2890179455280304
1790642480237064776 7.23606014251709 -2.9773097038269043 0.2954188585281372
1790642480256935675 7.235651969909668 -2.978548049926758 0.2972954511642456
1790642480276945235 7.235118389129639 -2.980134963989258 0.2948167026042938
1790642480297424124 7.234485149383545 -2.9820163249969482 0.29144522547721863
1790642480317174410 7.233888626098633 -2.983820915222168 0.29047203063964844
1790642480337291590 7.2336015701293945 -2.9847252368927 0.29125693440437317
1790642480357110071 7.233153820037842 -2.986201524734497 0.29025670886039734
1790642480377229267 7.235904216766357 -2.9901559352874756 0.2826821208000183
1790642480397448914 7.238164901733398 -2.9934418201446533 0.2725503742694855
1790642480417319333 7.237771034240723 -2.9947869777679443 0.26356038451194763
1790642480437454369 7.237001895904541 -2.997459888458252 0.2612304389476776
1790642480457655169 7.236007213592529 -3.0012784004211426 0.26638877391815186
1790642480477481521 7.235001564025879 -3.0054702758789062 0.26895880699157715
1790642480497611086 7.230947494506836 -3.005218267440796 0.26643919944763184
1790642480517512258 7.2275261878967285 -3.006983518600464 0.26603877544403076
1790642480537459607 7.2260823249816895 -3.013139009475708 0.2703676223754883
1790642480560103251 7.22725772857666 -3.0190186500549316 0.2765542268753052
1790642480577583211 7.22628116607666 -3.023698329925537 0.28201282024383545
1790642480597787594 7.225542068481445 -3.027439594268799 0.2846495807170868
1790642480617829603 7.224778175354004 -3.0315542221069336 0.2851519286632538
1790642480637685653 7.224486827850342 -3.0332791805267334 0.284839391708374
1790642480657724046 7.224486827850342 -3.0332791805267334 0.2840483784675598
1790642480681211018 7.224395275115967 -3.0339865684509277 0.2830459475517273
1790642480697839809 7.224395275115967 -3.0339865684509277 0.2818826138973236
1790642480717919740 7.224334716796875 -3.0346591472625732 0.28247615694999695
1790642480738124411 7.226438045501709 -3.0348055362701416 0.28425130248069763
1790642480757922955 7.226510524749756 -3.033452033996582 0.2869541049003601
1790642480777911458 7.229727745056152 -3.030635356903076 0.28995707631111145
1790642480798216069 7.231864929199219 -3.0279641151428223 0.2934739887714386
1790642480818225468 7.231821060180664 -3.02506422996521 0.29906368255615234
1790642480838083790 7.23175573348999 -3.0232434272766113 0.30580785870552063
1790642480858111623 7.231595039367676 -3.0203046798706055 0.3140820860862732
1790642480878275173 7.229126930236816 -3.0146613121032715 0.3221532106399536
1790642480898338142 7.228665351867676 -3.009554386138916 0.31247636675834656
1790642480918356471 7.228418827056885 -3.007277488708496 0.3116295635700226
1790642480938663866 7.228418827056885 -3.007277488708496 0.3267015516757965
1790642480958347653 7.230969429016113 -3.009575128555298 0.34458693861961365
1790642480978468929 7.231292247772217 -3.0115647315979004 0.35738226771354675
1790642480998611710 7.231649875640869 -3.0135724544525146 0.3651803135871887
1790642481018538771 7.232077121734619 -3.0157482624053955 0.36930209398269653
1790642481038638990 7.235077381134033 -3.0180134773254395 0.37661251425743103
1790642481058645702 7.23557710647583 -3.0201592445373535 0.38596203923225403
1790642481078613788 7.236301898956299 -3.023101806640625 0.38837170600891113
1790642481098935008 7.237079620361328 -3.026188850402832 0.3876442015171051
1790642481118737072 7.238119125366211 -3.030088186264038 0.3908507823944092
1790642481140076122 7.239294528961182 -3.034273147583008 0.396165132522583
1790642481158761407 7.240886688232422 -3.039834499359131 0.3991340398788452
1790642481178960990 7.242652416229248 -3.045926332473755 0.40183207392692566
1790642481199045977 7.2445969581604 -3.0524659156799316 0.40411949157714844
1790642481218919180 7.246812343597412 -3.0597455501556396 0.404872864484787
1790642481238936868 7.249552249908447 -3.0686888694763184 0.4027341306209564
1790642481258955708 7.252132415771484 -3.077186107635498 0.399085134267807
1790642481279004405 7.254237174987793 -3.0842013359069824 0.3983439803123474
1790642481299302648 7.2571845054626465 -3.0940616130828857 0.4050276279449463
1790642481323360874 7.261679172515869 -3.1090550422668457 0.41677945852279663
1790642481345793086 7.275350093841553 -3.136915683746338 0.44402384757995605
1790642481363290582 7.278322219848633 -3.147549867630005 0.4562230110168457
1790642481383295406 7.280652046203613 -3.156184673309326 0.4655250310897827
1790642481403264868 7.282467842102051 -3.162975311279297 0.47586357593536377
1790642481423299389 7.287975788116455 -3.1677439212799072 0.48543477058410645
1790642481445481735 7.292473793029785 -3.1715235710144043 0.49449294805526733
1790642481463244393 7.297645092010498 -3.1740148067474365 0.5032109618186951
1790642481483440424 7.29817533493042 -3.1759610176086426 0.5123027563095093
1790642481503286074 7.298860549926758 -3.1784327030181885 0.5207899212837219
1790642481523911049 7.299882411956787 -3.1820333003997803 0.5256904363632202
1790642481544761249 7.298022747039795 -3.1849136352539062 0.5284920930862427
1790642481563534058 7.298481464385986 -3.18648099899292 0.5398275256156921
1790642481583637413 7.298652172088623 -3.1870639324188232 0.5465404391288757
1790642481603817123 7.298652172088623 -3.1870639324188232 0.5473329424858093
1790642481623951328 7.298652172088623 -3.1870639324188232 0.5470882058143616
1790642481645315371 7.299017906188965 -3.188321352005005 0.5492424368858337
1790642481667280013 7.296546459197998 -3.187983751296997 0.5514972805976868
1790642481683706749 7.2901787757873535 -3.185920238494873 0.5525453090667725
1790642481703892412 7.285490989685059 -3.1844418048858643 0.5567644238471985
1790642481723811408 7.285284042358398 -3.18373966217041 0.5625737905502319
1790642481743810919 7.285508155822754 -3.1844911575317383 0.5668346881866455
1790642481764053992 7.285961627960205 -3.1859912872314453 0.5712091326713562
1790642481783953916 7.286347389221191 -3.1872425079345703 0.5766975283622742
1790642481803888529 7.287164211273193 -3.189830780029297 0.576479434967041
1790642481823991276 7.2920613288879395 -3.193164110183716 0.5712574124336243
1790642481844001764 7.293126583099365 -3.196355104446411 0.5732085108757019
1790642481864088159 7.296448707580566 -3.199047565460205 0.5791856646537781
1790642481884183930 7.297787666320801 -3.203205108642578 0.58213871717453
1790642481904142704 7.29928731918335 -3.2076306343078613 0.5768240094184875
1790642481924296333 7.297099590301514 -3.211911678314209 0.5703063011169434
1790642481944165887 7.299407005310059 -3.2180912494659424 0.5668531060218811
1790642481964220665 7.305251121520996 -3.2250752449035645 0.5655556321144104
1790642481984305588 7.307889938354492 -3.231893301010132 0.5640015006065369
1790642482004432592 7.308722972869873 -3.233999490737915 0.5624517202377319
1790642482025726808 7.309369087219238 -3.2355895042419434 0.5605007410049438
1790642482044519586 7.309808254241943 -3.2366621494293213 0.5616424083709717
1790642482064434006 7.310129642486572 -3.2374494075775146 0.5652807354927063
1790642482084485328 7.310129642486572 -3.2374494075775146 0.5808730125427246
1790642482104593547 7.310129642486572 -3.2374494075775146 0.6044818162918091
1790642482124782474 7.3143310546875 -3.2368857860565186 0.6249332427978516
1790642482145350391 7.315009117126465 -3.238481283187866 0.6394788026809692
1790642482164786073 7.318752765655518 -3.2400307655334473 0.6500188708305359
1790642482184725486 7.320228576660156 -3.2434744834899902 0.6549792289733887
1790642482204852298 7.322964668273926 -3.243206739425659 0.6547644138336182
1790642482225801318 7.32473611831665 -3.239537239074707 0.6527417302131653
1790642482244800567 7.323835372924805 -3.2373971939086914 0.650148868560791
1790642482269551203 7.323245525360107 -3.2360215187072754 0.6482856869697571
1790642482284977709 7.3270039558410645 -3.2343578338623047 0.6463868618011475
1790642482305043815 7.332329273223877 -3.233083486557007 0.6424883604049683
1790642482330174753 7.336955547332764 -3.2308826446533203 0.6383837461471558
1790642482345964409 7.340185642242432 -3.2307019233703613 0.6366518139839172
1790642482365970416 7.345200538635254 -3.230679750442505 0.6386572122573853
1790642482385888869 7.346008777618408 -3.232248067855835 0.6413663625717163
1790642482406106308 7.3510661125183105 -3.2329955101013184 0.6405336260795593
1790642482426336997 7.358526706695557 -3.2326910495758057 0.6340051293373108
1790642482445999279 7.363369464874268 -3.233025312423706 0.6244617700576782
1790642482466118155 7.370105743408203 -3.2333693504333496 0.6192183494567871
1790642482504376824 7.381591796875 -3.237610340118408 0.6181908845901489
1790642482510276568 7.398087024688721 -3.2445600032806396 0.6184238195419312
1790642482530272751 7.410920143127441 -3.2519850730895996 0.618001401424408
1790642482550320937 7.421210289001465 -3.2538797855377197 0.6175287961959839
1790642482570320256 7.428793430328369 -3.256288528442383 0.6184422373771667
1790642482590299063 7.434103012084961 -3.256903648376465 0.6197630167007446
1790642482610366545 7.438114643096924 -3.2582814693450928 0.6236242055892944
1790642482630603921 7.4433207511901855 -3.2583065032958984 0.6279769539833069
1790642482650585704 7.4482502937316895 -3.2587063312530518 0.6300044059753418
1790642482679204679 7.455535411834717 -3.2554380893707275 0.6316485404968262
1790642482690832128 7.463647842407227 -3.2503886222839355 0.6308256983757019
1790642482710742356 7.473043441772461 -3.244464159011841 0.6280159950256348
1790642482730733643 7.483574867248535 -3.2377607822418213 0.6233794093132019
1790642482750649984 7.492388725280762 -3.2305550575256348 0.6200615167617798
1790642482770817406 7.5031232833862305 -3.2235727310180664 0.6211907863616943
1790642482790880151 7.511837959289551 -3.216270685195923 0.6298062801361084
1790642482810979123 7.522097110748291 -3.209676504135132 0.6501922607421875
1790642482830922952 7.531700611114502 -3.1983771324157715 0.6686753034591675
1790642482850926623 7.539038181304932 -3.1849968433380127 0.6749156713485718
1790642482871046299 7.5481181144714355 -3.1725611686706543 0.6583633422851562
1790642482892641327 7.55702018737793 -3.1638689041137695 0.6485361456871033
1790642482911054859 7.568579196929932 -3.1555850505828857 0.641329288482666
1790642482931194759 7.580536365509033 -3.147188663482666 0.6348247528076172
1790642482951163070 7.592435836791992 -3.1415486335754395 0.6263856887817383
1790642482971247992 7.603725910186768 -3.1326026916503906 0.6124571561813354
1790642482991232271 7.614572048187256 -3.125765562057495 0.5969735980033875
1790642483011268552 7.624358654022217 -3.120629072189331 0.5841897130012512
1790642483031173340 7.6364827156066895 -3.1155519485473633 0.5760878324508667
1790642483051255254 7.648898601531982 -3.1094441413879395 0.5726867318153381
1790642483071310320 7.661566734313965 -3.1035327911376953 0.5753535032272339
1790642483091308615 7.674322605133057 -3.0966296195983887 0.5812988877296448
1790642483111560136 7.686785697937012 -3.087639093399048 0.5859918594360352
1790642483131539359 7.701512336730957 -3.0791125297546387 0.5897389650344849
1790642483151409746 7.717876434326172 -3.069838285446167 0.5985702276229858
1790642483171554447 7.733728408813477 -3.0610477924346924 0.6012380719184875
1790642483191579911 7.752523422241211 -3.052645683288574 0.5986567139625549
1790642483211579230 7.771849632263184 -3.0433871746063232 0.5969427227973938
1790642483231743484 7.791901111602783 -3.0372354984283447 0.593459963798523
1790642483251678673 7.811004638671875 -3.034762382507324 0.5878174304962158
1790642483271738411 7.826766490936279 -3.0363051891326904 0.5805689096450806
1790642483291814821 7.837744235992432 -3.0336334705352783 0.5765472054481506
1790642483311939201 7.8457512855529785 -3.0291905403137207 0.574881911277771
1790642483333504852 7.853654384613037 -3.0243465900421143 0.5765664577484131
1790642483351851885 7.861277103424072 -3.0201234817504883 0.581506073474884
1790642483371894982 7.867161273956299 -3.0146610736846924 0.5894143581390381
1790642483392006466 7.87379789352417 -3.008162021636963 0.5934433341026306
1790642483411902901 7.8786516189575195 -3.0019657611846924 0.5924478769302368
1790642483432020849 7.883641719818115 -2.9983699321746826 0.6039415597915649
1790642483452090699 7.886735439300537 -2.996164560317993 0.6120014786720276
1790642483472136772 7.891627788543701 -2.9957516193389893 0.6049615144729614
1790642483492133500 7.896518230438232 -2.9965970516204834 0.5902661085128784
1790642483512196694 7.901816368103027 -2.9972760677337646 0.5844922065734863
1790642483532258127 7.906960964202881 -2.998105525970459 0.5874130129814148
1790642483552374923 7.906469345092773 -2.9974148273468018 0.5918605327606201
1790642483577199642 7.905338287353516 -2.9958293437957764 0.5988256335258484
1790642483592754825 7.908039093017578 -2.995555877685547 0.6069705486297607
1790642483612480566 7.9120869636535645 -2.9948837757110596 0.6159703731536865
1790642483632449516 7.9137349128723145 -2.9936821460723877 0.6234657764434814
1790642483652537095 7.915006637573242 -2.995420217514038 0.6304236054420471
1790642483681948516 7.915006637573242 -2.995420217514038 0.6316379904747009
1790642483693713250 7.915798187255859 -2.9965102672576904 0.6254720091819763
1790642483719246188 7.913590908050537 -2.9980971813201904 0.6221470832824707
1790642483732637576 7.911072254180908 -2.9998953342437744 0.6160248517990112
1790642483752704194 7.90964937210083 -3.0018227100372314 0.6142896413803101
1790642483772662168 7.906243324279785 -3.0033795833587646 0.6145341992378235
1790642483792897497 7.897482395172119 -3.0068044662475586 0.6158213019371033
1790642483812743882 7.885246753692627 -3.010084867477417 0.6172699928283691
1790642483833050605 7.883078098297119 -3.018198013305664 0.6133551001548767
1790642483852950209 7.882753372192383 -3.024348020553589 0.6046131253242493
1790642483873030043 7.882753372192383 -3.024348020553589 0.5989989042282104
1790642483892850316 7.880772113800049 -3.0216944217681885 0.599609375
1790642483912953831 7.879683494567871 -3.020216703414917 0.6057222485542297
1790642483933098756 7.8789544105529785 -3.019209146499634 0.6126088500022888
1790642483953108060 7.878375053405762 -3.0183844566345215 0.6161684393882751
1790642483973070610 7.878375053405762 -3.0183844566345215 0.616595447063446
1790642483993082794 7.878852844238281 -3.0191071033477783 0.6178478002548218
1790642484013168453 7.875710964202881 -3.021148204803467 0.6246610283851624
1790642484033143803 7.870792388916016 -3.02504825592041 0.629226803779602
1790642484053163028 7.864029884338379 -3.0303561687469482 0.6110888719558716
1790642484073667678 7.852694034576416 -3.0320889949798584 0.5964074730873108
1790642484093238565 7.84258508682251 -3.0284314155578613 0.592393696308136
1790642484113876117 7.8355393409729 -3.0285747051239014 0.5946216583251953
1790642484133561729 7.827690124511719 -3.0253546237945557 0.6002802848815918
1790642484153411602 7.823451995849609 -3.0248353481292725 0.6060954928398132
1790642484173333703 7.823451995849609 -3.0248353481292725 0.6118395328521729
1790642484193504325 7.823451995849609 -3.0248353481292725 0.6164995431900024
1790642484213852873 7.825642108917236 -3.0280816555023193 0.6189841032028198
1790642484233619800 7.828165054321289 -3.031867504119873 0.6232212781906128
1790642484253642608 7.830657482147217 -3.0356671810150146 0.638663649559021
1790642484273595174 7.833676815032959 -3.0403103828430176 0.648255467414856
1790642484293686273 7.836541652679443 -3.0447323322296143 0.6443372964859009
1790642484313894784 7.8398823738098145 -3.0498697757720947 0.6303503513336182
1790642484333852278 7.843420505523682 -3.0552523136138916 0.6302289962768555
1790642484354006867 7.847103595733643 -3.060760498046875 0.6409494280815125
1790642484373887558 7.849225044250488 -3.0678815841674805 0.650460422039032
1790642484393924095 7.850368022918701 -3.0758516788482666 0.6537541151046753
1790642484413869941 7.850343704223633 -3.0826356410980225 0.6479679942131042
1790642484434112309 7.850122451782227 -3.090615749359131 0.6415627598762512
1790642484454206512 7.847940921783447 -3.1006367206573486 0.6421680450439453
1790642484474068450 7.842616081237793 -3.111375570297241 0.6482778191566467
1790642484494159901 7.840240955352783 -3.119987964630127 0.6476267576217651
1790642484514135156 7.835457801818848 -3.1297571659088135 0.6367383003234863
1790642484534115211 7.834135055541992 -3.139298439025879 0.6354326605796814
1790642484554310698 7.837038040161133 -3.1484079360961914 0.6418004631996155
1790642484574251199 7.841919422149658 -3.15543794631958 0.6340329051017761
1790642484594393276 7.8466386795043945 -3.162104606628418 0.6224329471588135
1790642484614364754 7.850081443786621 -3.170898675918579 0.6184433102607727
1790642484634300743 7.8516340255737305 -3.1814982891082764 0.6207410097122192
1790642484654597418 7.84152364730835 -3.19150447845459 0.6263672709465027
1790642484680898896 7.827280521392822 -3.2017910480499268 0.6288828253746033
1790642484694594744 7.819652557373047 -3.207261800765991 0.6283382773399353
1790642484714661906 7.81619119644165 -3.209711790084839 0.6262387633323669
1790642484734768078 7.818716526031494 -3.213292360305786 0.6241819858551025
1790642484754645953 7.820441246032715 -3.2202486991882324 0.6254628300666809
1790642484774648920 7.822598934173584 -3.2314229011535645 0.6312695145606995
1790642484794708210 7.825545310974121 -3.244749069213867 0.6401367783546448
1790642484814840463 7.823427200317383 -3.2579152584075928 0.6421933770179749
1790642484834877511 7.823868274688721 -3.273317813873291 0.6395156979560852
1790642484854911136 7.819988250732422 -3.288424015045166 0.6353137493133545
1790642484874942777 7.816593647003174 -3.301546096801758 0.6520950198173523
1790642484894975409 7.8130412101745605 -3.3117620944976807 0.679387629032135
1790642484915016202 7.809351921081543 -3.323272466659546 0.6945780515670776
1790642484935093925 7.798800945281982 -3.336869716644287 0.6938053965568542
1790642484955174079 7.792756080627441 -3.3522531986236572 0.6775367856025696
1790642484975602951 7.780049800872803 -3.363743305206299 0.6522554755210876
1790642484995118668 7.770010471343994 -3.3739664554595947 0.6278991103172302
1790642485015033120 7.7609543800354 -3.3826844692230225 0.6228201389312744
1790642485035233759 7.75239896774292 -3.3904457092285156 0.6377518177032471
1790642485055319834 7.743408679962158 -3.400806188583374 0.6387637853622437
1790642485075206765 7.732339859008789 -3.4116952419281006 0.620704174041748
1790642485095503600 7.7195963859558105 -3.4224348068237305 0.6021369695663452
1790642485115289279 7.708331108093262 -3.433345317840576 0.5950675010681152
1790642485135346201 7.698419570922852 -3.4452388286590576 0.6004466414451599
1790642485155333456 7.686068534851074 -3.4578511714935303 0.6148821115493774
1790642485175520302 7.671703815460205 -3.4711806774139404 0.6272965669631958
1790642485195546695 7.656361103057861 -3.484307289123535 0.6205301284790039
1790642485215611937 7.640323638916016 -3.494041919708252 0.6047081351280212
1790642485235702812 7.628589153289795 -3.498253583908081 0.6074863076210022
1790642485255664082 7.619973182678223 -3.4981648921966553 0.6240697503089905
1790642485275874769 7.619703769683838 -3.5026915073394775 0.6394048929214478
1790642485295691074 7.62133264541626 -3.510708808898926 0.6485582590103149
1790642485315710842 7.624112606048584 -3.514519453048706 0.6563843488693237
1790642485335701521 7.626184940338135 -3.5172975063323975 0.6601056456565857
1790642485355864687 7.624350070953369 -3.520311117172241 0.6562284827232361
1790642485375767778 7.620673179626465 -3.5222434997558594 0.6398284435272217
1790642485395920480 7.614950180053711 -3.5242879390716553 0.629455029964447
1790642485415946808 7.610040187835693 -3.526937246322632 0.6233693361282349
1790642485436045491 7.611388206481934 -3.536884069442749 0.6229191422462463
1790642485455967592 7.614087104797363 -3.545276165008545 0.6236274242401123
1790642485476058147 7.6127400398254395 -3.5434956550598145 0.623238742351532
1790642485496047898 7.612089157104492 -3.537621021270752 0.6218637228012085
1790642485516100019 7.612295150756836 -3.53277325630188 0.620979368686676
1790642485536180622 7.609468460083008 -3.534885883331299 0.6214615106582642
1790642485556174789 7.607337951660156 -3.541229724884033 0.6221948862075806
1790642485576211006 7.606576442718506 -3.546983480453491 0.6242440342903137
1790642485597926102 7.606576442718506 -3.546983480453491 0.6285411715507507
1790642485617060877 7.606753826141357 -3.5367038249969482 0.6274669766426086
1790642485636313032 7.6108245849609375 -3.5288009643554688 0.6210504174232483
1790642485656370690 7.613393306732178 -3.525717258453369 0.6179884076118469
1790642485681470139 7.614115238189697 -3.5267105102539062 0.6201621294021606
1790642485696423731 7.617660045623779 -3.5316109657287598 0.6224669814109802
1790642485716599281 7.620918273925781 -3.536134958267212 0.6207343339920044
1790642485736520933 7.624383926391602 -3.540933847427368 0.6200616955757141
1790642485756790151 7.627434253692627 -3.5451061725616455 0.6217839121818542
1790642485776662681 7.631152629852295 -3.5500986576080322 0.6255118250846863
1790642485796739988 7.639594554901123 -3.556868314743042 0.6290965676307678
1790642485816719915 7.643702983856201 -3.562391996383667 0.6312220692634583
1790642485836680385 7.645932197570801 -3.565415143966675 0.6334750056266785
1790642485856781788 7.644696235656738 -3.563796281814575 0.6362537145614624
1790642485876866678 7.6419854164123535 -3.5644285678863525 0.6374636292457581
1790642485896840045 7.644704818725586 -3.5640413761138916 0.6363974213600159
1790642485916928904 7.6469502449035645 -3.56329607963562 0.6345936059951782
1790642485936960768 7.6495161056518555 -3.5612313747406006 0.6333277225494385
1790642485957006042 7.6500396728515625 -3.5579731464385986 0.6325818300247192
1790642485976980048 7.6500396728515625 -3.5579731464385986 0.632229745388031
1790642485996978215 7.652081489562988 -3.5608162879943848 0.6320174336433411
1790642486017153862 7.650681495666504 -3.558927059173584 0.6323226690292358
1790642486037085306 7.647730827331543 -3.5549540519714355 0.6328803300857544
1790642486057245528 7.645346641540527 -3.551619052886963 0.6334632635116577
1790642486077166284 7.6445770263671875 -3.550499439239502 0.6340288519859314
1790642486097200453 7.6445770263671875 -3.550499439239502 0.6341931819915771
1790642486117316865 7.6445770263671875 -3.550499439239502 0.6343041062355042
1790642486137226357 7.645454406738281 -3.551741600036621 0.6342350244522095
1790642486157305551 7.647746562957764 -3.5510997772216797 0.6338697671890259
1790642486177320231 7.651312351226807 -3.550342559814453 0.633647620677948
1790642486197385857 7.653569221496582 -3.5497748851776123 0.6337199807167053
1790642486217401593 7.6560187339782715 -3.5489633083343506 0.6342313289642334
1790642486237497461 7.6560187339782715 -3.5489633083343506 0.6351519227027893
1790642486257511501 7.6560187339782715 -3.5489633083343506 0.635977566242218
1790642486277548485 7.6560187339782715 -3.5489633083343506 0.6362539529800415
1790642486297575646 7.6560187339782715 -3.5489633083343506 0.6358993649482727
1790642486317607383 7.655553340911865 -3.5483639240264893 0.6353529095649719
1790642486337804534 7.655553340911865 -3.5483639240264893 0.6348729729652405
1790642486357786636 7.654969692230225 -3.5475802421569824 0.6346302628517151
1790642486377810341 7.654482364654541 -3.5469107627868652 0.6352811455726624
1790642486397725305 7.654482364654541 -3.5469107627868652 0.6367090940475464
1790642486417888631 7.654482364654541 -3.5469107627868652 0.6378777623176575
1790642486437900366 7.654482364654541 -3.5469107627868652 0.637840986251831
1790642486458070284 7.654482364654541 -3.5469107627868652 0.637257993221283
1790642486478067588 7.654482364654541 -3.5469107627868652 0.637049674987793
1790642486497901845 7.654482364654541 -3.5469107627868652 0.6371499300003052
1790642486518055474 7.654482364654541 -3.5469107627868652 0.6374414563179016
1790642486538037449 7.654482364654541 -3.5469107627868652 0.6377914547920227
1790642486558170853 7.654482364654541 -3.5469107627868652 0.6378519535064697
1790642486578090458 7.654482364654541 -3.5469107627868652 0.6380987167358398
1790642486598168212 7.654482364654541 -3.5469107627868652 0.6383764147758484
1790642486618441718 7.654482364654541 -3.5469107627868652 0.6385948061943054
1790642486638412940 7.654482364654541 -3.5469107627868652 0.6388618350028992
1790642486658380163 7.654482364654541 -3.5469107627868652 0.6389740109443665
1790642486681252647 7.654482364654541 -3.5469107627868652 0.6390378475189209
1790642486698427539 7.654482364654541 -3.5469107627868652 0.6390065550804138
1790642486718480109 7.654482364654541 -3.5469107627868652 0.6391465067863464
1790642486738473188 7.654482364654541 -3.5469107627868652 0.6392030715942383
1790642486758623297 7.654482364654541 -3.5469107627868652 0.6392337083816528
1790642486778480083 7.654482364654541 -3.5469107627868652 0.6391509771347046
1790642486798488779 7.654482364654541 -3.5469107627868652 0.6390226483345032
1790642486818567909 7.654482364654541 -3.5469107627868652 0.6390559673309326
1790642486838641728 7.654482364654541 -3.5469107627868652 0.6390306949615479
1790642486858695033 7.654482364654541 -3.5469107627868652 0.6390405893325806
1790642486878710609 7.654482364654541 -3.5469107627868652 0.6391177177429199
1790642486898742026 7.654482364654541 -3.5469107627868652 0.6391382217407227
1790642486918928904 7.654482364654541 -3.5469107627868652 0.639082670211792
1790642486938825852 7.654482364654541 -3.5469107627868652 0.6392890810966492
1790642486958942616 7.654482364654541 -3.5469107627868652 0.6394191384315491
1790642486978903630 7.654482364654541 -3.5469107627868652 0.6394097805023193
1790642486999057707 7.654482364654541 -3.5469107627868652 0.6392521858215332
1790642487019839168 7.654482364654541 -3.5469107627868652 0.6393464803695679
1790642487039014776 7.654482364654541 -3.5469107627868652 0.6395291686058044
1790642487059056145 7.654482364654541 -3.5469107627868652 0.6393679976463318
1790642487079104427 7.654482364654541 -3.5469107627868652 0.6393213272094727
1790642487099117411 7.654482364654541 -3.5469107627868652 0.639457106590271
1790642487119160220 7.654482364654541 -3.5469107627868652 0.6394117474555969
1790642487139207349 7.654482364654541 -3.5469107627868652 0.6394062638282776
1790642487159212109 7.654482364654541 -3.5469107627868652 0.6394303441047668
1790642487179396811 7.654482364654541 -3.5469107627868652 0.6394385099411011
1790642487199290334 7.654482364654541 -3.5469107627868652 0.6397014260292053
1790642487219531487 7.654482364654541 -3.5469107627868652 0.6396174430847168
1790642487239400594 7.654482364654541 -3.5469107627868652 0.6395495533943176
1790642487259461291 7.654482364654541 -3.5469107627868652 0.6396533250808716
1790642487279493156 7.654482364654541 -3.5469107627868652 0.6395074725151062
1790642487300278649 7.654482364654541 -3.5469107627868652 0.6395203471183777
1790642487319538261 7.654482364654541 -3.5469107627868652 0.6394575834274292
1790642487348467423 7.654482364654541 -3.5469107627868652 0.6394939422607422
1790642487359744683 7.654482364654541 -3.5469107627868652 0.6397231221199036
1790642487379665344 7.654482364654541 -3.5469107627868652 0.6397144198417664
1790642487399828861 7.654482364654541 -3.5469107627868652 0.6397693157196045
1790642487419750450 7.654482364654541 -3.5469107627868652 0.6397244334220886
1790642487439737065 7.654482364654541 -3.5469107627868652 0.6395572423934937
1790642487459864421 7.654482364654541 -3.5469107627868652 0.6394490003585815
1790642487479855388 7.654482364654541 -3.5469107627868652 0.6394039392471313
1790642487499898261 7.654482364654541 -3.5469107627868652 0.6393646597862244
1790642487520031410 7.654482364654541 -3.5469107627868652 0.6395134329795837
1790642487540078539 7.654482364654541 -3.5469107627868652 0.6395308971405029
1790642487560054786 7.654482364654541 -3.5469107627868652 0.639538586139679
1790642487580145052 7.654482364654541 -3.5469107627868652 0.6395440101623535
1790642487600008367 7.654482364654541 -3.5469107627868652 0.6395098567008972
1790642487620057224 7.654482364654541 -3.5469107627868652 0.6396470069885254
1790642487640318473 7.654482364654541 -3.5469107627868652 0.6397950053215027
1790642487660284256 7.654482364654541 -3.5469107627868652 0.6398320198059082
1790642487680880750 7.654482364654541 -3.5469107627868652 0.6398653984069824
1790642487700269870 7.654482364654541 -3.5469107627868652 0.639879584312439
1790642487720743799 7.654482364654541 -3.5469107627868652 0.6399388909339905
1790642487740389345 7.654482364654541 -3.5469107627868652 0.6401702761650085
1790642487760534686 7.654482364654541 -3.5469107627868652 0.6403608918190002
1790642487780539350 7.654482364654541 -3.5469107627868652 0.6404430866241455
1790642487800843929 7.654482364654541 -3.5469107627868652 0.6405012011528015
1790642487820525188 7.654482364654541 -3.5469107627868652 0.6402727961540222
1790642487840567037 7.654482364654541 -3.5469107627868652 0.6401689052581787
1790642487860629463 7.654482364654541 -3.5469107627868652 0.6402429938316345
1790642487880679793 7.654482364654541 -3.5469107627868652 0.6402819752693176
1790642487900728586 7.654482364654541 -3.5469107627868652 0.6403352618217468
1790642487920997068 7.654482364654541 -3.5469107627868652 0.6403896808624268
1790642487941409139 7.654482364654541 -3.5469107627868652 0.6403223872184753
1790642487960964441 7.654482364654541 -3.5469107627868652 0.6403259634971619
1790642487981058548 7.654482364654541 -3.5469107627868652 0.6404038667678833
1790642488000910278 7.654482364654541 -3.5469107627868652 0.6404812932014465
1790642488021034690 7.654482364654541 -3.5469107627868652 0.640525758266449
1790642488041035610 7.654482364654541 -3.5469107627868652 0.6406235098838806
1790642488061073107 7.654482364654541 -3.5469107627868652 0.6408003568649292
1790642488081044617 7.654482364654541 -3.5469107627868652 0.6410077214241028
1790642488101089378 7.654482364654541 -3.5469107627868652 0.6414251327514648
1790642488121150300 7.654482364654541 -3.5469107627868652 0.6416668891906738
1790642488141384124 7.654482364654541 -3.5469107627868652 0.6418310403823853
1790642488161328274 7.654482364654541 -3.5469107627868652 0.6420619487762451
1790642488181315721 7.654482364654541 -3.5469107627868652 0.6422117948532104
1790642488201295103 7.654482364654541 -3.5469107627868652 0.6423118710517883
1790642488221283254 7.654482364654541 -3.5469107627868652 0.6423048973083496
1790642488241351248 7.654482364654541 -3.5469107627868652 0.6424344778060913
1790642488261396713 7.654482364654541 -3.5469107627868652 0.6427885890007019
1790642488285443419 7.654482364654541 -3.5469107627868652 0.6434167623519897
1790642488301516605 7.654482364654541 -3.5469107627868652 0.643903911113739
1790642488328021867 7.654482364654541 -3.5469107627868652 0.643913745880127
1790642488344345111 7.654482364654541 -3.5469107627868652 0.6438162922859192
1790642488361554277 7.654482364654541 -3.5469107627868652 0.6438615322113037
1790642488381514939 7.654482364654541 -3.5469107627868652 0.6438565850257874
1790642488401665368 7.654482364654541 -3.5469107627868652 0.6437694430351257
1790642488421719409 7.654482364654541 -3.5469107627868652 0.6437464356422424
1790642488441961330 7.654482364654541 -3.5469107627868652 0.643812358379364
1790642488461705408 7.654482364654541 -3.5469107627868652 0.6439560651779175
1790642488481833692 7.654482364654541 -3.5469107627868652 0.6441150307655334
1790642488501953176 7.654482364654541 -3.5469107627868652 0.644216775894165
1790642488521867052 7.654482364654541 -3.5469107627868652 0.6443077921867371
1790642488542189072 7.654482364654541 -3.5469107627868652 0.6445460319519043
1790642488562047394 7.654482364654541 -3.5469107627868652 0.6449607610702515
1790642488582115004 7.654482364654541 -3.5469107627868652 0.6454358696937561
1790642488602029968 7.654482364654541 -3.5469107627868652 0.6456190347671509
1790642488622309618 7.654482364654541 -3.5469107627868652 0.645716667175293
1790642488642204198 7.654482364654541 -3.5469107627868652 0.6458591222763062
1790642488662228958 7.654482364654541 -3.5469107627868652 0.6461646556854248
1790642488683500262 7.654482364654541 -3.5469107627868652 0.6465973258018494
1790642488702360818 7.654482364654541 -3.5469107627868652 0.6471041440963745
1790642488722416076 7.654482364654541 -3.5469107627868652 0.6474694609642029
1790642488742647916 7.654482364654541 -3.5469107627868652 0.6474243998527527
1790642488762432475 7.654482364654541 -3.5469107627868652 0.6472809314727783
1790642488782476436 7.654482364654541 -3.5469107627868652 0.6472272276878357
1790642488802525390 7.654482364654541 -3.5469107627868652 0.6470873951911926
1790642488822597576 7.654482364654541 -3.5469107627868652 0.6470277309417725
1790642488842671874 7.654482364654541 -3.5469107627868652 0.6472333073616028
1790642488862625944 7.654482364654541 -3.5469107627868652 0.6474742889404297
1790642488882629359 7.654482364654541 -3.5469107627868652 0.6477553248405457
1790642488902637863 7.654482364654541 -3.5469107627868652 0.6479173302650452
1790642488922647455 7.654482364654541 -3.5469107627868652 0.6479274034500122
1790642488942664983 7.654482364654541 -3.5469107627868652 0.6479554176330566
1790642488962671983 7.654482364654541 -3.5469107627868652 0.6480903029441833
1790642488982853997 7.654482364654541 -3.5469107627868652 0.648530125617981
1790642489002827268 7.654482364654541 -3.5469107627868652 0.6525468826293945
1790642489029950601 7.654482364654541 -3.5469107627868652 0.6553213596343994
1790642489043015578 7.654482364654541 -3.5469107627868652 0.6551573872566223
1790642489063143638 7.654482364654541 -3.5469107627868652 0.6572187542915344
1790642489083161582 7.654482364654541 -3.5469107627868652 0.6660455465316772
1790642489103179590 7.654482364654541 -3.5469107627868652 0.6707503199577332
1790642489123160477 7.654482364654541 -3.5469107627868652 0.6697025299072266
1790642489143255096 7.654482364654541 -3.5469107627868652 0.6731867790222168
1790642489163211214 7.654482364654541 -3.5469107627868652 0.6809423565864563
1790642489183299433 7.654482364654541 -3.5469107627868652 0.6913037300109863
1790642489203483687 7.654482364654541 -3.5469107627868652 0.7067099809646606
1790642489223364282 7.654482364654541 -3.5469107627868652 0.722466230392456
1790642489243217516 7.654482364654541 -3.5469107627868652 0.7403970956802368
1790642489263318215 7.654482364654541 -3.5469107627868652 0.7626717686653137
1790642489283469412 7.654482364654541 -3.5469107627868652 0.7873724102973938
1790642489303517374 7.654482364654541 -3.5469107627868652 0.8116371631622314
1790642489333654038 7.654482364654541 -3.5469107627868652 0.8347640633583069
1790642489345806659 7.654482364654541 -3.5469107627868652 0.8555201888084412
1790642489363620392 7.654482364654541 -3.5469107627868652 0.8761351108551025
1790642489383622847 7.654482364654541 -3.5469107627868652 0.8942539691925049
1790642489403721563 7.654482364654541 -3.5469107627868652 0.9129549860954285
1790642489423736755 7.65219783782959 -3.5486252307891846 0.929827868938446
1790642489443666887 7.6484055519104 -3.5514721870422363 0.9459530115127563
1790642489463778211 7.646441459655762 -3.5529470443725586 0.9631179571151733
1790642489483759450 7.648586273193359 -3.5513360500335693 0.9821434020996094
1790642489503788594 7.652646064758301 -3.548286199569702 1.002173900604248
1790642489523898158 7.655887603759766 -3.546673536300659 1.0241349935531616
1790642489544065388 7.656822681427002 -3.5441713333129883 1.0492740869522095
1790642489563935166 7.654481887817383 -3.541062831878662 1.0751816034317017
1790642489584103932 7.653386116027832 -3.5396080017089844 1.1018606424331665
1790642489604077651 7.650455474853516 -3.540712833404541 1.1284092664718628
1790642489624193966 7.651231288909912 -3.5417418479919434 1.155196189880371
1790642489644246760 7.652246952056885 -3.543088912963867 1.1816743612289429
1790642489671348365 7.654562473297119 -3.546156406402588 1.2103700637817383
1790642489684282584 7.657299518585205 -3.5497782230377197 1.24453866481781
1790642489704303504 7.660265922546387 -3.553701400756836 1.2725728750228882
1790642489724323273 7.6651291847229 -3.556297779083252 1.302219033241272
1790642489744327072 7.667373180389404 -3.5592665672302246 1.3346632719039917
1790642489764474269 7.66887092590332 -3.5612475872039795 1.3636304140090942
1790642489784446964 7.671763896942139 -3.5650763511657715 1.3879790306091309
1790642489804513806 7.6752519607543945 -3.5696933269500732 1.4127211570739746
1790642489824598856 7.677743434906006 -3.5729894638061523 1.4387011528015137
1790642489844523677 7.677267074584961 -3.575806140899658 1.4672770500183105
1790642489864654393 7.678378582000732 -3.577275037765503 1.4938429594039917
1790642489884608751 7.679384708404541 -3.578604221343994 1.5183038711547852
1790642489904643304 7.679384708404541 -3.578604221343994 1.542320966720581
1790642489924790117 7.678563117980957 -3.5775187015533447 1.5677127838134766
1790642489952902896 7.68295955657959 -3.5767922401428223 1.5951783657073975
1790642489965098272 7.686223983764648 -3.5743184089660645 1.621576189994812
1790642489984768074 7.69119930267334 -3.573861837387085 1.6475675106048584
1790642490004758370 7.694950103759766 -3.572847843170166 1.6695396900177002
1790642490024842684 7.699229717254639 -3.5735220909118652 1.6885982751846313
1790642490044916022 7.701956748962402 -3.577056407928467 1.7065074443817139
1790642490065022962 7.708223819732666 -3.5800588130950928 1.7183283567428589
1790642490085036458 7.705331802368164 -3.5799145698547363 1.7331358194351196
1790642490106609181 7.703155994415283 -3.5771665573120117 1.7498021125793457
1790642490125050329 7.701887130737305 -3.5755748748779297 1.7629071474075317
1790642490145106803 7.701887130737305 -3.5755748748779297 1.772810935974121
1790642490166076015 7.702723503112793 -3.576585531234741 1.781417727470398
1790642490185219366 7.703994274139404 -3.5780739784240723 1.79140043258667
1790642490205320417 7.70582389831543 -3.5801496505737305 1.8025118112564087
1790642490225311385 7.710916519165039 -3.579864501953125 1.812364101409912
1790642490245307568 7.715952396392822 -3.5799741744995117 1.821101427078247
1790642490265376650 7.721497535705566 -3.5806634426116943 1.8278298377990723
1790642490285395810 7.726451396942139 -3.5818095207214355 1.8318142890930176
1790642490305417242 7.732855319976807 -3.5824687480926514 1.8327648639678955
1790642490327528514 7.737800121307373 -3.583223342895508 1.8299226760864258
1790642490345626705 7.743080139160156 -3.5837743282318115 1.8301962614059448
1790642490365605096 7.746625900268555 -3.5866215229034424 1.8284903764724731
1790642490385662241 7.7499566078186035 -3.5891947746276855 1.8252218961715698
1790642490405607031 7.749500751495361 -3.5950756072998047 1.825925350189209
1790642490425653200 7.754581451416016 -3.5987398624420166 1.8343629837036133
1790642490445699081 7.759356498718262 -3.59845232963562 1.8447301387786865
1790642490465698081 7.761561870574951 -3.5965182781219482 1.8542624711990356
1790642490485914368 7.765523910522461 -3.594759464263916 1.8562113046646118
1790642490505756594 7.766180515289307 -3.5951592922210693 1.8505059480667114
1790642490525816363 7.76973819732666 -3.593893527984619 1.8411898612976074
1790642490545959688 7.77219820022583 -3.5924367904663086 1.8333234786987305
1790642490565984033 7.774270057678223 -3.5908772945404053 1.8272000551223755
1790642490586037690 7.774270057678223 -3.5908772945404053 1.8223100900650024
1790642490606003504 7.774270057678223 -3.5908772945404053 1.8183070421218872
1790642490625944166 7.774270057678223 -3.5908772945404053 1.816068410873413
1790642490646096867 7.775390148162842 -3.5859713554382324 1.815316081047058
1790642490689539220 7.773814678192139 -3.582847833633423 1.8168264627456665
1790642490690377428 7.771007061004639 -3.581984758377075 1.8197718858718872
1790642490711576025 7.768492221832275 -3.5812926292419434 1.8265652656555176
1790642490730310337 7.766615867614746 -3.580841302871704 1.834989309310913
1790642490750310488 7.765481948852539 -3.5806028842926025 1.854537010192871
1790642490770429556 7.76008939743042 -3.5796058177948 1.8779362440109253
1790642490790371657 7.753483772277832 -3.5785529613494873 1.8862420320510864
1790642490811563310 7.749110221862793 -3.5779716968536377 1.8867483139038086
1790642490830431835 7.747907638549805 -3.5778467655181885 1.8880904912948608
1790642490850542262 7.749154090881348 -3.57495379447937 1.8947244882583618
1790642490870540846 7.749154090881348 -3.57495379447937 1.9049270153045654
1790642490890509220 7.750712871551514 -3.5725433826446533 1.9156278371810913
1790642490910611423 7.750723361968994 -3.5692098140716553 1.9250088930130005
1790642490930815998 7.750723361968994 -3.5692098140716553 1.935631513595581
1790642490950788021 7.750593185424805 -3.566652297973633 1.9452695846557617
1790642490970691049 7.749457359313965 -3.566739559173584 1.9462673664093018
1790642490990986123 7.749457359313965 -3.566739559173584 1.9397404193878174
1790642491012223250 7.749457359313965 -3.566739559173584 1.9342573881149292
1790642491030854549 7.749457359313965 -3.566739559173584 1.9362194538116455
1790642491050955344 7.750694751739502 -3.5665557384490967 1.9407490491867065
1790642491071043851 7.751209735870361 -3.5637993812561035 1.9410269260406494
1790642491091049571 7.7524003982543945 -3.5599236488342285 1.9400607347488403
1790642491111077051 7.752410411834717 -3.5566017627716064 1.9411190748214722
1790642491131141525 7.75961971282959 -3.5517842769622803 1.9443594217300415
1790642491151200975 7.768365859985352 -3.546515703201294 1.946911096572876
1790642491171192198 7.776012897491455 -3.5448009967803955 1.946603775024414
1790642491191409926 7.780012130737305 -3.5438573360443115 1.9461432695388794
1790642491211429214 7.783810615539551 -3.5399136543273926 1.946855902671814
1790642491231208141 7.783810615539551 -3.5399136543273926 1.9483360052108765
1790642491251310344 7.783810615539551 -3.5399136543273926 1.9499270915985107
1790642491271251486 7.782800197601318 -3.5361311435699463 1.9513229131698608
1790642491291657060 7.781490325927734 -3.5312461853027344 1.9533586502075195
1790642491311411923 7.777713298797607 -3.5267484188079834 1.955618977546692
1790642491331732470 7.773309230804443 -3.521250009536743 1.9599887132644653
1790642491351957014 7.768792152404785 -3.514413595199585 1.9664565324783325
1790642491371518237 7.765097141265869 -3.507301092147827 1.9813716411590576
1790642491391754077 7.758314609527588 -3.502716302871704 1.9998054504394531
1790642491411609583 7.74830436706543 -3.4976561069488525 2.017400026321411
1790642491431616263 7.741748809814453 -3.4944088459014893 2.027285099029541
1790642491451727139 7.739493370056152 -3.4889562129974365 2.031095027923584
1790642491471700889 7.736425399780273 -3.4807233810424805 2.0317628383636475
1790642491492970177 7.730829238891602 -3.471830368041992 2.0332577228546143
1790642491511880367 7.726273536682129 -3.4602088928222656 2.036817789077759
1790642491531852453 7.723560333251953 -3.4501116275787354 2.042109966278076
1790642491551867357 7.720983982086182 -3.4402854442596436 2.0443387031555176
1790642491571987385 7.718603134155273 -3.4274957180023193 2.0435216426849365
1790642491591955088 7.717092990875244 -3.4164862632751465 2.0421440601348877
1790642491612027818 7.716769695281982 -3.404118537902832 2.039689064025879
1790642491632077443 7.716897487640381 -3.3921356201171875 2.0373165607452393
1790642491652041113 7.718053817749023 -3.3802154064178467 2.038965940475464
1790642491682448764 7.718040466308594 -3.3643112182617188 2.041217565536499
1790642491694755439 7.718537330627441 -3.351944923400879 2.0402727127075195
1790642491714245811 7.719878196716309 -3.3370137214660645 2.0351755619049072
1790642491734442706 7.721102237701416 -3.3213891983032227 2.0253562927246094
1790642491754357094 7.721187114715576 -3.3051397800445557 2.014005184173584
1790642491774425248 7.722763538360596 -3.28796124458313 2.0099048614501953
1790642491794551933 7.729818344116211 -3.2670698165893555 2.0060129165649414
1790642491814409775 7.736663818359375 -3.246575117111206 2.012507915496826
1790642491834509002 7.741339206695557 -3.2280099391937256 2.025925636291504
1790642491854551843 7.741868495941162 -3.2117321491241455 2.0435054302215576
1790642491874428598 7.740229606628418 -3.195406913757324 2.0563724040985107
1790642491894555474 7.737390518188477 -3.1787822246551514 2.0715131759643555
1790642491914516360 7.734806537628174 -3.161329507827759 2.0910401344299316
1790642491934671141 7.7317938804626465 -3.1430275440216064 2.1107938289642334
1790642491954711454 7.727710723876953 -3.1239089965820312 2.1268796920776367
1790642491974762424 7.723102569580078 -3.102529525756836 2.1401898860931396
1790642491994704045 7.718454360961914 -3.0827572345733643 2.1524226665496826
1790642492014863979 7.713860511779785 -3.0646936893463135 2.1648876667022705
1790642492034798176 7.708573818206787 -3.0477471351623535 2.17897629737854
1790642492054817816 7.702060222625732 -3.0309648513793945 2.1996331214904785
1790642492075904472 7.695250511169434 -3.0133700370788574 2.2311275005340576
1790642492095006798 7.688357830047607 -2.9956161975860596 2.280626058578491
1790642492114972772 7.680974006652832 -2.9767777919769287 2.3517677783966064
1790642492135141410 7.6738810539245605 -2.9570939540863037 2.3858816623687744
1790642492155073143 7.667210578918457 -2.937650203704834 2.425002336502075
1790642492175088111 7.656538963317871 -2.918966293334961 2.471536636352539
1790642492195198218 7.6496195793151855 -2.896655321121216 2.511159658432007
1790642492215146400 7.6453633308410645 -2.8748714923858643 2.537968397140503
1790642492235259516 7.642366409301758 -2.851853609085083 2.5555338859558105
1790642492255252499 7.637149810791016 -2.833366632461548 2.566032648086548
1790642492275285964 7.63311767578125 -2.8168089389801025 2.5740320682525635
1790642492295260482 7.631877899169922 -2.8014309406280518 2.5824837684631348
1790642492315486210 7.6313886642456055 -2.785952091217041 2.589460849761963
1790642492335500410 7.629219055175781 -2.7671267986297607 2.5949885845184326
1790642492355990756 7.626702308654785 -2.7473087310791016 2.6032614707946777
1790642492375699088 7.623498916625977 -2.725742816925049 2.6152689456939697
1790642492395627653 7.620121479034424 -2.7041687965393066 2.635305404663086
1790642492415696703 7.616922378540039 -2.6811752319335938 2.6493754386901855
1790642492435637268 7.613678455352783 -2.658956527709961 2.6594061851501465
1790642492455676013 7.610304355621338 -2.6371562480926514 2.6727874279022217
1790642492475706790 7.606820583343506 -2.614774703979492 2.686203718185425
1790642492495796481 7.6017255783081055 -2.5922250747680664 2.70211124420166
1790642492515935102 7.595638275146484 -2.5743017196655273 2.721106767654419
1790642492535860338 7.597170352935791 -2.558263063430786 2.731706380844116
1790642492555781127 7.6038079261779785 -2.5427989959716797 2.742269992828369
1790642492575971077 7.607489109039307 -2.5237667560577393 2.7487375736236572
1790642492595958236 7.605189323425293 -2.5039255619049072 2.757840633392334
1790642492615881745 7.600475311279297 -2.488330602645874 2.766184091567993
1790642492635974220 7.590455055236816 -2.4763834476470947 2.7708487510681152
1790642492655968515 7.582263946533203 -2.464113712310791 2.7705776691436768
1790642492682659417 7.575599670410156 -2.457200050354004 2.7684695720672607
1790642492696102967 7.574761390686035 -2.4461891651153564 2.767576217651367
1790642492718800341 7.575417995452881 -2.4377570152282715 2.767136335372925
1790642492736153448 7.575397491455078 -2.4260025024414062 2.767158269882202
1790642492756162496 7.577471733093262 -2.414060592651367 2.7674028873443604
1790642492776216089 7.580137252807617 -2.4038069248199463 2.767885446548462
1790642492796313076 7.576945781707764 -2.405316114425659 2.7683775424957275
1790642492816337773 7.572333335876465 -2.4014766216278076 2.7674577236175537
1790642492836397542 7.571695327758789 -2.3934946060180664 2.764542818069458
1790642492856438975 7.570229530334473 -2.390717029571533 2.7679293155670166
1790642492876442199 7.571271896362305 -2.3835182189941406 2.768699884414673
1790642492896572499 7.575230121612549 -2.3774499893188477 2.7587273120880127
1790642492916649838 7.580689907073975 -2.368896245956421 2.7483415603637695
1790642492936570146 7.586704254150391 -2.3651585578918457 2.7456932067871094
1790642492956688990 7.595484256744385 -2.3595383167266846 2.750683546066284
1790642492976762776 7.598745822906494 -2.3520243167877197 2.7535367012023926
1790642492996710158 7.604747295379639 -2.351916551589966 2.752362012863159
1790642493016767688 7.6082587242126465 -2.345175266265869 2.7495861053466797
1790642493036926053 7.608335971832275 -2.3416152000427246 2.7495288848876953
1790642493056840729 7.6050286293029785 -2.3373570442199707 2.751136064529419
1790642493076899251 7.602939128875732 -2.327381134033203 2.753396511077881
1790642493097047632 7.600555419921875 -2.3231863975524902 2.7588438987731934
1790642493117125418 7.597584247589111 -2.3194637298583984 2.764000654220581
1790642493136998237 7.59639310836792 -2.316509962081909 2.766369342803955
1790642493157016853 7.592752456665039 -2.313624858856201 2.7645034790039062
1790642493177059566 7.590904712677002 -2.3161566257476807 2.7621238231658936
1790642493197102407 7.588693618774414 -2.3193633556365967 2.7604498863220215
1790642493217192450 7.5857110023498535 -2.3238563537597656 2.7570552825927734
1790642493237242780 7.58015251159668 -2.323547601699829 2.7535974979400635
1790642493257222290 7.579134464263916 -2.325144052505493 2.7514474391937256
1790642493277225674 7.575351715087891 -2.3311901092529297 2.75063419342041
1790642493297349862 7.5678181648254395 -2.337888240814209 2.7519795894622803
1790642493317285467 7.561455249786377 -2.3431525230407715 2.7537336349487305
1790642493337616927 7.558190822601318 -2.3486196994781494 2.754837989807129
1790642493357415439 7.5562238693237305 -2.3520047664642334 2.7553253173828125
1790642493377508682 7.554321765899658 -2.355435371398926 2.756657123565674
1790642493397523394 7.550282955169678 -2.358252763748169 2.757617712020874
1790642493417468439 7.545665264129639 -2.357942819595337 2.757473945617676
1790642493437688951 7.542359828948975 -2.357455253601074 2.7581377029418945
1790642493457536649 7.540173053741455 -2.35638427734375 2.7591967582702637
1790642493477659941 7.5386199951171875 -2.354823112487793 2.7597496509552
1790642493497620731 7.539443492889404 -2.3529820442199707 2.7597200870513916
1790642493517837595 7.540796279907227 -2.3498685359954834 2.7603187561035156
1790642493537792496 7.541655540466309 -2.347832441329956 2.7609474658966064
1790642493557828233 7.541378021240234 -2.348501443862915 2.76129412651062
1790642493577865922 7.541048049926758 -2.3493194580078125 2.7610089778900146
1790642493597824056 7.540560245513916 -2.350557565689087 2.7606916427612305
1790642493617874609 7.540233612060547 -2.3513975143432617 2.760831832885742
1790642493638120338 7.539719581604004 -2.3527183532714844 2.76129150390625
1790642493657936066 7.539294719696045 -2.3538033962249756 2.7615084648132324
1790642493681870479 7.538928985595703 -2.3547353744506836 2.7614874839782715
1790642493697971763 7.538405895233154 -2.356066942214966 2.7615911960601807
1790642493718089647 7.5381364822387695 -2.356752395629883 2.761491060256958
1790642493738312751 7.5381364822387695 -2.356752395629883 2.7614049911499023
1790642493758233059 7.537708282470703 -2.357844829559326 2.761631488800049
1790642493778205625 7.537480354309082 -2.358426809310913 2.7616231441497803
1790642493798354422 7.537243843078613 -2.3590283393859863 2.7615134716033936
1790642493818311148 7.537243843078613 -2.3590283393859863 2.761655330657959
1790642493838309572 7.537243843078613 -2.3590283393859863 2.7616899013519287
1790642493858367101 7.537243843078613 -2.3590283393859863 2.761955499649048
1790642493878429495 7.537243843078613 -2.3590283393859863 2.762575626373291
1790642493898453487 7.537243843078613 -2.3590283393859863 2.763154983520508
1790642493918556779 7.537243843078613 -2.3590283393859863 2.763852596282959
1790642493938491456 7.537243843078613 -2.3590283393859863 2.764704704284668
1790642493958585179 7.537243843078613 -2.3590283393859863 2.7654030323028564
1790642493984380814 7.537243843078613 -2.3590283393859863 2.7655045986175537
1790642493998751600 7.537243843078613 -2.3590283393859863 2.765451669692993
1790642494018746215 7.537243843078613 -2.3590283393859863 2.765186071395874
1790642494038790144 7.537243843078613 -2.3590283393859863 2.764735698699951
1790642494059510419 7.537243843078613 -2.3590283393859863 2.7645325660705566
1790642494078791343 7.537243843078613 -2.3590283393859863 2.764967441558838
1790642494098857833 7.537243843078613 -2.3590283393859863 2.7666420936584473
1790642494119048744 7.537243843078613 -2.3590283393859863 2.7681634426116943
1790642494138992541 7.537243843078613 -2.3590283393859863 2.767704963684082
1790642494159371203 7.537243843078613 -2.3590283393859863 2.766514301300049
1790642494179008525 7.537243843078613 -2.3590283393859863 2.7660906314849854
1790642494199019205 7.537243843078613 -2.3590283393859863 2.7663893699645996
1790642494219117824 7.537243843078613 -2.3590283393859863 2.767305850982666
1790642494239292062 7.537243843078613 -2.3590283393859863 2.7684717178344727
1790642494259649763 7.537243843078613 -2.3590283393859863 2.7696330547332764
1790642494279237707 7.537243843078613 -2.3590283393859863 2.7709648609161377
1790642494299240226 7.537243843078613 -2.3590283393859863 2.772367238998413
1790642494319300732 7.537243843078613 -2.3590283393859863 2.773193120956421
1790642494339466618 7.537243843078613 -2.3590283393859863 2.773083448410034
1790642494359379982 7.537243843078613 -2.3590283393859863 2.7727808952331543
1790642494379412839 7.537243843078613 -2.3590283393859863 2.7726821899414062
1790642494399490305 7.537243843078613 -2.3590283393859863 2.7724454402923584
1790642494419454743 7.537243843078613 -2.3590283393859863 2.772091865539551
1790642494439485232 7.537243843078613 -2.3590283393859863 2.772385597229004
1790642494459609324 7.537243843078613 -2.3590283393859863 2.773247003555298
1790642494479572450 7.537243843078613 -2.3590283393859863 2.7741754055023193
1790642494499552889 7.537243843078613 -2.3590283393859863 2.774630546569824
1790642494519581361 7.537243843078613 -2.3590283393859863 2.7748522758483887
1790642494539684557 7.537243843078613 -2.3590283393859863 2.7751777172088623
1790642494559711845 7.537243843078613 -2.3590283393859863 2.7753357887268066
1790642494579685340 7.537243843078613 -2.3590283393859863 2.775650978088379
1790642494599886171 7.537243843078613 -2.3590283393859863 2.7762911319732666
1790642494621942432 7.537243843078613 -2.3590283393859863 2.776822328567505
1790642494639903882 7.537243843078613 -2.3590283393859863 2.7777037620544434
1790642494659850144 7.537243843078613 -2.3590283393859863 2.7785580158233643
1790642494682429721 7.537243843078613 -2.3590283393859863 2.7791993618011475
1790642494700004789 7.537243843078613 -2.3590283393859863 2.77929425239563
1790642494720056366 7.537243843078613 -2.3590283393859863 2.779165506362915
1790642494740077062 7.537243843078613 -2.3590283393859863 2.7792153358459473
1790642494760082046 7.537243843078613 -2.3590283393859863 2.779439687728882
1790642494783391763 7.537243843078613 -2.3590283393859863 2.779001474380493
1790642494800474364 7.537243843078613 -2.3590283393859863 2.778867721557617
1790642494820267083 7.537243843078613 -2.3590283393859863 2.7792105674743652
1790642494840245378 7.537243843078613 -2.3590283393859863 2.7794547080993652
1790642494860327132 7.537243843078613 -2.3590283393859863 2.779487133026123
1790642494880424696 7.537243843078613 -2.3590283393859863 2.7797203063964844
1790642494900610422 7.537243843078613 -2.3590283393859863 2.780062437057495
1790642494920424358 7.537243843078613 -2.3590283393859863 2.7806992530822754
1790642494940406781 7.537243843078613 -2.3590283393859863 2.781167507171631
1790642494960488440 7.537243843078613 -2.3590283393859863 2.781266450881958
1790642494980584371 7.537243843078613 -2.3590283393859863 2.781369924545288
1790642495000592491 7.537243843078613 -2.3590283393859863 2.7815661430358887
1790642495020892654 7.537243843078613 -2.3590283393859863 2.781669855117798
1790642495040601946 7.537243843078613 -2.3590283393859863 2.7818446159362793
1790642495060835994 7.537243843078613 -2.3590283393859863 2.781916856765747
1790642495080837874 7.537243843078613 -2.3590283393859863 2.7823472023010254
1790642495100793160 7.537243843078613 -2.3590283393859863 2.783015489578247
1790642495120941221 7.537243843078613 -2.3590283393859863 2.7835702896118164
1790642495140975677 7.537243843078613 -2.3590283393859863 2.784471273422241
1790642495161071032 7.537243843078613 -2.3590283393859863 2.785325288772583
1790642495181432062 7.537243843078613 -2.3590283393859863 2.786186456680298
1790642495201092264 7.537243843078613 -2.3590283393859863 2.7868731021881104
1790642495221120929 7.537243843078613 -2.3590283393859863 2.787659168243408
1790642495241116760 7.537243843078613 -2.3590283393859863 2.7881078720092773
1790642495261270805 7.537243843078613 -2.3590283393859863 2.788818836212158
1790642495282238738 7.537243843078613 -2.3590283393859863 2.789733648300171
1790642495301185377 7.537243843078613 -2.3590283393859863 2.7903456687927246
1790642495322183806 7.537243843078613 -2.3590283393859863 2.789884567260742
1790642495345000513 7.537243843078613 -2.3590283393859863 2.78891921043396
1790642495361328109 7.537243843078613 -2.3590283393859863 2.7864513397216797
1790642495382060736 7.537243843078613 -2.3590283393859863 2.7830545902252197
1790642495401359805 7.537243843078613 -2.3590283393859863 2.7778782844543457
1790642495421460856 7.537243843078613 -2.3590283393859863 2.7697505950927734
1790642495441562323 7.537243843078613 -2.3590283393859863 2.7611091136932373
1790642495461431046 7.537243843078613 -2.3590283393859863 2.75160813331604
1790642495481603396 7.537243843078613 -2.3590283393859863 2.740661859512329
1790642495501574682 7.537243843078613 -2.3590283393859863 2.7297520637512207
1790642495521825659 7.537243843078613 -2.3590283393859863 2.720552921295166
1790642495541681965 7.537243843078613 -2.3590283393859863 2.7117788791656494
1790642495561734439 7.537243843078613 -2.3590283393859863 2.7050929069519043
1790642495581798049 7.537243843078613 -2.3590283393859863 2.700129508972168
1790642495601841594 7.537243843078613 -2.3590283393859863 2.695925712585449
1790642495621760494 7.537243843078613 -2.3590283393859863 2.692234754562378
1790642495650115011 7.537243843078613 -2.3590283393859863 2.6900248527526855
1790642495662290449 7.537243843078613 -2.3590283393859863 2.690080165863037
1790642495693164997 7.537243843078613 -2.3590283393859863 2.6923162937164307
1790642495706615844 7.537243843078613 -2.3590283393859863 2.698376178741455
1790642495726606619 7.537243843078613 -2.3590283393859863 2.703158378601074
1790642495746623891 7.536907196044922 -2.359917640686035 2.7040741443634033
1790642495766809202 7.534327507019043 -2.360433340072632 2.7041049003601074
1790642495787133270 7.5314178466796875 -2.360995054244995 2.7057230472564697
1790642495820019478 7.52849817276001 -2.361706256866455 2.708705425262451
1790642495828419861 7.525461196899414 -2.3624894618988037 2.7105236053466797
1790642495848962562 7.522029876708984 -2.3632118701934814 2.710616111755371
1790642495868830580 7.518108367919922 -2.3638899326324463 2.7097630500793457
1790642495888643364 7.513780117034912 -2.3643288612365723 2.7087512016296387
1790642495910861968 7.504631996154785 -2.3640997409820557 2.6956498622894287
1790642495933787447 7.500253677368164 -2.3632335662841797 2.687783718109131
1790642495984979438 7.492046356201172 -2.3601431846618652 2.6774325370788574
1790642495999241100 7.488615036010742 -2.357944965362549 2.6764707565307617
1790642496020932708 7.485402584075928 -2.355010986328125 2.6848936080932617
1790642496039840530 7.482454776763916 -2.3516499996185303 2.6977343559265137
1790642496082628970 7.4776997566223145 -2.3424789905548096 2.714550018310547
1790642496111487506 7.475203514099121 -2.3363003730773926 2.7128119468688965
1790642496128993547 7.471395492553711 -2.33013653755188 2.7079808712005615
1790642496149608090 7.465915679931641 -2.3247289657592773 2.7056093215942383
1790642496203966090 7.451294422149658 -2.316998243331909 2.7083840370178223
1790642496219624157 7.432960033416748 -2.3111772537231445 2.7174265384674072
1790642496343948621 7.360957145690918 -2.3116350173950195 2.8094630241394043
1790642496388565420 7.345871448516846 -2.3097798824310303 2.827216625213623
1790642496405089695 7.337432384490967 -2.305818557739258 2.821584463119507
1790642496445896173 7.321560382843018 -2.2913308143615723 2.813832998275757
1790642496471436535 7.312979698181152 -2.2824440002441406 2.81671404838562
1790642496514601118 7.2816691398620605 -2.2644848823547363 2.8356893062591553
1790642496534713465 7.269248962402344 -2.259390115737915 2.837108612060547
1790642496556571543 7.255906581878662 -2.253084659576416 2.835700273513794
1790642496583561208 7.241264343261719 -2.24537992477417 2.8360486030578613
1790642496602181243 7.2242817878723145 -2.237190008163452 2.8350093364715576
1790642496622499487 7.207646369934082 -2.2291219234466553 2.826972246170044
1790642496642166954 7.192049503326416 -2.2215588092803955 2.8121864795684814
1790642496662558960 7.177475452423096 -2.2120022773742676 2.798523426055908
1790642496690432114 7.161400318145752 -2.201465129852295 2.7757532596588135
1790642496747010551 7.115520477294922 -2.1504695415496826 2.7567741870880127
1790642496772676517 7.081058025360107 -2.119871139526367 2.7598838806152344
1790642496839122817 7.027954578399658 -2.0939037799835205 2.7371790409088135
1790642496869182166 7.010066032409668 -2.0868072509765625 2.7303452491760254
1790642496890661670 6.993367671966553 -2.079641580581665 2.728210210800171
1790642496936631991 6.943454742431641 -2.0598604679107666 2.721905469894409
1790642496982908852 6.908999919891357 -2.0453555583953857 2.728201150894165
1790642497025950583 6.8690009117126465 -2.030381917953491 2.760251760482788
1790642497060055750 6.84757661819458 -2.0244500637054443 2.762981653213501
1790642497135409363 6.764405250549316 -2.0067477226257324 2.7564806938171387
1790642497151507095 6.746878147125244 -1.9906575679779053 2.759873628616333
1790642497177926754 6.713012218475342 -1.9649697542190552 2.7595698833465576
1790642497234606314 6.682383060455322 -1.94158935546875 2.7501332759857178
1790642497251687859 6.6669535636901855 -1.93020498752594 2.750659227371216
1790642497273487119 6.631552219390869 -1.9103357791900635 2.743915319442749
1790642497293814962 6.611515522003174 -1.8954699039459229 2.733081817626953
1790642497313435643 6.5927019119262695 -1.882014513015747 2.715482234954834
1790642497422203806 6.574990272521973 -1.871644377708435 2.7038910388946533
1790642497473178605 6.474606037139893 -1.7890305519104004 2.6842422485351562
1790642497541310216 6.413533687591553 -1.7575442790985107 2.6887223720550537
1790642497586287028 6.347489833831787 -1.726927638053894 2.6713216304779053
1790642497606115493 6.328744411468506 -1.7187975645065308 2.671523332595825
1790642497625945014 6.310479164123535 -1.7105746269226074 2.6692395210266113
1790642497657412225 6.289794921875 -1.6997559070587158 2.6666741371154785
1790642497699707591 6.250103950500488 -1.678037166595459 2.679612874984741
1790642497715704039 6.2277984619140625 -1.6682077646255493 2.6974048614501953
1790642497835882010 6.123434066772461 -1.631353735923767 2.6772727966308594
1790642497898011409 6.048406600952148 -1.566114902496338 2.6700687408447266
1790642497932170722 6.014804840087891 -1.535210132598877 2.6645565032958984
1790642497968213659 5.977834224700928 -1.5120939016342163 2.6578848361968994
1790642498032648970 5.9394121170043945 -1.4846636056900024 2.6536715030670166
1790642498098488334 5.872575759887695 -1.4379760026931763 2.5983035564422607
1790642498134404610 5.843667984008789 -1.3998380899429321 2.5865612030029297
1790642498159748452 5.829007148742676 -1.3783074617385864 2.584611415863037
1790642498212436405 5.772546768188477 -1.3341848850250244 2.5878612995147705
1790642498233512309 5.752349853515625 -1.3205115795135498 2.5905356407165527
1790642498259807708 5.733667850494385 -1.307234764099121 2.5944764614105225
1790642498278432991 5.714354515075684 -1.296439290046692 2.5961642265319824
1790642498299669285 5.6938581466674805 -1.284111738204956 2.5935778617858887
1790642498320226834 5.678188800811768 -1.2732104063034058 2.5896859169006348
1790642498357138828 5.64111852645874 -1.2493866682052612 2.597398042678833
1790642498373897128 5.622289657592773 -1.235857605934143 2.6036875247955322
1790642498394741024 5.602933406829834 -1.2223509550094604 2.61080265045166
1790642498413549354 5.582194805145264 -1.210325002670288 2.622072458267212
1790642498433453950 5.560182571411133 -1.1973490715026855 2.6405434608459473
1790642498453767297 5.539292812347412 -1.1852349042892456 2.652834415435791
1790642498473969728 5.51995325088501 -1.1722675561904907 2.6648623943328857
1790642498493851603 5.49812126159668 -1.1617180109024048 2.670186758041382
1790642498513718565 5.475139617919922 -1.1522728204727173 2.6705880165100098
1790642498533638810 5.455874443054199 -1.1381094455718994 2.668229818344116
1790642498554471729 5.437297821044922 -1.1214184761047363 2.6669840812683105
1790642498581426544 5.417440414428711 -1.103264570236206 2.667872190475464
1790642498607016924 5.381865978240967 -1.0724310874938965 2.673497438430786
1790642498635845379 5.366389751434326 -1.0564706325531006 2.6726670265197754
1790642498656332077 5.351147174835205 -1.042012095451355 2.6700327396392822
1790642498680765613 5.3354058265686035 -1.0279021263122559 2.669455051422119
1790642498699383728 5.320753574371338 -1.0121713876724243 2.6724026203155518
1790642498718998808 5.301748752593994 -0.9957456588745117 2.679612874984741
1790642498738878187 5.284536838531494 -0.979378879070282 2.6832752227783203
1790642498758856706 5.269953727722168 -0.9657385945320129 2.679762363433838
1790642498779148228 5.2555623054504395 -0.9553729295730591 2.6669464111328125
1790642498798941812 5.241769313812256 -0.944329559803009 2.647019863128662
1790642498818834759 5.226515769958496 -0.9296707510948181 2.639498472213745
1790642498839165612 5.208883285522461 -0.910890519618988 2.628485679626465
1790642498859494959 5.1957502365112305 -0.8902617692947388 2.6246542930603027
1790642498881579830 5.183914661407471 -0.8673948049545288 2.6240580081939697
1790642498899223860 5.168247222900391 -0.848313570022583 2.6263158321380615
1790642498919076166 5.149941921234131 -0.8327000737190247 2.6273233890533447
1790642498939352584 5.131851673126221 -0.8189598917961121 2.6274197101593018
1790642498959152184 5.114412307739258 -0.8068419098854065 2.628099203109741
1790642498979966510 5.097588539123535 -0.7944271564483643 2.6275134086608887
1790642498999452818 5.080280303955078 -0.7838670611381531 2.6246516704559326
1790642499019298052 5.063100337982178 -0.7733384966850281 2.620138168334961
1790642499039445249 5.047360420227051 -0.7636851072311401 2.617379903793335
1790642499059708482 5.0316267013549805 -0.7567201256752014 2.6183993816375732
1790642499079411118 5.015431880950928 -0.7469398975372314 2.621412754058838
1790642499099560331 5.000203609466553 -0.7359219193458557 2.626235246658325
1790642499119920721 4.983132362365723 -0.7220926284790039 2.6370439529418945
1790642499139589499 4.965658187866211 -0.7112104892730713 2.6609811782836914
1790642499159635893 4.948374271392822 -0.6992316842079163 2.6927080154418945
1790642499180306694 4.932190418243408 -0.688018262386322 2.705406665802002
1790642499199615267 4.915572166442871 -0.6761593222618103 2.717885971069336
1790642499219778560 4.896768093109131 -0.6686468124389648 2.718719720840454
1790642499239728182 4.876247882843018 -0.6584907174110413 2.7162997722625732
1790642499260079899 4.8574957847595215 -0.6432676315307617 2.714416027069092
1790642499279787783 4.839051723480225 -0.6247311234474182 2.717146873474121
1790642499310348560 4.803008079528809 -0.5898594856262207 2.721663236618042
1790642499327540380 4.785378456115723 -0.5762906074523926 2.719045877456665
1790642499353325104 4.772304058074951 -0.5638154149055481 2.7124619483947754
1790642499374589527 4.760180950164795 -0.5503974556922913 2.7073750495910645
1790642499394606191 4.7434844970703125 -0.534622073173523 2.7044105529785156
1790642499413711525 4.727142333984375 -0.5207177400588989 2.701451063156128
1790642499433710396 4.709010124206543 -0.5067578554153442 2.6925222873687744
1790642499453553197 4.692781448364258 -0.49251148104667664 2.6738250255584717
1790642499474991868 4.67767858505249 -0.4797062575817108 2.654690742492676
1790642499493714466 4.663671493530273 -0.47257351875305176 2.642531156539917
1790642499513952003 4.648508548736572 -0.4625762701034546 2.6289570331573486
1790642499534066751 4.63413143157959 -0.44816136360168457 2.625530242919922
1790642499553652070 4.618141174316406 -0.4288060665130615 2.627877950668335
1790642499573797827 4.608506202697754 -0.4083593785762787 2.638286828994751
1790642499593895743 4.5943779945373535 -0.3904019296169281 2.6433093547821045
1790642499614090429 4.576115608215332 -0.37443843483924866 2.6429245471954346
1790642499634535750 4.55771017074585 -0.36075374484062195 2.6406352519989014
1790642499654045771 4.5384931564331055 -0.3464910686016083 2.637812852859497
1790642499679007359 4.520709037780762 -0.33334359526634216 2.6359760761260986
1790642499701631898 4.500670909881592 -0.3185197710990906 2.6367440223693848
1790642499720963032 4.480772495269775 -0.3059679865837097 2.640915632247925
1790642499740705477 4.462034225463867 -0.2940710783004761 2.643923044204712
1790642499760832098 4.445474624633789 -0.28556251525878906 2.644956588745117
1790642499780957118 4.428132057189941 -0.27621012926101685 2.646134853363037
1790642499800763822 4.410838603973389 -0.26429638266563416 2.65274977684021
1790642499820835656 4.392395496368408 -0.2529720962047577 2.6705241203308105
1790642499840927267 4.37171745300293 -0.24121664464473724 2.687594413757324
1790642499861211013 4.350605487823486 -0.23028326034545898 2.695283889770508
1790642499880982932 4.3290696144104 -0.22106444835662842 2.701375961303711
1790642499901143634 4.306652069091797 -0.21780087053775787 2.7017645835876465
1790642499921113032 4.286133289337158 -0.20806792378425598 2.7010788917541504
1790642499941249061 4.268000602722168 -0.19270329177379608 2.701406240463257
1790642499961414498 4.250248908996582 -0.1763390600681305 2.7026565074920654
1790642499981398873 4.233224391937256 -0.1577225774526596 2.7040584087371826
1790642500001511861 4.215745449066162 -0.14212821424007416 2.703169584274292
1790642500021500812 4.202558517456055 -0.13210251927375793 2.6995365619659424
1790642500041326685 4.192742824554443 -0.11876964569091797 2.694484233856201
1790642500063421188 4.178167819976807 -0.10605467110872269 2.6891674995422363
1790642500081636215 4.164030075073242 -0.09222795069217682 2.6862502098083496
1790642500101835766 4.146017551422119 -0.07731166481971741 2.683497905731201
1790642500122120345 4.1278252601623535 -0.06056210398674011 2.679400682449341
1790642500141710369 4.11104154586792 -0.04187338799238205 2.670819044113159
1790642500162210507 4.093780994415283 -0.02261429652571678 2.6546871662139893
1790642500181854005 4.077930927276611 -0.00894565787166357 2.640742063522339
1790642500201683654 4.060242176055908 0.006246757227927446 2.6280088424682617
1790642500221749760 4.043527126312256 0.022233078256249428 2.6155128479003906
1790642500241934078 4.030326843261719 0.04189687222242355 2.6112141609191895
1790642500262222881 4.018514156341553 0.06620772182941437 2.610300302505493
1790642500283560939 4.003410339355469 0.08722306787967682 2.612452268600464
1790642500303406237 3.9860284328460693 0.10257280617952347 2.6155571937561035
1790642500323355122 3.9676895141601562 0.11517677456140518 2.617170810699463
1790642500352107254 3.9326322078704834 0.13881394267082214 2.6123483180999756
1790642500371349265 3.914391040802002 0.15001265704631805 2.6069154739379883
1790642500395274365 3.896430730819702 0.15764494240283966 2.6048905849456787
1790642500411535367 3.876253843307495 0.16736845672130585 2.6070988178253174
1790642500432076883 3.8592374324798584 0.17457163333892822 2.608675479888916
1790642500451765950 3.839975118637085 0.18476946651935577 2.6098978519439697
1790642500471861913 3.8238515853881836 0.1953556388616562 2.612788438796997
1790642500494378960 3.8069028854370117 0.20571282505989075 2.622425079345703
1790642500522341142 3.788710355758667 0.2152659296989441 2.6446778774261475
1790642500542821888 3.7715065479278564 0.22497306764125824 2.6627848148345947
1790642500562446985 3.7534055709838867 0.2349395453929901 2.6726346015930176
1790642500582562213 3.7327382564544678 0.2409960925579071 2.6802978515625
1790642500602543420 3.7104575634002686 0.2475709468126297 2.6807761192321777
1790642500623004709 3.691270351409912 0.2569102644920349 2.679194450378418
1790642500643654421 3.674516201019287 0.2702169418334961 2.6789345741271973
1790642500662944497 3.657339334487915 0.28820693492889404 2.680387496948242
1790642500684140470 3.6382179260253906 0.30613720417022705 2.682495355606079
1790642500708124517 3.6065239906311035 0.3329514265060425 2.6763663291931152
1790642500728337284 3.5927624702453613 0.3469437062740326 2.668733596801758
1790642500750708822 3.5786843299865723 0.36023443937301636 2.6634809970855713
1790642500770589865 3.561363458633423 0.3743356168270111 2.6598172187805176
1790642500790435770 3.5426366329193115 0.38759300112724304 2.6569247245788574
1790642500813045941 3.5236353874206543 0.4052078425884247 2.6515796184539795
1790642500830361479 3.504368305206299 0.4240358769893646 2.6410269737243652
1790642500850399359 3.4864749908447266 0.4396040737628937 2.624004364013672
1790642500870793286 3.469266891479492 0.45431259274482727 2.612293004989624
1790642500897053003 3.451369047164917 0.46973544359207153 2.599761724472046
1790642500916767704 3.434941053390503 0.48641037940979004 2.591770887374878
1790642500936488228 3.4200551509857178 0.5059085488319397 2.5878207683563232
1790642500956498492 3.4091501235961914 0.5295244455337524 2.587632894515991
1790642500976642905 3.393040418624878 0.5509032607078552 2.589931011199951
1790642500996787542 3.3752267360687256 0.565212070941925 2.5944020748138428
1790642501021908912 3.3550994396209717 0.5789245367050171 2.5986921787261963
1790642501038842387 3.337660789489746 0.5900348424911499 2.6013946533203125
1790642501058915085 3.3186354637145996 0.6039486527442932 2.6003856658935547
1790642501078834210 3.2992658615112305 0.6154268980026245 2.597970485687256
1790642501099360269 3.281419277191162 0.625878095626831 2.5995397567749023
1790642501118908883 3.2621617317199707 0.6365786194801331 2.6065149307250977
1790642501139122099 3.2453815937042236 0.6441972255706787 2.6132962703704834
1790642501160230549 3.226348876953125 0.6546158194541931 2.6187195777893066
1790642501179111809 3.2097854614257812 0.6663265824317932 2.6232097148895264
1790642501199892503 3.1923253536224365 0.677775502204895 2.6300079822540283
1790642501219039662 3.172900438308716 0.6891666650772095 2.648298740386963
1790642501239372434 3.154284954071045 0.6993871331214905 2.6609461307525635
1790642501259349224 3.1352264881134033 0.7105318903923035 2.6706836223602295
1790642501279419810 3.1147892475128174 0.7180625200271606 2.6752493381500244
1790642501299540798 3.093158483505249 0.7262042760848999 2.675933361053467
1790642501319368335 3.0739734172821045 0.7373191118240356 2.67395281791687
1790642501346887428 3.057206630706787 0.7514678239822388 2.6733720302581787
1790642501364111602 3.0413007736206055 0.7699075937271118 2.674572467803955
1790642501384242255 3.0232937335968018 0.7888237237930298 2.67740797996521
1790642501404171268 3.0062413215637207 0.8037881851196289 2.678363800048828
1790642501424404772 2.992358922958374 0.8162502646446228 2.6758880615234375
1790642501444215284 2.9798269271850586 0.8303984999656677 2.6709344387054443
1790642501464255501 2.9675207138061523 0.8432955741882324 2.666147470474243
1790642501484227716 2.95037841796875 0.8581061959266663 2.6633388996124268
1790642501507726496 2.932366371154785 0.873017430305481 2.661226272583008
1790642501528056036 2.896076202392578 0.9129221439361572 2.647420644760132
1790642501548140382 2.8795011043548584 0.9286203384399414 2.6305418014526367
1790642501567951087 2.863615036010742 0.9440600275993347 2.6136868000030518
1790642501587884100 2.846635341644287 0.9594200849533081 2.6010537147521973
1790642501607949790 2.830214738845825 0.9767667055130005 2.5890445709228516
1790642501627945749 2.81614351272583 0.9967598915100098 2.5844388008117676
1790642501648267641 2.805006265640259 1.0201752185821533 2.583277463912964
1790642501669466590 2.7890095710754395 1.0409482717514038 2.5834901332855225
1790642501704883774 2.771440029144287 1.0548003911972046 2.5839221477508545
1790642501724728112 2.752471923828125 1.0682743787765503 2.5835742950439453
1790642501744834700 2.734888792037964 1.0796682834625244 2.582911252975464
1790642501765055019 2.716874122619629 1.0924694538116455 2.5801641941070557
1790642501790534867 2.6984426975250244 1.103355050086975 2.5747430324554443
1790642501811928895 2.6616809368133545 1.1232178211212158 2.573535919189453
1790642501828708348 2.645610809326172 1.1302995681762695 2.5769286155700684
1790642501848495276 2.627314329147339 1.1396673917770386 2.5799553394317627
1790642501868430017 2.6108012199401855 1.1503568887710571 2.582761764526367
1790642501888821735 2.593552589416504 1.1618860960006714 2.5915772914886475
1790642501908691226 2.5750765800476074 1.172481894493103 2.612865686416626
1790642501929314569 2.5569090843200684 1.181832194328308 2.6406502723693848
1790642501948658599 2.539461851119995 1.1925691366195679 2.649099111557007
1790642501968632094 2.5213630199432373 1.2006362676620483 2.6582744121551514
1790642501988795995 2.5003297328948975 1.2068626880645752 2.6579666137695312
1790642502008770930 2.4803781509399414 1.216102957725525 2.6577603816986084
1790642502028951632 2.46242094039917 1.2300975322723389 2.657787322998047
1790642502049217714 2.4449045658111572 1.2474291324615479 2.661405086517334
1790642502069056195 2.426934003829956 1.2648037672042847 2.666253089904785
1790642502089000440 2.409546136856079 1.279556155204773 2.668689012527466
1790642502109051538 2.3944010734558105 1.2903746366500854 2.6653947830200195
1790642502129974348 2.3819048404693604 1.3027117252349854 2.658421039581299
1790642502150947497 2.3703722953796387 1.315405249595642 2.6526410579681396
1790642502169315906 2.3540053367614746 1.3287636041641235 2.6493279933929443
1790642502193373268 2.3365564346313477 1.3434034585952759 2.647149085998535
1790642502213071776 2.3197903633117676 1.3591643571853638 2.6404311656951904
1790642502233536585 2.3018600940704346 1.3775346279144287 2.626523971557617
1790642502256162500 2.2864882946014404 1.3929463624954224 2.608654022216797
1790642502273391986 2.2712810039520264 1.4062296152114868 2.5955679416656494
1790642502293439211 2.2550177574157715 1.4200557470321655 2.579326868057251
1790642502313408034 2.2390189170837402 1.4362536668777466 2.5722482204437256
1790642502333334710 2.2240734100341797 1.4561513662338257 2.5706827640533447
1790642502360101423 2.2143075466156006 1.4794427156448364 2.575843334197998
1790642502379984418 2.2018964290618896 1.4993760585784912 2.5790798664093018
1790642502399475398 2.1859025955200195 1.5147255659103394 2.577003240585327
1790642502419545888 2.1688480377197266 1.5276681184768677 2.57354736328125
1790642502439654908 2.153008460998535 1.5384560823440552 2.569854736328125
1790642502459591505 2.1353671550750732 1.5507510900497437 2.56722354888916
1790642502479815985 2.1179542541503906 1.563081979751587 2.569132089614868
1790642502499663362 2.0994904041290283 1.5727980136871338 2.576057195663452
1790642502519833792 2.0817155838012695 1.5823743343353271 2.5834317207336426
1790642502539820247 2.066437005996704 1.5909416675567627 2.5915942192077637
1790642502559953972 2.048567056655884 1.6000094413757324 2.603227138519287
1790642502579930858 2.0325796604156494 1.6122384071350098 2.622098684310913
1790642502599834718 2.016089916229248 1.6239243745803833 2.6556856632232666
1790642502619876983 1.9984701871871948 1.6363192796707153 2.6866848468780518
1790642502641312069 1.980300784111023 1.6476680040359497 2.710078001022339
1790642502660201778 1.9601250886917114 1.6586567163467407 2.7342491149902344
1790642502689623760 1.9389002323150635 1.6634504795074463 2.7524101734161377
1790642502706836413 1.9193717241287231 1.6726326942443848 2.764847993850708
1790642502727475629 1.9012905359268188 1.686638355255127 2.767838716506958
1790642502746836428 1.8848341703414917 1.702876329421997 2.7788095474243164
1790642502767162608 1.8673583269119263 1.722638726234436 2.7937309741973877
1790642502786929279 1.8501818180084229 1.739492416381836 2.808138847351074
1790642502807049851 1.835156798362732 1.7532607316970825 2.8181023597717285
1790642502827220601 1.8248305320739746 1.767552137374878 2.8279197216033936
1790642502847053002 1.8099960088729858 1.7822788953781128 2.8418972492218018
1790642502867120292 1.7950032949447632 1.798030972480774 2.8556089401245117
1790642502887124379 1.7786673307418823 1.8139244318008423 2.861672878265381
1790642502907116306 1.760046124458313 1.8319411277770996 2.879786968231201
1790642502927140715 1.7440458536148071 1.8517045974731445 2.89996600151062
1790642502947228902 1.7278295755386353 1.8726859092712402 2.905809164047241
1790642502967266654 1.7121899127960205 1.890030026435852 2.941948413848877
1790642502987231221 1.6969642639160156 1.9070065021514893 2.9984676837921143
1790642503007510807 1.6821725368499756 1.9269047975540161 3.0246238708496094
1790642503027417035 1.6699236631393433 1.9484351873397827 3.028561592102051
1790642503047514950 1.659071683883667 1.974069595336914 3.037367343902588
1790642503067628513 1.6436864137649536 1.995387315750122 3.060248851776123
1790642503087526261 1.626205325126648 2.010996103286743 3.0924835205078125
1790642503107594639 1.6074979305267334 2.024815082550049 3.1247780323028564
1790642503127610567 1.591723918914795 2.04032301902771 -3.1265177726745605
1790642503147698594 1.5793352127075195 2.052786111831665 -3.0938639640808105
1790642503167661528 1.5655187368392944 2.0621533393859863 -3.053734540939331
1790642503187812885 1.552415132522583 2.0692176818847656 -3.0093305110931396
1790642503207754314 1.5390496253967285 2.074371814727783 -2.968618631362915
1790642503227995819 1.5269780158996582 2.076782703399658 -2.926234483718872
1790642503247884862 1.5125818252563477 2.0833351612091064 -2.8846797943115234
1790642503267905783 1.500610113143921 2.090609550476074 -2.842869281768799
1790642503287887917 1.489919662475586 2.098494052886963 -2.814157724380493
1790642503308032074 1.4792319536209106 2.1115829944610596 -2.7793686389923096
1790642503329385941 1.4734879732131958 2.1276473999023438 -2.744576930999756
1790642503363153751 1.4667657613754272 2.1581509113311768 -2.670125722885132
1790642503379739757 1.4623034000396729 2.1667163372039795 -2.6363649368286133
1790642503399660610 1.4518979787826538 2.17758846282959 -2.604796886444092
1790642503420680768 1.4434658288955688 2.186677932739258 -2.5739729404449463
1790642503439730227 1.4347602128982544 2.1963038444519043 -2.5400094985961914
1790642503459820782 1.4253246784210205 2.204803705215454 -2.5052058696746826
1790642503480289367 1.4163554906845093 2.218662738800049 -2.468982458114624
1790642503499912160 1.4103703498840332 2.234121322631836 -2.4315240383148193
1790642503519976410 1.4066202640533447 2.2477967739105225 -2.396559476852417
1790642503539747177 1.402367115020752 2.263248920440674 -2.359642505645752
1790642503561076435 1.3969858884811401 2.2782363891601562 -2.3281466960906982
1790642503579826587 1.3923596143722534 2.2892398834228516 -2.2974331378936768
1790642503599833267 1.3909752368927002 2.296940565109253 -2.262413501739502
1790642503620096532 1.38531494140625 2.305393934249878 -2.22733998298645
1790642503640010632 1.3812013864517212 2.3114073276519775 -2.1938984394073486
1790642503664784661 1.3809559345245361 2.3184778690338135 -2.1622538566589355
1790642503684877520 1.3738991022109985 2.3295159339904785 -2.13148832321167
1790642503708901248 1.3698139190673828 2.338888168334961 -2.102679967880249
1790642503728732337 1.3618760108947754 2.3460006713867188 -2.072706937789917
1790642503748969874 1.3560395240783691 2.3563854694366455 -2.043513774871826
1790642503768991402 1.347151756286621 2.3617961406707764 -2.016007423400879
1790642503788936223 1.3390964269638062 2.3644967079162598 -1.9870753288269043
1790642503808905590 1.3314907550811768 2.3669638633728027 -1.954389214515686
1790642503829046675 1.3229374885559082 2.3710379600524902 -1.9181923866271973
1790642503849095020 1.3190264701843262 2.3740572929382324 -1.882588267326355
1790642503869268810 1.311090111732483 2.377178192138672 -1.8570727109909058
1790642503889015064 1.305907964706421 2.377249002456665 -1.8299891948699951
1790642503909232087 1.2993879318237305 2.3813998699188232 -1.8114547729492188
1790642503929318546 1.289078712463379 2.3860578536987305 -1.7916709184646606
1790642503949338410 1.286073923110962 2.3930740356445312 -1.770874261856079
1790642503969257471 1.2826017141342163 2.388504981994629 -1.749044418334961
1790642503989283767 1.2790526151657104 2.3858048915863037 -1.7284908294677734
1790642504009389779 1.2719846963882446 2.3857181072235107 -1.7074689865112305
1790642504029364489 1.2682085037231445 2.3851256370544434 -1.6827561855316162
1790642504049663340 1.2653858661651611 2.3853557109832764 -1.654707431793213
1790642504069682116 1.262797474861145 2.3854830265045166 -1.6245218515396118
1790642504089659675 1.2591907978057861 2.386786699295044 -1.5928106307983398
1790642504110964100 1.2591907978057861 2.386786699295044 -1.5636364221572876
1790642504131734392 1.2558976411819458 2.387589454650879 -1.540320634841919
1790642504151105400 1.2534853219985962 2.3886520862579346 -1.5231552124023438
1790642504171377498 1.249815821647644 2.389373540878296 -1.5075273513793945
1790642504191294926 1.2456799745559692 2.3898730278015137 -1.4906738996505737
1790642504211277317 1.239588737487793 2.3917195796966553 -1.4695624113082886
1790642504232789494 1.2330669164657593 2.394117593765259 -1.4541879892349243
1790642504251344342 1.232517123222351 2.3959028720855713 -1.4344208240509033
1790642504271269227 1.2267062664031982 2.3977394104003906 -1.4114573001861572
1790642504291644401 1.2188376188278198 2.396854877471924 -1.3889671564102173
1790642504311639208 1.2082664966583252 2.392422676086426 -1.3695603609085083
1790642504331661408 1.1959713697433472 2.3897485733032227 -1.3519506454467773
1790642504360513800 1.1792302131652832 2.3839004039764404 -1.3191051483154297
1790642504379581308 1.1731994152069092 2.379575252532959 -1.3031264543533325
1790642504400639323 1.167161226272583 2.375725269317627 -1.2872906923294067
1790642504421071203 1.162471890449524 2.3732616901397705 -1.2707418203353882
1790642504439573442 1.1565669775009155 2.3697471618652344 -1.2523170709609985
1790642504459912902 1.1532610654830933 2.3652822971343994 -1.2360761165618896
1790642504481970188 1.148828148841858 2.36147141456604 -1.2233208417892456
1790642504508316628 1.1442081928253174 2.357210159301758 -1.2113481760025024
1790642504532605391 1.1407363414764404 2.354980230331421 -1.199038028717041
1790642504556542428 1.139885425567627 2.352205753326416 -1.1756094694137573
1790642504576071169 1.1432535648345947 2.3493692874908447 -1.1504511833190918
1790642504595965173 1.1485316753387451 2.345302104949951 -1.1455327272415161
1790642504616109841 1.1522912979125977 2.3426003456115723 -1.13772714138031
1790642504636004133 1.1545706987380981 2.341069459915161 -1.1331535577774048
1790642504660209724 1.1545706987380981 2.341069459915161 -1.1330598592758179
1790642504683843069 1.1513324975967407 2.3391900062561035 -1.135297179222107
1790642504706353300 1.1472208499908447 2.335979700088501 -1.1380529403686523
1790642504726418414 1.143511176109314 2.3337514400482178 -1.1403084993362427
1790642504748257643 1.1405014991760254 2.3303191661834717 -1.1436537504196167
1790642504768588111 1.1379090547561646 2.3265562057495117 -1.145257592201233
1790642504788307292 1.1346356868743896 2.322087049484253 -1.147061824798584
1790642504808397175 1.131299376487732 2.3182761669158936 -1.1496323347091675
1790642504828519827 1.1273356676101685 2.313408136367798 -1.1528960466384888
1790642504848434695 1.123203992843628 2.3083431720733643 -1.1564732789993286
1790642504868708329 1.1190792322158813 2.303619384765625 -1.1603167057037354
1790642504888482744 1.1158421039581299 2.2998688220977783 -1.1698591709136963
1790642504908861502 1.112906813621521 2.2977254390716553 -1.1844024658203125
1790642504928736529 1.1053835153579712 2.2950620651245117 -1.200087547302246
1790642504948823083 1.095996618270874 2.2895846366882324 -1.2054791450500488
1790642504968698302 1.0872511863708496 2.2848944664001465 -1.2042673826217651
1790642504988909918 1.080766201019287 2.282205820083618 -1.2064836025238037
1790642505008757935 1.078340768814087 2.2785353660583496 -1.2156752347946167
1790642505028869451 1.0763800144195557 2.2758092880249023 -1.2299284934997559
1790642505050106961 1.0762355327606201 2.273122549057007 -1.2448029518127441
1790642505068960509 1.0762355327606201 2.273122549057007 -1.260251522064209
1790642505088946900 1.0773926973342896 2.2731306552886963 -1.2756578922271729
1790642505109230295 1.0788575410842896 2.270808458328247 -1.288858413696289
1790642505129090601 1.0802701711654663 2.2708756923675537 -1.3007073402404785
1790642505149100897 1.0826597213745117 2.268660068511963 -1.3108700513839722
1790642505169288031 1.0858863592147827 2.266806125640869 -1.3202502727508545
1790642505197434860 1.0922033786773682 2.265176296234131 -1.3387905359268188
1790642505217275229 1.0947444438934326 2.2655251026153564 -1.348871111869812
1790642505237187473 1.0958013534545898 2.2656948566436768 -1.3585963249206543
1790642505257423986 1.0958013534545898 2.2656948566436768 -1.368052363395691
1790642505277373895 1.0980660915374756 2.2661569118499756 -1.376260757446289
1790642505297448770 1.1042402982711792 2.2649824619293213 -1.384568452835083
1790642505317773734 1.1095834970474243 2.2662606239318848 -1.3992635011672974
1790642505357865176 1.1127934455871582 2.270056962966919 -1.4083765745162964
1790642505372105877 1.1144076585769653 2.2742550373077393 -1.413745403289795
1790642505392348053 1.1150707006454468 2.2744483947753906 -1.4224491119384766
1790642505412194375 1.1178407669067383 2.2729554176330566 -1.4377775192260742
1790642505432198207 1.1196191310882568 2.2735416889190674 -1.457576870918274
1790642505452476897 1.1211540699005127 2.2691287994384766 -1.4758970737457275
1790642505472467000 1.1222959756851196 2.2695422172546387 -1.4948698282241821
1790642505492690712 1.1239941120147705 2.267886161804199 -1.5151253938674927
1790642505512584331 1.1262784004211426 2.2661261558532715 -1.5364311933517456
1790642505532409852 1.1279006004333496 2.262237310409546 -1.5548632144927979
1790642505552661693 1.1289851665496826 2.259753465652466 -1.567358374595642
1790642505572540688 1.1283069849014282 2.2594504356384277 -1.5779061317443848
1790642505592671180 1.1272790431976318 2.2589848041534424 -1.5898767709732056
1790642505612690628 1.1259456872940063 2.258368492126465 -1.6018469333648682
1790642505632571319 1.1243845224380493 2.2547667026519775 -1.6107572317123413
1790642505652795927 1.1223089694976807 2.2537951469421387 -1.619623064994812
1790642505675519990 1.1201343536376953 2.250394821166992 -1.6494734287261963
1790642505696503443 1.1167786121368408 2.248847246170044 -1.7044082880020142
1790642505719040267 1.108090877532959 2.249882936477661 -1.708222508430481
1790642505736303290 1.101623773574829 2.251054048538208 -1.7087161540985107
1790642505756315442 1.09639573097229 2.253443956375122 -1.7127035856246948
1790642505776270952 1.0928646326065063 2.2543697357177734 -1.718690276145935
1790642505796600428 1.0945721864700317 2.2551279067993164 -1.721094012260437
1790642505816443069 1.0965936183929443 2.2505314350128174 -1.7212719917297363
1790642505836543481 1.0991692543029785 2.247986078262329 -1.7213422060012817
1790642505856628531 1.1025519371032715 2.244185209274292 -1.722738265991211
1790642505876582601 1.105523943901062 2.245394468307495 -1.72505521774292
1790642505896548735 1.109495997428894 2.2434682846069336 -1.7270619869232178
1790642505917755620 1.112319827079773 2.2445483207702637 -1.726944923400879
1790642505936588432 1.1147304773330688 2.245473861694336 -1.7244231700897217
1790642505956888114 1.1171003580093384 2.246377468109131 -1.7188875675201416
1790642505976903914 1.120022177696228 2.2474610805511475 -1.7122761011123657
1790642505996949284 1.1212960481643677 2.247912883758545 -1.707282304763794
1790642506016767156 1.12198007106781 2.2481441497802734 -1.7064521312713623
1790642506036976980 1.1230846643447876 2.2484986782073975 -1.7113364934921265
1790642506057146449 1.131727695465088 2.244645118713379 -1.717031478881836
1790642506077362545 1.140501618385315 2.240691900253296 -1.7125070095062256
1790642506097169537 1.1470540761947632 2.239305019378662 -1.7103264331817627
1790642506117247420 1.152456521987915 2.2374141216278076 -1.7110570669174194
1790642506137182321 1.1559054851531982 2.2382967472076416 -1.713392972946167
1790642506160811442 1.1584914922714233 2.238933563232422 -1.711964726448059
1790642506179293296 1.159375786781311 2.239142656326294 -1.710033893585205
1790642506199174211 1.159375786781311 2.239142656326294 -1.7042639255523682
1790642506219500454 1.158419132232666 2.238936424255371 -1.6951019763946533
1790642506240105269 1.1569992303848267 2.238644599914551 -1.6922402381896973
1790642506261096914 1.1569992303848267 2.238644599914551 -1.6916674375534058
1790642506279488204 1.1550203561782837 2.238271713256836 -1.6972986459732056
1790642506299383424 1.1550203561782837 2.238271713256836 -1.697647213935852
1790642506319728420 1.1538431644439697 2.2380788326263428 -1.6902204751968384
1790642506364676879 1.1525049209594727 2.2378668785095215 -1.6782186031341553
1790642506369492390 1.1502338647842407 2.23752760887146 -1.6602603197097778
1790642506390355422 1.1477017402648926 2.2371885776519775 -1.6374820470809937
1790642506409527318 1.1454352140426636 2.2369308471679688 -1.6164237260818481
1790642506430606743 1.1442023515701294 2.236813545227051 -1.5966180562973022
1790642506449872338 1.1458430290222168 2.2391514778137207 -1.5742073059082031
1790642506469756357 1.142052173614502 2.245208263397217 -1.5507739782333374
1790642506490251024 1.1342179775238037 2.250825881958008 -1.530448317527771
1790642506509661041 1.1303468942642212 2.2543704509735107 -1.5215818881988525
1790642506529848623 1.1253787279129028 2.257005453109741 -1.504465937614441
1790642506549999820 1.123710036277771 2.2570173740386963 -1.4823533296585083
1790642506569894976 1.12155282497406 2.2532293796539307 -1.4636130332946777
1790642506590080926 1.1214812994003296 2.250926971435547 -1.4514061212539673
1790642506610081366 1.1212801933288574 2.2458980083465576 -1.444548487663269
1790642506633329321 1.1212801933288574 2.2458980083465576 -1.4397382736206055
1790642506652265208 1.124505877494812 2.248288154602051 -1.4342656135559082
1790642506691323971 1.129372239112854 2.2526044845581055 -1.429469347000122
1790642506695035312 1.1391892433166504 2.258695363998413 -1.4240634441375732
1790642506717180185 1.1473647356033325 2.263017416000366 -1.4175512790679932
1790642506734998973 1.1499626636505127 2.2650272846221924 -1.4076632261276245
1790642506755883798 1.1499626636505127 2.2650272846221924 -1.3955485820770264
1790642506775019277 1.14686918258667 2.2654881477355957 -1.3845014572143555
1790642506794943234 1.1376001834869385 2.2638537883758545 -1.3743572235107422
1790642506815198723 1.1310651302337646 2.2648446559906006 -1.3636924028396606
1790642506835037716 1.1239523887634277 2.2659237384796143 -1.349487066268921
1790642506855754151 1.116803765296936 2.2670183181762695 -1.3363789319992065
1790642506875273580 1.111011266708374 2.2679190635681152 -1.3243846893310547
1790642506896966500 1.1047961711883545 2.27177095413208 -1.3062635660171509
1790642506916707025 1.1004558801651 2.274779796600342 -1.2833415269851685
1790642506936759211 1.0901871919631958 2.276370048522949 -1.2625174522399902
1790642506956988171 1.0811805725097656 2.2777135372161865 -1.2458865642547607
1790642506976786395 1.0747830867767334 2.2786247730255127 -1.2317290306091309
1790642506996945784 1.0711110830307007 2.281585931777954 -1.219292163848877
1790642507017013266 1.0673238039016724 2.2821030616760254 -1.207703948020935
1790642507036967944 1.0673238039016724 2.2821030616760254 -1.1959511041641235
1790642507057391279 1.0651681423187256 2.2824203968048096 -1.1839953660964966
1790642507078095810 1.0655879974365234 2.2853634357452393 -1.1740319728851318
1790642507096992751 1.0655879974365234 2.2853634357452393 -1.1666417121887207
1790642507117279922 1.0655879974365234 2.2853634357452393 -1.1605852842330933
1790642507137092162 1.0655879974365234 2.2853634357452393 -1.1550358533859253
1790642507159401905 1.0631860494613647 2.2833921909332275 -1.1447557210922241
1790642507179323110 1.0616016387939453 2.2812390327453613 -1.1397442817687988
1790642507199150454 1.0602835416793823 2.2814037799835205 -1.133780837059021
1790642507219427608 1.0602835416793823 2.2814037799835205 -1.1341614723205566
1790642507239301835 1.0658186674118042 2.280731439590454 -1.1262967586517334
1790642507259715026 1.0704851150512695 2.2801380157470703 -1.1090857982635498
1790642507280340449 1.0738086700439453 2.282423257827759 -1.1062816381454468
1790642507299858087 1.0738086700439453 2.282423257827759 -1.1073169708251953
1790642507319537522 1.0720138549804688 2.28261661529541 -1.1096652746200562
1790642507339779122 1.0683209896087646 2.2829480171203613 -1.1150321960449219
1790642507364203634 1.0664228200912476 2.2830748558044434 -1.1206222772598267
1790642507381780077 1.0647778511047363 2.2799277305603027 -1.1247092485427856
1790642507401768452 1.0634925365447998 2.2773492336273193 -1.126500129699707
1790642507421804541 1.0618501901626587 2.2742717266082764 -1.1265983581542969
1790642507441786772 1.0597741603851318 2.271728515625 -1.124997615814209
1790642507461774539 1.0576589107513428 2.268054246902466 -1.124133825302124
1790642507482015692 1.0554476976394653 2.2640113830566406 -1.1241929531097412
1790642507503859657 1.0536855459213257 2.261441469192505 -1.1234254837036133
1790642507528993219 1.0512183904647827 2.25826096534729 -1.122849464416504
1790642507543941051 1.0496058464050293 2.2556910514831543 -1.1245671510696411
1790642507563919634 1.0479843616485596 2.2554965019226074 -1.1301732063293457
1790642507585451523 1.0467087030410767 2.2553346157073975 -1.1413806676864624
1790642507603873023 1.0444599390029907 2.255038261413574 -1.1520414352416992
1790642507626437848 1.0403064489364624 2.2572238445281982 -1.1553007364273071
1790642507644443875 1.0310895442962646 2.2559125423431396 -1.1569017171859741
1790642507666322722 1.024714469909668 2.250335693359375 -1.1568063497543335
1790642507691937743 1.02060067653656 2.2457382678985596 -1.1567789316177368
1790642507711503862 1.0179650783538818 2.242626667022705 -1.1565370559692383
1790642507730144634 1.0167162418365479 2.240219831466675 -1.1590054035186768
1790642507751497828 1.0159287452697754 2.2374820709228516 -1.163255214691162
1790642507770364273 1.0163377523422241 2.235426902770996 -1.1700446605682373
1790642507797030373 1.015474557876587 2.232875347137451 -1.1808369159698486
1790642507820523874 1.0166301727294922 2.2331511974334717 -1.2027806043624878
1790642507840488248 1.0189001560211182 2.2310409545898438 -1.2124444246292114
1790642507861715358 1.0217946767807007 2.2284178733825684 -1.2228323221206665
1790642507882573558 1.0246587991714478 2.2259092330932617 -1.2331856489181519
1790642507902550348 1.0296688079833984 2.223215341567993 -1.2465431690216064
1790642507923362115 1.0331192016601562 2.2243776321411133 -1.2625060081481934
1790642507942847655 1.0358320474624634 2.225334405899048 -1.2783867120742798
1790642507962785020 1.039531946182251 2.223912239074707 -1.2918347120285034
1790642507982730641 1.0469146966934204 2.2226643562316895 -1.2964904308319092
1790642508002751337 1.0559848546981812 2.2217462062835693 -1.2932208776474
1790642508023032395 1.0632245540618896 2.221534490585327 -1.2952462434768677
1790642508042959968 1.0681846141815186 2.2236127853393555 -1.3065887689590454
1790642508064155621 1.071982979774475 2.2215828895568848 -1.3198027610778809
1790642508083017457 1.074594259262085 2.219367027282715 -1.3304905891418457
1790642508104139667 1.076403260231018 2.2152695655822754 -1.3346424102783203
1790642508125927951 1.0774465799331665 2.210648536682129 -1.3341658115386963
1790642508143093914 1.0780043601989746 2.2019546031951904 -1.3326666355133057
1790642508163054864 1.07952082157135 2.1916706562042236 -1.3353517055511475
1790642508183376628 1.0795822143554688 2.1829020977020264 -1.3406232595443726
1790642508203182500 1.0807973146438599 2.173999786376953 -1.343011736869812
1790642508223441669 1.0818402767181396 2.1654369831085205 -1.3433674573898315
1790642508243319896 1.0826036930084229 2.158363103866577 -1.3435194492340088
1790642508263459253 1.0832805633544922 2.150782823562622 -1.3427678346633911
1790642508283687221 1.0843535661697388 2.140273094177246 -1.343406319618225
1790642508303396578 1.0861281156539917 2.1301193237304688 -1.3485668897628784
1790642508323377080 1.0876795053482056 2.11800217628479 -1.3584142923355103
1790642508348605430 1.0888358354568481 2.1045944690704346 -1.3740092515945435
1790642508375025025 1.0899262428283691 2.0921859741210938 -1.3887759447097778
1790642508399520932 1.0895617008209229 2.0781538486480713 -1.4017415046691895
1790642508415809038 1.082237720489502 2.0624642372131348 -1.395111083984375
1790642508435722370 1.0753960609436035 2.047916889190674 -1.3854237794876099
1790642508455561108 1.072437047958374 2.0373828411102295 -1.387824535369873
1790642508475908664 1.071820855140686 2.028080701828003 -1.3921618461608887
1790642508499913992 1.0717307329177856 2.018503427505493 -1.3889024257659912
1790642508529735700 1.0712891817092896 1.9911555051803589 -1.3662751913070679
1790642508550119002 1.0712263584136963 1.9739757776260376 -1.3580502271652222
1790642508569875368 1.0729305744171143 1.9574054479599 -1.3565211296081543
1790642508592842705 1.07584547996521 1.939192533493042 -1.359651803970337
1790642508609937658 1.0789843797683716 1.922484278678894 -1.3647500276565552
1790642508630122584 1.0822887420654297 1.9051876068115234 -1.3679404258728027
1790642508650529375 1.0851536989212036 1.8883596658706665 -1.364833116531372
1790642508672566020 1.088384985923767 1.8693102598190308 -1.3521307706832886
1790642508704233942 1.093271017074585 1.8291853666305542 -1.3121660947799683
1790642508724390292 1.0959992408752441 1.8092293739318848 -1.3193647861480713
1790642508744394347 1.0983185768127441 1.7891749143600464 -1.3274719715118408
1790642508764317440 1.1041114330291748 1.769582986831665 -1.3221473693847656
1790642508784599906 1.1090223789215088 1.7494653463363647 -1.3103996515274048
1790642508804368977 1.1115401983261108 1.7293047904968262 -1.3014888763427734
1790642508824810137 1.1139851808547974 1.7119837999343872 -1.2983372211456299
1790642508844459043 1.1156896352767944 1.694862723350525 -1.3033174276351929
1790642508864415065 1.116040587425232 1.679854393005371 -1.3123255968093872
1790642508884928388 1.1156032085418701 1.6630473136901855 -1.319686770439148
1790642508904796182 1.1135886907577515 1.6477408409118652 -1.3234659433364868
1790642508926781433 1.1119109392166138 1.6332294940948486 -1.324377417564392
1790642508946958679 1.1118359565734863 1.6189407110214233 -1.3271702527999878
1790642508966751911 1.1124159097671509 1.603999376296997 -1.3322722911834717
1790642508987113676 1.1133805513381958 1.5857791900634766 -1.3369154930114746
1790642509006804632 1.1141117811203003 1.5682748556137085 -1.3418127298355103
1790642509026801423 1.1162093877792358 1.5511796474456787 -1.3480195999145508
1790642509047030927 1.1186479330062866 1.5345362424850464 -1.3574018478393555
1790642509066824959 1.1201159954071045 1.518828272819519 -1.3688143491744995
1790642509087371179 1.1206105947494507 1.5025765895843506 -1.3759580850601196
1790642509106903345 1.1202598810195923 1.4866873025894165 -1.378196358680725
1790642509127206068 1.1122016906738281 1.4756417274475098 -1.3769831657409668
1790642509148697636 1.1034077405929565 1.464927077293396 -1.3763669729232788
1790642509167145600 1.1001701354980469 1.4494266510009766 -1.381655216217041
1790642509187175225 1.1012992858886719 1.436383605003357 -1.3909984827041626
1790642509207223090 1.1022248268127441 1.4212855100631714 -1.400039553642273
1790642509227381968 1.1013842821121216 1.4046075344085693 -1.4054412841796875
1790642509247727796 1.1048157215118408 1.38982093334198 -1.407975673675537
1790642509267465250 1.109175443649292 1.3760381937026978 -1.407845377922058
1790642509291461553 1.1138218641281128 1.3649083375930786 -1.4074424505233765
1790642509311564716 1.1160907745361328 1.354386329650879 -1.4083794355392456
1790642509333708469 1.1202106475830078 1.3456593751907349 -1.409960389137268
1790642509363994163 1.1255254745483398 1.3348495960235596 -1.409713864326477
1790642509383684351 1.1353501081466675 1.310915470123291 -1.4021782875061035
1790642509411354106 1.1396409273147583 1.298646330833435 -1.3931235074996948
1790642509426990219 1.1425440311431885 1.2829577922821045 -1.3814637660980225
1790642509445887769 1.149166226387024 1.2675036191940308 -1.372145175933838
1790642509465855951 1.1557731628417969 1.2509912252426147 -1.3784078359603882
1790642509487740718 1.1641113758087158 1.239985704421997 -1.3924082517623901
1790642509507762727 1.1719818115234375 1.2309019565582275 -1.4086205959320068
1790642509527878082 1.175593614578247 1.224079966545105 -1.4203342199325562
1790642509547966333 1.175459623336792 1.2154827117919922 -1.4246944189071655
1790642509570335759 1.1747210025787354 1.205396294593811 -1.4273905754089355
1790642509594400768 1.172457218170166 1.19431471824646 -1.4353009462356567
1790642509612201316 1.1713260412216187 1.18465256690979 -1.4500855207443237
1790642509632180507 1.1684073209762573 1.1753060817718506 -1.4670655727386475
1790642509652302807 1.1661632061004639 1.162421464920044 -1.4796581268310547
1790642509677608696 1.165595293045044 1.148236632347107 -1.4872578382492065
1790642509696070677 1.1645365953445435 1.1333163976669312 -1.496496319770813
1790642509716351063 1.1648008823394775 1.119202733039856 -1.5128884315490723
1790642509736197513 1.1657038927078247 1.1040376424789429 -1.5324679613113403
1790642509756207617 1.1658809185028076 1.0875729322433472 -1.5354081392288208
1790642509776242937 1.165877342224121 1.0706958770751953 -1.5413388013839722
1790642509796219440 1.166155457496643 1.0547980070114136 -1.5511127710342407
1790642509816763292 1.167622685432434 1.0377544164657593 -1.5575546026229858
1790642509836433223 1.164301872253418 1.0201412439346313 -1.561108112335205
1790642509857425284 1.1571580171585083 1.0003035068511963 -1.5643342733383179
1790642509876433590 1.1544384956359863 0.9811433553695679 -1.568871021270752
1790642509896651574 1.1548525094985962 0.9640526175498962 -1.5701478719711304
1790642509916611148 1.1577739715576172 0.9473849534988403 -1.570909857749939
1790642509936637540 1.1600959300994873 0.9320181012153625 -1.569409966468811
1790642509956749280 1.1602952480316162 0.9134214520454407 -1.5691951513290405
1790642509976757208 1.1601513624191284 0.8944233655929565 -1.570044994354248
1790642509996792784 1.1609281301498413 0.8766488432884216 -1.5697489976882935
1790642510018590028 1.1623674631118774 0.8598724007606506 -1.5650182962417603
1790642510037021256 1.1645058393478394 0.8425408005714417 -1.5585436820983887
1790642510056963613 1.1662631034851074 0.8224490284919739 -1.5475515127182007
1790642510077047448 1.1661489009857178 0.8014084696769714 -1.5316871404647827
1790642510098817906 1.16703200340271 0.7787312865257263 -1.5092915296554565
1790642510127103525 1.1733219623565674 0.7292150259017944 -1.4640772342681885
1790642510147096764 1.1812509298324585 0.7038288116455078 -1.441628098487854
1790642510167140693 1.189039707183838 0.6772365570068359 -1.4287550449371338
1790642510187658560 1.1900132894515991 0.6527667045593262 -1.4222286939620972
1790642510207180773 1.186841607093811 0.6282154321670532 -1.414481282234192
1790642510227286497 1.1815335750579834 0.6031683087348938 -1.4091023206710815
1790642510247470463 1.1747684478759766 0.5780385136604309 -1.401340365409851
1790642510267353362 1.1718710660934448 0.5555456876754761 -1.3940774202346802
1790642510287518032 1.1673660278320312 0.5314368009567261 -1.389670968055725
1790642510309626359 1.1628332138061523 0.5107128024101257 -1.3848683834075928
1790642510327492478 1.1567943096160889 0.4934534728527069 -1.376160740852356
1790642510347550776 1.1489261388778687 0.4758622944355011 -1.3599549531936646
1790642510367382857 1.1396727561950684 0.4547225832939148 -1.3443994522094727
1790642510387434850 1.1300030946731567 0.4321490526199341 -1.3356177806854248
1790642510407631873 1.1199499368667603 0.4119739532470703 -1.3356198072433472
1790642510427853217 1.109826683998108 0.39180898666381836 -1.345563292503357
1790642510448807389 1.0996389389038086 0.3731790781021118 -1.3512104749679565
1790642510467859184 1.0910277366638184 0.3540247976779938 -1.3450475931167603
1790642510488778602 1.083660364151001 0.334734171628952 -1.3365060091018677
1790642510507860319 1.0735052824020386 0.3162234425544739 -1.3196630477905273
1790642510529725981 1.0604355335235596 0.29959291219711304 -1.299466848373413
1790642510549887099 1.0514672994613647 0.28193894028663635 -1.2716400623321533
1790642510569886098 1.0485105514526367 0.2616453468799591 -1.2481534481048584
1790642510591548745 1.0456738471984863 0.2387170046567917 -1.2268480062484741
1790642510615007364 1.0444387197494507 0.2164137214422226 -1.2059221267700195
1790642510633910289 1.0410906076431274 0.1943688839673996 -1.1859384775161743
1790642510654142770 1.0378552675247192 0.17443418502807617 -1.1691619157791138
1790642510674162314 1.038090467453003 0.15540637075901031 -1.1542189121246338
1790642510694224388 1.0390626192092896 0.13863728940486908 -1.137739658355713
1790642510714248508 1.0416722297668457 0.12061203271150589 -1.1149744987487793
1790642510734117487 1.0425035953521729 0.09712997078895569 -1.0866891145706177
1790642510754233290 1.0419046878814697 0.07164712250232697 -1.0482425689697266
1790642510774395048 1.0410559177398682 0.047858115285634995 -0.9937609434127808
1790642510794429985 1.0413343906402588 0.026824234053492546 -0.9385727643966675
1790642510816466214 1.0415209531784058 0.007571703754365444 -0.9095697999000549
1790642510834493554 1.0399389266967773 -0.010990108363330364 -0.8945450186729431
1790642510854500106 1.0372735261917114 -0.030337750911712646 -0.8941592574119568
1790642510874467680 1.0372885465621948 -0.05358218774199486 -0.8735764026641846
1790642510894562075 1.0338112115859985 -0.08042415231466293 -0.8422307372093201
1790642510914669879 1.0259246826171875 -0.10826129466295242 -0.8132334351539612
1790642510934599467 1.0177371501922607 -0.1372535228729248 -0.7967942357063293
1790642510955541895 1.0144803524017334 -0.16406215727329254 -0.7907777428627014
1790642510974724191 1.012212872505188 -0.18562278151512146 -0.7789769768714905
1790642510994646355 1.0092467069625854 -0.204608753323555 -0.763945996761322
1790642511014735214 1.0044875144958496 -0.22400149703025818 -0.7543850541114807
1790642511034818441 1.001833200454712 -0.2437915951013565 -0.7495320439338684
1790642511054835105 0.9999375343322754 -0.2669306695461273 -0.7491621375083923
1790642511075134788 1.0004761219024658 -0.28800317645072937 -0.7404236793518066
1790642511095083865 0.9998629093170166 -0.31141582131385803 -0.7204040288925171
1790642511115881039 0.9995931386947632 -0.33475661277770996 -0.7154089212417603
1790642511135077576 1.0005106925964355 -0.35768210887908936 -0.7165667414665222
1790642511154973916 1.0010533332824707 -0.3778342008590698 -0.7143551707267761
1790642511176516110 1.000851035118103 -0.4019131362438202 -0.7065358757972717
1790642511195047693 0.9985598921775818 -0.4266323745250702 -0.695874035358429
1790642511215551576 0.9949607253074646 -0.452163964509964 -0.6874269247055054
1790642511235427243 0.9928275942802429 -0.47650423645973206 -0.6792769432067871
1790642511255448739 0.9899605512619019 -0.49810585379600525 -0.6708545684814453
1790642511275221202 0.9895848631858826 -0.5175410509109497 -0.6601441502571106
1790642511295670042 0.9925490021705627 -0.5332992672920227 -0.6506481170654297
1790642511315360070 0.9928179383277893 -0.5512022972106934 -0.6431933045387268
1790642511335498563 0.9967318773269653 -0.5630959868431091 -0.6428380012512207
1790642511355577533 1.0021190643310547 -0.5760713219642639 -0.6482152342796326
1790642511375618294 1.0096535682678223 -0.5895094275474548 -0.655135989189148
1790642511395624622 1.015947699546814 -0.6065899729728699 -0.6601031422615051
1790642511415671367 1.017655849456787 -0.617412269115448 -0.6609774827957153
1790642511435566810 1.018465518951416 -0.6249117851257324 -0.6639430522918701
1790642511456046660 1.0211427211761475 -0.6320698261260986 -0.6638607978820801
1790642511475646092 1.0227621793746948 -0.63885498046875 -0.6558033227920532
1790642511500166351 1.0302834510803223 -0.6369253993034363 -0.6532052755355835
1790642511515874660 1.033455729484558 -0.6360429525375366 -0.6543055772781372
1790642511535795000 1.0343879461288452 -0.6357554197311401 -0.6576129794120789
1790642511556146685 1.0368223190307617 -0.6396462917327881 -0.658115804195404
1790642511576235384 1.0372360944747925 -0.6464042663574219 -0.6561388373374939
1790642511595970629 1.0385427474975586 -0.6498247981071472 -0.6538418531417847
1790642511615966365 1.0400153398513794 -0.6534604430198669 -0.652970552444458
1790642511636174588 1.0422037839889526 -0.6586132049560547 -0.6502059102058411
1790642511656322681 1.0455650091171265 -0.6640800833702087 -0.6433287262916565
1790642511676242414 1.0466214418411255 -0.6726972460746765 -0.6346783638000488
1790642511696119840 1.0498079061508179 -0.679196834564209 -0.6262007355690002
1790642511716378690 1.051175832748413 -0.6817981004714966 -0.6175177097320557
1790642511736289238 1.0545949935913086 -0.6877346038818359 -0.6056742072105408
1790642511756168393 1.0582164525985718 -0.6932980418205261 -0.5915061235427856
1790642511776608337 1.061042070388794 -0.6989346742630005 -0.57852703332901
1790642511796363871 1.064672827720642 -0.703601062297821 -0.5688803195953369
1790642511816341909 1.0693103075027466 -0.7068583965301514 -0.5607289671897888
1790642511836395055 1.072601079940796 -0.7109559178352356 -0.5676674246788025
1790642511856550220 1.0689177513122559 -0.722382128238678 -0.5770264863967896
1790642511877320321 1.0671714544296265 -0.7335384488105774 -0.5771216154098511
1790642511896501721 1.0628128051757812 -0.7376610040664673 -0.5638582110404968
1790642511916612277 1.0597137212753296 -0.744097113609314 -0.5537043213844299
1790642511936579499 1.0575746297836304 -0.7462133169174194 -0.5547069311141968
1790642511956833612 1.055639386177063 -0.7481734752655029 -0.559429943561554
1790642511978261178 1.055639386177063 -0.7481734752655029 -0.566551923751831
1790642511996699414 1.0550367832183838 -0.7488147020339966 -0.5750341415405273
1790642512016973144 1.0534586906433105 -0.7505102753639221 -0.5837751626968384
1790642512036854187 1.0550031661987305 -0.7519466876983643 -0.591426432132721
1790642512056906116 1.0586825609207153 -0.7553091645240784 -0.5905891060829163
1790642512077438640 1.0613688230514526 -0.7576671242713928 -0.5901477932929993
1790642512096921364 1.064820408821106 -0.7595254778862 -0.5959096550941467
1790642512117174261 1.0698260068893433 -0.7612959146499634 -0.5970706343650818
1790642512136998246 1.073915719985962 -0.7648422122001648 -0.5950318574905396
1790642512157137730 1.0780004262924194 -0.7683286070823669 -0.5914101600646973
1790642512177957945 1.0802894830703735 -0.7716758251190186 -0.5899905562400818
1790642512197215316 1.0779869556427002 -0.7744803428649902 -0.5901100635528564
1790642512219299515 1.07611882686615 -0.776793897151947 -0.5926087498664856
1790642512237292006 1.0821458101272583 -0.773810088634491 -0.5931364893913269
1790642512259019391 1.0917466878890991 -0.772094190120697 -0.5913883447647095
1790642512277447387 1.0968434810638428 -0.7785022854804993 -0.5919034481048584
1790642512297275820 1.0977157354354858 -0.7868400812149048 -0.5996561646461487
1790642512317759094 1.1019105911254883 -0.7979680299758911 -0.6084372997283936
1790642512337412672 1.1065704822540283 -0.8055399656295776 -0.6148195266723633
1790642512363704134 1.1113667488098145 -0.8111538290977478 -0.6211822032928467
1790642512384995087 1.1155850887298584 -0.8163843750953674 -0.6274890303611755
1790642512403777592 1.1204228401184082 -0.8201465010643005 -0.6317863464355469
1790642512423627562 1.1276907920837402 -0.8237454891204834 -0.6329331398010254
1790642512443945965 1.1313786506652832 -0.8296839594841003 -0.6290477514266968
1790642512463642425 1.1328132152557373 -0.8408891558647156 -0.6207335591316223
1790642512484264456 1.138429880142212 -0.8517524003982544 -0.6081886887550354
1790642512503842544 1.1478825807571411 -0.8567927479743958 -0.587133526802063
1790642512523775269 1.1570351123809814 -0.8604291677474976 -0.5618894100189209
1790642512544010853 1.1659049987792969 -0.8642603158950806 -0.5291778445243835
1790642512563857399 1.1754311323165894 -0.8681911826133728 -0.5091285705566406
1790642512585670003 1.1878515481948853 -0.8715239763259888 -0.49631181359291077
1790642512604024940 1.2013822793960571 -0.8705540299415588 -0.4901471436023712
1790642512628210914 1.215479850769043 -0.870917022228241 -0.48587557673454285
1790642512654411749 1.2288366556167603 -0.867106020450592 -0.48171114921569824
1790642512670365251 1.2468973398208618 -0.8601239323616028 -0.46783608198165894
1790642512690366682 1.2555463314056396 -0.8565236330032349 -0.4649393856525421
1790642512710473974 1.2596745491027832 -0.8546372056007385 -0.46952930092811584
1790642512730402987 1.2663094997406006 -0.8555511832237244 -0.4770894944667816
1790642512750873236 1.2756403684616089 -0.8616448640823364 -0.48491746187210083
1790642512770448155 1.2851568460464478 -0.8664864897727966 -0.5000975131988525
1790642512790535894 1.2935500144958496 -0.8755740523338318 -0.5283844470977783
1790642512817958664 1.3022115230560303 -0.88748699426651 -0.5477511286735535
1790642512832724824 1.3090934753417969 -0.8968541026115417 -0.5648009181022644
1790642512854501523 1.3193022012710571 -0.908102810382843 -0.584567129611969
1790642512874752564 1.32598078250885 -0.9173696637153625 -0.5776991248130798
1790642512895397476 1.3325556516647339 -0.9310079216957092 -0.5643240213394165
1790642512914823750 1.3370225429534912 -0.9480483531951904 -0.5619255900382996
1790642512934712633 1.3409518003463745 -0.9582695364952087 -0.5647184252738953
1790642512954823733 1.350101351737976 -0.9687719941139221 -0.5651975274085999
1790642512974739593 1.359187126159668 -0.983845591545105 -0.5595401525497437
1790642512994808259 1.3721636533737183 -0.9970821142196655 -0.5498668551445007
1790642513014889213 1.3886576890945435 -1.014253854751587 -0.5399546027183533
1790642513034851284 1.4037994146347046 -1.0262192487716675 -0.5305985808372498
1790642513054925038 1.4174422025680542 -1.0353567600250244 -0.5190243124961853
1790642513074986056 1.4350792169570923 -1.0473172664642334 -0.5042668581008911
1790642513094979199 1.4497406482696533 -1.0558931827545166 -0.48608267307281494
1790642513122723388 1.4653760194778442 -1.0644416809082031 -0.4616073668003082
1790642513141086326 1.4790877103805542 -1.0707253217697144 -0.4259202182292938
1790642513163053016 1.4923744201660156 -1.076563835144043 -0.39259645342826843
1790642513183166803 1.5073262453079224 -1.0800623893737793 -0.38558822870254517
1790642513203208556 1.5238932371139526 -1.0830597877502441 -0.39386454224586487
1790642513223203300 1.5447248220443726 -1.0836533308029175 -0.38551321625709534
1790642513243284798 1.5646815299987793 -1.0875245332717896 -0.3683021068572998
1790642513263323223 1.581966519355774 -1.0970380306243896 -0.3515060245990753
1790642513283456532 1.5995457172393799 -1.1135443449020386 -0.34268373250961304
1790642513303421450 1.6163898706436157 -1.1281476020812988 -0.3477950692176819
1790642513323441218 1.6330307722091675 -1.146667718887329 -0.3597858250141144
1790642513343498652 1.6463308334350586 -1.1629730463027954 -0.3694891333580017
1790642513363464530 1.659220814704895 -1.1788650751113892 -0.37609899044036865
1790642513383699762 1.6721268892288208 -1.192232608795166 -0.38415902853012085
1790642513403525923 1.6852819919586182 -1.2054169178009033 -0.39559584856033325
1790642513425670828 1.6979148387908936 -1.2207834720611572 -0.4091673791408539
1790642513445865835 1.7115614414215088 -1.2343528270721436 -0.42515456676483154
1790642513465630489 1.725045919418335 -1.2537710666656494 -0.44008955359458923
1790642513485785015 1.736729383468628 -1.2739475965499878 -0.4465203881263733
1790642513505832272 1.7503107786178589 -1.294242024421692 -0.45727822184562683
1790642513525883913 1.7654508352279663 -1.3157209157943726 -0.4673800468444824
1790642513546083560 1.7814134359359741 -1.3384228944778442 -0.47457513213157654
1790642513565898713 1.7957130670547485 -1.3598843812942505 -0.48050403594970703
1790642513586260222 1.8093700408935547 -1.3821150064468384 -0.4852248430252075
1790642513606051565 1.817387342453003 -1.3991360664367676 -0.48941007256507874
1790642513626089606 1.8289062976837158 -1.4134165048599243 -0.49394068121910095
1790642513646138496 1.839806318283081 -1.4224319458007812 -0.49642929434776306
1790642513668682776 1.8500511646270752 -1.4276081323623657 -0.4976866543292999
1790642513688835925 1.8582689762115479 -1.4317302703857422 -0.4973723292350769
1790642513708836269 1.8666651248931885 -1.4323787689208984 -0.4938191771507263
1790642513728846820 1.8760079145431519 -1.430949091911316 -0.4814433455467224
1790642513748831131 1.8848061561584473 -1.4283643960952759 -0.465555876493454
1790642513768901333 1.893217921257019 -1.427574634552002 -0.44875025749206543
1790642513789039314 1.9024609327316284 -1.429529070854187 -0.44223204255104065
1790642513808974567 1.912964940071106 -1.434831976890564 -0.4410333037376404
1790642513829183750 1.9248684644699097 -1.4368361234664917 -0.4470321238040924
1790642513849057401 1.9377446174621582 -1.4367245435714722 -0.4532559812068939
1790642513869065585 1.9489115476608276 -1.4389891624450684 -0.4575718641281128
1790642513889208750 1.960052490234375 -1.4400779008865356 -0.4590962827205658
1790642513909332554 1.970068335533142 -1.4437843561172485 -0.4620802402496338
1790642513929362626 1.9811314344406128 -1.4507932662963867 -0.4679105579853058
1790642513949359258 1.9885526895523071 -1.4595040082931519 -0.4742479920387268
1790642513969238733 1.9971014261245728 -1.4703742265701294 -0.47641509771347046
1790642513989456236 2.0059831142425537 -1.4817320108413696 -0.4761417508125305
1790642514009382177 2.015310049057007 -1.4923386573791504 -0.48088476061820984
1790642514029948782 2.0252997875213623 -1.5062425136566162 -0.48863911628723145
1790642514049564023 2.0339603424072266 -1.5181809663772583 -0.48976999521255493
1790642514069457834 2.042264223098755 -1.5313001871109009 -0.5010077953338623
1790642514089693611 2.0535776615142822 -1.5443435907363892 -0.5142108798027039
1790642514109773445 2.0635569095611572 -1.5563029050827026 -0.5194879770278931
1790642514129673177 2.0751054286956787 -1.5750993490219116 -0.5256783962249756
1790642514149809941 2.083320379257202 -1.593498706817627 -0.5187599658966064
1790642514169654567 2.0943524837493896 -1.6116987466812134 -0.5145466923713684
1790642514189950762 2.107121467590332 -1.6268362998962402 -0.5165143609046936
1790642514209942177 2.1224589347839355 -1.6406279802322388 -0.5193895697593689
1790642514229817460 2.137511730194092 -1.6531364917755127 -0.5183915495872498
1790642514250149144 2.152646064758301 -1.6658416986465454 -0.5129978060722351
1790642514275094859 2.168938398361206 -1.6782221794128418 -0.5090853571891785
1790642514290040290 2.1836893558502197 -1.6867467164993286 -0.506020724773407
1790642514309993848 2.200040340423584 -1.6972712278366089 -0.5010133385658264
1790642514330171158 2.2161946296691895 -1.70675528049469 -0.49115148186683655
1790642514350103307 2.2332231998443604 -1.715752124786377 -0.47997811436653137
1790642514370104707 2.251035451889038 -1.7252877950668335 -0.465876966714859
1790642514390257376 2.267505645751953 -1.7348726987838745 -0.44265925884246826
1790642514410264600 2.285120725631714 -1.744761347770691 -0.40827813744544983
1790642514430373747 2.3039934635162354 -1.7533063888549805 -0.40351754426956177
1790642514450532145 2.3248679637908936 -1.756024718284607 -0.4094645380973816
1790642514470295199 2.344259738922119 -1.7584784030914307 -0.39871302247047424
1790642514490289462 2.3601768016815186 -1.7663105726242065 -0.38445767760276794
1790642514510521015 2.374786376953125 -1.778158187866211 -0.3751368522644043
1790642514530759159 2.390307903289795 -1.7924537658691406 -0.3732438385486603
1790642514550584552 2.407672166824341 -1.8041706085205078 -0.3700007200241089
1790642514570539198 2.423097848892212 -1.8137524127960205 -0.36040276288986206
1790642514590547797 2.43595290184021 -1.8255798816680908 -0.34763529896736145
1790642514610702515 2.4462528228759766 -1.8332866430282593 -0.3361726701259613
1790642514630584966 2.4574530124664307 -1.841590404510498 -0.33044713735580444
1790642514650918762 2.4689276218414307 -1.8543165922164917 -0.3267558217048645
1790642514671072327 2.4806222915649414 -1.866715669631958 -0.3107239902019501
1790642514690733426 2.4917232990264893 -1.8826627731323242 -0.2820429801940918
1790642514711096183 2.5023856163024902 -1.8961797952651978 -0.25865963101387024
1790642514730847685 2.5157830715179443 -1.9094585180282593 -0.24530090391635895
1790642514752303572 2.530573844909668 -1.9229389429092407 -0.22676193714141846
1790642514772424784 2.5489866733551025 -1.938522458076477 -0.19542580842971802
1790642514794278510 2.565401315689087 -1.9522827863693237 -0.15749485790729523
1790642514813017589 2.580502510070801 -1.964525818824768 -0.1220979243516922
1790642514832828869 2.5853464603424072 -1.9741971492767334 -0.09074734151363373
1790642514852564467 2.5828518867492676 -1.9838706254959106 -0.06309118866920471
1790642514872594892 2.5825703144073486 -1.993736743927002 -0.04162093251943588
1790642514892614916 2.5864439010620117 -2.003547430038452 -0.017490316182374954
1790642514913226482 2.5902035236358643 -2.012359619140625 0.013145226053893566
1790642514933430738 2.5944461822509766 -2.015563488006592 0.04332838952541351
1790642514952819922 2.595738649368286 -2.013059377670288 0.07004918903112411
1790642514972992528 2.599066972732544 -2.0147757530212402 0.09534281492233276
1790642514992830977 2.6009228229522705 -2.0188989639282227 0.10692623257637024
1790642515012885467 2.5975687503814697 -2.025207996368408 0.10840151458978653
1790642515033666608 2.5975027084350586 -2.0305638313293457 0.11460475623607635
1790642515053839150 2.6035609245300293 -2.0313501358032227 0.13006854057312012
1790642515073140587 2.6056246757507324 -2.0325160026550293 0.15032994747161865
1790642515093067551 2.6040570735931396 -2.0308048725128174 0.1735297441482544
1790642515112983892 2.601102352142334 -2.031125783920288 0.20043779909610748
1790642515133071471 2.5984151363372803 -2.035832643508911 0.2349565476179123
1790642515153148745 2.5957770347595215 -2.040499210357666 0.27446845173835754
1790642515173340008 2.59187912940979 -2.0473625659942627 0.31799444556236267
1790642515193250492 2.5841236114501953 -2.0527896881103516 0.36371874809265137
1790642515213875403 2.5765469074249268 -2.058084487915039 0.4031865894794464
1790642515233315949 2.5708441734313965 -2.0629384517669678 0.44107502698898315
1790642515253427945 2.56160044670105 -2.065821647644043 0.4778987169265747
1790642515273607175 2.554715871810913 -2.07344913482666 0.5078672766685486
1790642515293581053 2.5443308353424072 -2.076435089111328 0.5355257391929626
1790642515314215437 2.540234327316284 -2.0840940475463867 0.562885046005249
1790642515333517930 2.5365190505981445 -2.091231107711792 0.5848671793937683
1790642515353691272 2.5342633724212646 -2.095717191696167 0.5849325656890869
1790642515373883975 2.536914110183716 -2.1020376682281494 0.570817768573761
1790642515393803227 2.5403687953948975 -2.104982852935791 0.5760002732276917
1790642515414085789 2.5403687953948975 -2.104982852935791 0.5788068175315857
1790642515433632388 2.543511390686035 -2.1048760414123535 0.5769156217575073
1790642515453691965 2.543193817138672 -2.1056299209594727 0.5760636329650879
1790642515473880092 2.5465586185455322 -2.1069915294647217 0.5781068205833435
1790642515493974199 2.553471088409424 -2.1122360229492188 0.5805190205574036
1790642515513949709 2.561540365219116 -2.1174089908599854 0.5855807662010193
1790642515533904099 2.5685019493103027 -2.125523328781128 0.5963171720504761
1790642515554115715 2.572542428970337 -2.1333839893341064 0.6115781664848328
1790642515574295233 2.5763707160949707 -2.1428415775299072 0.6305609345436096
1790642515596001913 2.578618049621582 -2.1363284587860107 0.6655384302139282
1790642515616222457 2.579977035522461 -2.1323184967041016 0.6783158779144287
1790642515636102668 2.580612897872925 -2.130338430404663 0.6905211210250854
1790642515656227432 2.580275535583496 -2.1315033435821533 0.7015344500541687
1790642515676581613 2.580275535583496 -2.1315033435821533 0.7107934951782227
1790642515696446783 2.579777479171753 -2.1334922313690186 0.7011216282844543
1790642515716292497 2.576603412628174 -2.1327598094940186 0.6811908483505249
1790642515736925440 2.572152614593506 -2.1289615631103516 0.679601788520813
1790642515756349954 2.5685765743255615 -2.1185781955718994 0.7022790908813477
1790642515776496799 2.5715150833129883 -2.1177916526794434 0.7264955639839172
1790642515796339793 2.575798511505127 -2.118828773498535 0.7372155785560608
1790642515816498254 2.578786611557007 -2.1190173625946045 0.7369791269302368
1790642515836498950 2.581155776977539 -2.119938611984253 0.7318824529647827
1790642515856862219 2.5843894481658936 -2.117499589920044 0.7281883358955383
1790642515876594520 2.5890414714813232 -2.1164257526397705 0.7248625755310059
1790642515896667314 2.5925822257995605 -2.1128957271575928 0.7197154760360718
1790642515916665610 2.6003284454345703 -2.1100637912750244 0.710915744304657
1790642515936834568 2.605600118637085 -2.108919858932495 0.7014540433883667
1790642515956903586 2.61112904548645 -2.1059398651123047 0.6949188709259033
1790642515977005949 2.614279270172119 -2.1029906272888184 0.6934449076652527
1790642515997020789 2.617867946624756 -2.1025774478912354 0.6931700110435486
1790642516019015960 2.624837875366211 -2.1008756160736084 0.6959201693534851
1790642516039209623 2.6281702518463135 -2.1041371822357178 0.700714111328125
1790642516058945220 2.6324691772460938 -2.1097042560577393 0.7045649290084839
1790642516079084609 2.6341302394866943 -2.11788010597229 0.7035341858863831
1790642516099409413 2.632662296295166 -2.1117470264434814 0.6983605623245239
1790642516119285144 2.628490447998047 -2.096930980682373 0.6912829875946045
1790642516139039238 2.6299684047698975 -2.0875606536865234 0.6870823502540588
1790642516163209596 2.635772705078125 -2.0853512287139893 0.685244083404541
1790642516183183442 2.641740560531616 -2.0828053951263428 0.6815868616104126
1790642516203308238 2.6476407051086426 -2.078800678253174 0.676741898059845
1790642516225785732 2.6502766609191895 -2.0754733085632324 0.6773746013641357
1790642516243261819 2.6533007621765137 -2.0729141235351562 0.6815754771232605
1790642516263289588 2.656392812728882 -2.072941780090332 0.6834615468978882
1790642516285518304 2.6597766876220703 -2.0708065032958984 0.6840123534202576
1790642516305440340 2.663133382797241 -2.0685839653015137 0.6823378801345825
1790642516325582673 2.6617109775543213 -2.0664360523223877 0.6797020435333252
1790642516345437923 2.6604108810424805 -2.0644114017486572 0.6784269213676453
1790642516366004624 2.658306837081909 -2.061171770095825 0.6802833676338196
1790642516385476276 2.6555914878845215 -2.057016372680664 0.6826238632202148
1790642516405570863 2.6537680625915527 -2.0582029819488525 0.6843886375427246
1790642516427264646 2.652841806411743 -2.0626049041748047 0.6821893453598022
1790642516445709443 2.651541233062744 -2.0688095092773438 0.6773079633712769
1790642516465641944 2.653667449951172 -2.0720510482788086 0.6737859845161438
1790642516485987964 2.654693603515625 -2.0735981464385986 0.6713278293609619
1790642516505812685 2.6503520011901855 -2.0744211673736572 0.670875072479248
1790642516525834405 2.64803409576416 -2.0752151012420654 0.6742629408836365
1790642516545963106 2.6439976692199707 -2.076256513595581 0.6817595958709717
1790642516565911991 2.643111228942871 -2.075089931488037 0.6866061091423035
1790642516586212442 2.6382229328155518 -2.076122283935547 0.6855066418647766
1790642516605953288 2.6339824199676514 -2.077056884765625 0.6850193738937378
1790642516626407792 2.6285178661346436 -2.077909469604492 0.6737714409828186
1790642516646043002 2.6214444637298584 -2.079373598098755 0.6671859622001648
1790642516666237529 2.615598201751709 -2.08154034614563 0.6756317019462585
1790642516686195471 2.6114261150360107 -2.082493782043457 0.6856437921524048
1790642516706333419 2.605659008026123 -2.081646203994751 0.6918008923530579
1790642516726566540 2.601318120956421 -2.080345630645752 0.6950975060462952
1790642516746272440 2.601318120956421 -2.080345630645752 0.6997025609016418
1790642516768455458 2.601318120956421 -2.080345630645752 0.7088794112205505
1790642516788375575 2.599884033203125 -2.0825836658477783 0.7214174866676331
1790642516808478066 2.5982589721679688 -2.0840582847595215 0.7325155735015869
1790642516828507019 2.5936899185180664 -2.085596799850464 0.7467731237411499
1790642516848404606 2.591409921646118 -2.087629556655884 0.7633150219917297
1790642516872866399 2.5871059894561768 -2.088836908340454 0.7763465046882629
1790642516890742406 2.5826494693756104 -2.090646982192993 0.772242546081543
1790642516910693980 2.57724666595459 -2.090054512023926 0.7588151097297668
1790642516930809143 2.5755343437194824 -2.0880274772644043 0.7512702941894531
1790642516950778830 2.5719237327575684 -2.0869216918945312 0.7705215215682983
1790642516970892105 2.5689096450805664 -2.0868287086486816 0.7957795262336731
1790642516990935523 2.5642526149749756 -2.087428569793701 0.8074947595596313
1790642517010916377 2.553722381591797 -2.0901987552642822 0.8153284788131714
1790642517032082749 2.5413029193878174 -2.090663433074951 0.8300917744636536
1790642517050892615 2.534533739089966 -2.0905792713165283 0.8507179021835327
1790642517071114311 2.5354371070861816 -2.091644048690796 0.872905433177948
1790642517095958519 2.5347795486450195 -2.094064474105835 0.8955153226852417
1790642517116549892 2.5365846157073975 -2.0962460041046143 0.9189552068710327
1790642517135596760 2.5382578372955322 -2.09828519821167 0.9443219304084778
1790642517157556954 2.536789894104004 -2.103222370147705 0.9714248776435852
1790642517175960436 2.5328104496002197 -2.1106326580047607 0.9976406693458557
1790642517196033775 2.5266880989074707 -2.1196417808532715 1.0229346752166748
1790642517216071976 2.5208828449249268 -2.129196882247925 1.036608338356018
1790642517236013757 2.513723611831665 -2.140075922012329 1.0449873208999634
1790642517256453093 2.504777193069458 -2.151366710662842 1.063629150390625
1790642517276087183 2.497828483581543 -2.160341262817383 1.099298119544983
1790642517297403960 2.497697114944458 -2.1680049896240234 1.132571816444397
1790642517317518324 2.4960696697235107 -2.1693203449249268 1.151092290878296
1790642517337611471 2.488323450088501 -2.1755642890930176 1.1631438732147217
1790642517357645864 2.4886255264282227 -2.1822524070739746 1.1793134212493896
1790642517377538427 2.493065357208252 -2.187713384628296 1.199384331703186
1790642517398156490 2.4902215003967285 -2.195824146270752 1.2200143337249756
1790642517417912504 2.488973379135132 -2.2030091285705566 1.2453233003616333
1790642517437905391 2.4926371574401855 -2.20756459236145 1.267939567565918
1790642517458102286 2.493051052093506 -2.2117838859558105 1.281195878982544
1790642517479741284 2.493818521499634 -2.2172768115997314 1.292970061302185
1790642517497938647 2.4989144802093506 -2.2183406352996826 1.3051995038986206
1790642517518096020 2.503504514694214 -2.220050096511841 1.314950704574585
1790642517538168078 2.5063211917877197 -2.2194266319274902 1.3229756355285645
1790642517558167910 2.506836175918579 -2.220054864883423 1.3303601741790771
1790642517578243904 2.510429859161377 -2.224449396133423 1.3377771377563477
1790642517597963757 2.5113565921783447 -2.229928970336914 1.3452495336532593
1790642517618324402 2.511859178543091 -2.225905179977417 1.3517460823059082
1790642517638304681 2.5076727867126465 -2.220590353012085 1.356421947479248
1790642517658206813 2.509998321533203 -2.218726634979248 1.3617101907730103
1790642517678436413 2.512037992477417 -2.221219778060913 1.3701425790786743
1790642517700196055 2.5161962509155273 -2.2262327671051025 1.3850077390670776
1790642517720516667 2.520294189453125 -2.2268874645233154 1.401186227798462
1790642517740449200 2.5234971046447754 -2.2306222915649414 1.4205201864242554
1790642517761412876 2.5248477458953857 -2.2321579456329346 1.4380683898925781
1790642517780731945 2.5321664810180664 -2.231544017791748 1.4538277387619019
1790642517800645789 2.544252872467041 -2.231825590133667 1.4695990085601807
1790642517820608755 2.5530755519866943 -2.23453950881958 1.4865999221801758
1790642517840496135 2.5555036067962646 -2.2370119094848633 1.504005789756775
1790642517860886381 2.560840129852295 -2.2357356548309326 1.5214251279830933
1790642517880809761 2.564984083175659 -2.23398494720459 1.5384238958358765
1790642517900622834 2.5679116249084473 -2.231250762939453 1.5537105798721313
1790642517920632042 2.571761131286621 -2.2294299602508545 1.5682071447372437
1790642517940718212 2.573997974395752 -2.2271461486816406 1.5802769660949707
1790642517960847137 2.5756373405456543 -2.2254326343536377 1.5894278287887573
1790642517980970109 2.5744736194610596 -2.2243363857269287 1.595609188079834
1790642518000927507 2.5766310691833496 -2.2219767570495605 1.6009997129440308
1790642518021089200 2.5782837867736816 -2.2200927734375 1.6045751571655273
1790642518041172139 2.577725887298584 -2.2196247577667236 1.6205412149429321
1790642518061184131 2.5750553607940674 -2.2174859046936035 1.6365079879760742
1790642518081205083 2.5689311027526855 -2.2160682678222656 1.6410187482833862
1790642518101130192 2.563150644302368 -2.214785099029541 1.6446372270584106
1790642518121230667 2.5619332790374756 -2.2139534950256348 1.64997398853302
1790642518141185121 2.5613927841186523 -2.21360445022583 1.655659794807434
1790642518163196324 2.5613927841186523 -2.21360445022583 1.6576809883117676
1790642518183615276 2.563450813293457 -2.212174892425537 1.6560372114181519
1790642518203216948 2.566394567489624 -2.210834503173828 1.6527554988861084
1790642518223411699 2.5694563388824463 -2.209463119506836 1.6481132507324219
1790642518243467821 2.5736308097839355 -2.2085049152374268 1.6436465978622437
1790642518263372960 2.577260971069336 -2.2072532176971436 1.6393773555755615
1790642518283392953 2.580352783203125 -2.2086329460144043 1.6338460445404053
1790642518303422865 2.5851693153381348 -2.208529233932495 1.6286695003509521
1790642518326946030 2.5899384021759033 -2.2076547145843506 1.6255120038986206
1790642518343400703 2.5944039821624756 -2.2067065238952637 1.62685227394104
1790642518363446072 2.5986790657043457 -2.205920934677124 1.6321772336959839
1790642518383740347 2.602321147918701 -2.2071502208709717 1.6308996677398682
1790642518403577036 2.60536789894104 -2.208102226257324 1.6275578737258911
1790642518423710889 2.6097209453582764 -2.2093992233276367 1.6292598247528076
1790642518443620733 2.618171453475952 -2.2118093967437744 1.635141134262085
1790642518463848413 2.6247572898864746 -2.2136008739471436 1.6403694152832031
1790642518484031195 2.629206418991089 -2.212491512298584 1.6415624618530273
1790642518503816459 2.6322333812713623 -2.213257312774658 1.640517234802246
1790642518524014986 2.6343259811401367 -2.2137703895568848 1.639064073562622
1790642518543878460 2.63523006439209 -2.213984966278076 1.6382639408111572
1790642518563953302 2.63523006439209 -2.213984966278076 1.6338633298873901
1790642518583957550 2.63523006439209 -2.213984966278076 1.6282047033309937
1790642518603953701 2.6343114376068115 -2.21378493309021 1.6234626770019531
1790642518624029375 2.6334469318389893 -2.213601589202881 1.6240383386611938
1790642518644255328 2.632434844970703 -2.210658311843872 1.629345178604126
1790642518664277528 2.6321558952331543 -2.2082557678222656 1.634332537651062
1790642518684308176 2.6312270164489746 -2.205228090286255 1.6350514888763428
1790642518704204420 2.6300642490386963 -2.2023749351501465 1.6351368427276611
1790642518724146777 2.630430221557617 -2.1999571323394775 1.6381200551986694
1790642518744217459 2.630430221557617 -2.1999571323394775 1.6415228843688965
1790642518764444339 2.6271812915802 -2.199575424194336 1.643722414970398
1790642518784946270 2.6214826107025146 -2.1989967823028564 1.6435127258300781
1790642518804340542 2.6154191493988037 -2.1984851360321045 1.6401041746139526
1790642518825026736 2.6105268001556396 -2.198157787322998 1.6357115507125854
1790642518844533397 2.6078970432281494 -2.1980278491973877 1.6329244375228882
1790642518864616047 2.60642147064209 -2.1979801654815674 1.629548192024231
1790642518887704860 2.60642147064209 -2.1979801654815674 1.62617027759552
1790642518904534747 2.60642147064209 -2.1979801654815674 1.6242157220840454
1790642518924900448 2.60642147064209 -2.1979801654815674 1.6242305040359497
1790642518944720625 2.6076488494873047 -2.1979572772979736 1.624708652496338
1790642518964903631 2.6076488494873047 -2.1979572772979736 1.6259130239486694
1790642518985116239 2.609593629837036 -2.1978983879089355 1.6280874013900757
1790642519004908286 2.611448049545288 -2.197835922241211 1.630949854850769
1790642519027042983 2.6146345138549805 -2.1976771354675293 1.6339731216430664
1790642519044847467 2.61993408203125 -2.1973283290863037 1.6362619400024414
1790642519064870723 2.623278856277466 -2.1932787895202637 1.637818694114685
1790642519085249033 2.6244335174560547 -2.189765453338623 1.6388286352157593
1790642519104956598 2.624234437942505 -2.1872575283050537 1.6390864849090576
1790642519125340380 2.6240451335906982 -2.185030937194824 1.6389623880386353
1790642519145264944 2.6240451335906982 -2.185030937194824 1.6384690999984741
1790642519165199045 2.6240451335906982 -2.185030937194824 1.6380581855773926
1790642519185159195 2.6231346130371094 -2.185105800628662 1.6378154754638672
1790642519205259926 2.621396541595459 -2.1852405071258545 1.6375815868377686
1790642519225438869 2.6196281909942627 -2.1853694915771484 1.638006567955017
1790642519245461933 2.6182031631469727 -2.18546724319458 1.6384283304214478
1790642519265655532 2.617152690887451 -2.1855337619781494 1.6388899087905884
1790642519285552319 2.6159865856170654 -2.185601234436035 1.6402900218963623
1790642519305485076 2.6150496006011963 -2.185652494430542 1.6407947540283203
1790642519325769398 2.614302635192871 -2.185694456100464 1.640052080154419
1790642519345545605 2.6135926246643066 -2.1857380867004395 1.6393771171569824
1790642519365568478 2.6135926246643066 -2.1857380867004395 1.639427900314331
1790642519385679513 2.6135926246643066 -2.1857380867004395 1.6400930881500244
1790642519405729683 2.6135926246643066 -2.1857380867004395 1.6413402557373047
1790642519425912049 2.6135926246643066 -2.1857380867004395 1.6426912546157837
1790642519445780164 2.6135926246643066 -2.1857380867004395 1.6434197425842285
1790642519465850750 2.6135926246643066 -2.1857380867004395 1.6435391902923584
1790642519487107493 2.6135926246643066 -2.1857380867004395 1.6439520120620728
1790642519505954513 2.6135926246643066 -2.1857380867004395 1.6445417404174805
1790642519525946152 2.6135926246643066 -2.1857380867004395 1.6444798707962036
1790642519546197673 2.6135926246643066 -2.1857380867004395 1.643739938735962
1790642519565902357 2.61446213722229 -2.185688018798828 1.6435589790344238
1790642519586064979 2.6153459548950195 -2.1856415271759033 1.643818974494934
1790642519605913316 2.616150379180908 -2.185598611831665 1.6437193155288696
1790642519626114307 2.616150379180908 -2.185598611831665 1.6430715322494507
1790642519646328451 2.616150379180908 -2.185598611831665 1.6427130699157715
1790642519666160244 2.616150379180908 -2.185598611831665 1.6426039934158325
1790642519686298513 2.616150379180908 -2.185598611831665 1.6422227621078491
1790642519706258247 2.616150379180908 -2.185598611831665 1.6419473886489868
1790642519726640781 2.616150379180908 -2.185598611831665 1.6417142152786255
1790642519746347481 2.616150379180908 -2.185598611831665 1.6414587497711182
1790642519766347696 2.616150379180908 -2.185598611831665 1.6410883665084839
1790642519786582833 2.616150379180908 -2.185598611831665 1.6406891345977783
1790642519806574664 2.616150379180908 -2.185598611831665 1.6404837369918823
1790642519829174882 2.616150379180908 -2.185598611831665 1.6403719186782837
1790642519848657190 2.616150379180908 -2.185598611831665 1.6403744220733643
1790642519868449589 2.616150379180908 -2.185598611831665 1.6401525735855103
1790642519890518715 2.616150379180908 -2.185598611831665 1.640103816986084
1790642519910740923 2.616150379180908 -2.185598611831665 1.6407033205032349
1790642519931044990 2.616150379180908 -2.185598611831665 1.6406389474868774
1790642519950873583 2.616150379180908 -2.185598611831665 1.640777826309204
1790642519970756418 2.616150379180908 -2.185598611831665 1.6415014266967773
1790642519990803068 2.616150379180908 -2.185598611831665 1.6430641412734985
1790642520010764722 2.616150379180908 -2.185598611831665 1.6450393199920654
1790642520030976881 2.616150379180908 -2.185598611831665 1.6462429761886597
1790642520051011498 2.616150379180908 -2.185598611831665 1.6462368965148926
1790642520070966208 2.616150379180908 -2.185598611831665 1.6457325220108032
1790642520091044346 2.616150379180908 -2.185598611831665 1.6451761722564697
1790642520110886251 2.616150379180908 -2.185598611831665 1.6448966264724731
1790642520131094955 2.616150379180908 -2.185598611831665 1.6448256969451904
1790642520152537177 2.616150379180908 -2.185598611831665 1.6450445652008057
1790642520171038808 2.616150379180908 -2.185598611831665 1.6454248428344727
1790642520191215926 2.616150379180908 -2.185598611831665 1.6459208726882935
1790642520211137226 2.616150379180908 -2.185598611831665 1.64608633518219
1790642520231379723 2.616150379180908 -2.185598611831665 1.6458982229232788
1790642520251448773 2.616150379180908 -2.185598611831665 1.6456561088562012
1790642520271362681 2.616150379180908 -2.185598611831665 1.6455044746398926
1790642520291597657 2.616150379180908 -2.185598611831665 1.645479440689087
1790642520311486349 2.616150379180908 -2.185598611831665 1.6457480192184448
1790642520331363167 2.616150379180908 -2.185598611831665 1.6460373401641846
1790642520351541118 2.616150379180908 -2.185598611831665 1.6461118459701538
1790642520371476563 2.616150379180908 -2.185598611831665 1.6461039781570435
1790642520391814519 2.616150379180908 -2.185598611831665 1.646484375
1790642520415177518 2.616150379180908 -2.185598611831665 1.6468755006790161
1790642520431663616 2.616150379180908 -2.185598611831665 1.6471046209335327
1790642520452814051 2.616150379180908 -2.185598611831665 1.647294044494629
1790642520471766995 2.616150379180908 -2.185598611831665 1.6478041410446167
1790642520491859790 2.616150379180908 -2.185598611831665 1.6479332447052002
1790642520511827684 2.616150379180908 -2.185598611831665 1.6476765871047974
1790642520531793594 2.616150379180908 -2.185598611831665 1.647565245628357
1790642520551969625 2.616150379180908 -2.185598611831665 1.6477395296096802
1790642520571952495 2.616150379180908 -2.185598611831665 1.6478716135025024
1790642520592090860 2.616150379180908 -2.185598611831665 1.648308277130127
1790642520612043298 2.616150379180908 -2.185598611831665 1.6485962867736816
1790642520632024120 2.616150379180908 -2.185598611831665 1.6486833095550537
1790642520652185910 2.616150379180908 -2.185598611831665 1.6486542224884033
1790642520672306098 2.616150379180908 -2.185598611831665 1.6486014127731323
1790642520692316298 2.616150379180908 -2.185598611831665 1.6484463214874268
1790642520714712796 2.616150379180908 -2.185598611831665 1.6484336853027344
1790642520732152083 2.616150379180908 -2.185598611831665 1.648518681526184
1790642520752253710 2.616150379180908 -2.185598611831665 1.6481115818023682
1790642520772547504 2.616150379180908 -2.185598611831665 1.648207664489746
1790642520792425283 2.616150379180908 -2.185598611831665 1.6484804153442383
1790642520812575392 2.616150379180908 -2.185598611831665 1.6486947536468506
1790642520836482412 2.616150379180908 -2.185598611831665 1.6489567756652832
1790642520856445538 2.616150379180908 -2.185598611831665 1.6492431163787842
1790642520876469851 2.616150379180908 -2.185598611831665 1.6495243310928345
1790642520897082569 2.616150379180908 -2.185598611831665 1.6497316360473633
1790642520916835607 2.616150379180908 -2.185598611831665 1.6500041484832764
1790642520937121626 2.616150379180908 -2.185598611831665 1.65022873878479
1790642520956966987 2.616150379180908 -2.185598611831665 1.6504671573638916
1790642520976724826 2.616150379180908 -2.185598611831665 1.6505597829818726
1790642520996946233 2.616150379180908 -2.185598611831665 1.6505229473114014
1790642521016744169 2.616150379180908 -2.185598611831665 1.6504027843475342
1790642521036823172 2.616150379180908 -2.185598611831665 1.6501171588897705
1790642521061064156 2.616150379180908 -2.185598611831665 1.650126576423645
1790642521080971664 2.616150379180908 -2.185598611831665 1.6503174304962158
1790642521101051051 2.616150379180908 -2.185598611831665 1.6503853797912598
1790642521121211432 2.616150379180908 -2.185598611831665 1.6505286693572998
1790642521141109276 2.616150379180908 -2.185598611831665 1.6507433652877808
1790642521161403166 2.616150379180908 -2.185598611831665 1.6503146886825562
1790642521181263440 2.616150379180908 -2.185598611831665 1.650066614151001
1790642521201143235 2.616150379180908 -2.185598611831665 1.6502585411071777
1790642521222074302 2.616150379180908 -2.185598611831665 1.6509149074554443
1790642521241284408 2.616150379180908 -2.185598611831665 1.65203857421875
1790642521261378803 2.616150379180908 -2.185598611831665 1.6530920267105103
1790642521281394603 2.616150379180908 -2.185598611831665 1.6541086435317993
1790642521301482886 2.616150379180908 -2.185598611831665 1.6545686721801758
1790642521321589473 2.616150379180908 -2.185598611831665 1.6545287370681763
1790642521341530486 2.616150379180908 -2.185598611831665 1.655095100402832
1790642521361438538 2.616150379180908 -2.185598611831665 1.6564885377883911
1790642521381716524 2.616150379180908 -2.185598611831665 1.6573797464370728
1790642521401908715 2.616150379180908 -2.185598611831665 1.6574418544769287
1790642521421508915 2.616150379180908 -2.185598611831665 1.6573941707611084
1790642521441658640 2.616150379180908 -2.185598611831665 1.658198595046997
1790642521461942067 2.616150379180908 -2.185598611831665 1.6582753658294678
1790642521481784292 2.616150379180908 -2.185598611831665 1.656552791595459
1790642521501964706 2.616150379180908 -2.185598611831665 1.6542282104492188
1790642521521982746 2.616150379180908 -2.185598611831665 1.6530084609985352
1790642521541786570 2.616150379180908 -2.185598611831665 1.6516729593276978
1790642521562045100 2.616150379180908 -2.185598611831665 1.6506644487380981
1790642521581897374 2.616150379180908 -2.185598611831665 1.6491165161132812
1790642521601967320 2.616150379180908 -2.185598611831665 1.6469379663467407
1790642521622211448 2.616150379180908 -2.185598611831665 1.6451740264892578
1790642521642027369 2.616150379180908 -2.185598611831665 1.6440927982330322
1790642521662080930 2.616150379180908 -2.185598611831665 1.6436179876327515
1790642521686388701 2.616150379180908 -2.185598611831665 1.6431665420532227
1790642521706544443 2.616150379180908 -2.185598611831665 1.6431509256362915
1790642521726453135 2.616150379180908 -2.185598611831665 1.6441396474838257
1790642521746518281 2.616150379180908 -2.185598611831665 1.647936224937439
1790642521766330105 2.616150379180908 -2.185598611831665 1.6536684036254883
1790642521786489527 2.616150379180908 -2.185598611831665 1.656672716140747
1790642521806379146 2.6159827709198 -2.1834514141082764 1.6558102369308472
1790642521827175231 2.6157662868499756 -2.1806881427764893 1.6530022621154785
1790642521846651363 2.6154966354370117 -2.177257537841797 1.650714635848999
1790642521870690516 2.6148757934570312 -2.1693999767303467 1.647093415260315
1790642521890675755 2.613905191421509 -2.165217876434326 1.6439149379730225
1790642521910842313 2.6128993034362793 -2.160910129547119 1.6407146453857422
1790642521930577430 2.612534999847412 -2.1563475131988525 1.634616494178772
1790642521952829059 2.6121463775634766 -2.1514859199523926 1.628097414970398
1790642521972727830 2.611754894256592 -2.146585702896118 1.6233028173446655
1790642521992961911 2.6113574504852295 -2.1416049003601074 1.6199947595596313
1790642522012811657 2.6109883785247803 -2.1369590759277344 1.614862322807312
1790642522032904132 2.610629081726074 -2.132439374923706 1.615543007850647
1790642522052986142 2.6112115383148193 -2.1276392936706543 1.622016429901123
1790642522072923731 2.612173557281494 -2.122483491897583 1.629294753074646
1790642522093208693 2.613468647003174 -2.1171505451202393 1.6319612264633179
1790642522113036230 2.6154816150665283 -2.111558675765991 1.6277660131454468
1790642522133156066 2.6182661056518555 -2.1058056354522705 1.6178901195526123
1790642522153276222 2.621025800704956 -2.099357843399048 1.6085691452026367
1790642522173238420 2.622312307357788 -2.092090129852295 1.6025727987289429
1790642522193227083 2.621690511703491 -2.0843467712402344 1.597730040550232
1790642522215358196 2.6200900077819824 -2.0759239196777344 1.594868779182434
1790642522235432686 2.617260217666626 -2.0665740966796875 1.5930967330932617
1790642522256073790 2.6130940914154053 -2.0567800998687744 1.5945017337799072
1790642522275444797 2.6076154708862305 -2.0460259914398193 1.5997567176818848
1790642522295407731 2.601167917251587 -2.035163640975952 1.6113940477371216
1790642522315491054 2.594705104827881 -2.0234084129333496 1.6353222131729126
1790642522335510886 2.586580991744995 -2.0100934505462646 1.6753830909729004
1790642522356677514 2.5761539936065674 -2.00000262260437 1.7026114463806152
1790642522375804640 2.568211555480957 -1.9931215047836304 1.7277754545211792
1790642522395742549 2.5651955604553223 -1.9884098768234253 1.7444894313812256
1790642522415879058 2.5613720417022705 -1.9816420078277588 1.7505834102630615
1790642522435955596 2.5599236488342285 -1.9735298156738281 1.757615089416504
1790642522455832607 2.560774564743042 -1.9641437530517578 1.7618868350982666
1790642522475914362 2.5627026557922363 -1.9524104595184326 1.765944004058838
1790642522495817262 2.5642545223236084 -1.940456509590149 1.7752571105957031
1790642522515989420 2.5645532608032227 -1.9286706447601318 1.784441351890564
1790642522535986147 2.564331293106079 -1.916547417640686 1.7933429479599
1790642522556151873 2.56064510345459 -1.9052457809448242 1.8024394512176514
1790642522575849709 2.5570223331451416 -1.8944159746170044 1.8134853839874268
1790642522595960360 2.553654670715332 -1.8832242488861084 1.8250019550323486
1790642522618851086 2.5513672828674316 -1.8707666397094727 1.8305840492248535
1790642522638016133 2.5490100383758545 -1.8562252521514893 1.8288458585739136
1790642522658030365 2.544534921646118 -1.8428629636764526 1.8230024576187134
1790642522678145689 2.5395030975341797 -1.8302831649780273 1.8251160383224487
1790642522698144785 2.537540912628174 -1.8162254095077515 1.8346469402313232
1790642522724322099 2.537996292114258 -1.7984486818313599 1.8685928583145142
1790642522742538854 2.541210174560547 -1.7763609886169434 1.8998419046401978
1790642522762353335 2.5493485927581787 -1.7559776306152344 1.9114830493927002
1790642522782533173 2.5578906536102295 -1.7337486743927002 1.9208743572235107
1790642522802488459 2.561854362487793 -1.707677960395813 1.9354474544525146
1790642522822598118 2.560068130493164 -1.685375690460205 1.958673357963562
1790642522842486330 2.555541753768921 -1.6668317317962646 1.9826499223709106
1790642522862592949 2.551689386367798 -1.6488163471221924 2.000066041946411
1790642522882661039 2.5531625747680664 -1.6312392950057983 2.0112860202789307
1790642522902556195 2.5530171394348145 -1.6137042045593262 2.0316922664642334
1790642522922890855 2.5508642196655273 -1.5978307723999023 2.054170608520508
1790642522943034148 2.5500288009643555 -1.5832656621932983 2.0815067291259766
1790642522962738352 2.547785520553589 -1.566786527633667 2.102086305618286
1790642522982843435 2.545743942260742 -1.550890564918518 2.117779493331909
1790642523002760128 2.545088768005371 -1.5360320806503296 2.130732774734497
1790642523023127589 2.5462541580200195 -1.518717885017395 2.129809617996216
1790642523042851410 2.547598361968994 -1.5021101236343384 2.1326422691345215
1790642523062994639 2.5497071743011475 -1.483913540840149 2.141296148300171
1790642523082896003 2.5512139797210693 -1.466308832168579 2.15275502204895
1790642523103268680 2.5511553287506104 -1.4504339694976807 2.162048101425171
1790642523123383236 2.5516295433044434 -1.4344099760055542 2.1691455841064453
1790642523146785661 2.5534489154815674 -1.4214421510696411 2.1818299293518066
1790642523163349298 2.5561599731445312 -1.4068773984909058 2.20259690284729
1790642523183494030 2.5617146492004395 -1.3914098739624023 2.2268457412719727
1790642523203177978 2.567455768585205 -1.3744409084320068 2.248534679412842
1790642523223376377 2.574192523956299 -1.3590078353881836 2.269514560699463
1790642523247402089 2.580275535583496 -1.343233585357666 2.295044422149658
1790642523265372500 2.5877292156219482 -1.326480746269226 2.3241055011749268
1790642523287385848 2.5922117233276367 -1.3120754957199097 2.3478705883026123
1790642523305472646 2.5972654819488525 -1.295516848564148 2.3707101345062256
1790642523326142263 2.601384401321411 -1.2858387231826782 2.397082567214966
1790642523345411443 2.6061179637908936 -1.2764785289764404 2.424085855484009
1790642523365614290 2.609060049057007 -1.267183780670166 2.4464805126190186
1790642523385778768 2.612290859222412 -1.2518998384475708 2.474505662918091
1790642523405622113 2.613224983215332 -1.2394739389419556 2.495384454727173
1790642523430013824 2.616910934448242 -1.2282447814941406 2.513810157775879
1790642523445724948 2.616924524307251 -1.2215927839279175 2.5289394855499268
1790642523465634248 2.6143229007720947 -1.2185038328170776 2.5395596027374268
1790642523485799270 2.611294746398926 -1.2168784141540527 2.5459420680999756
1790642523505958947 2.6101319789886475 -1.2171306610107422 2.549604892730713
1790642523525796341 2.609438180923462 -1.2172876596450806 2.5553104877471924
1790642523545923953 2.6103334426879883 -1.2210824489593506 2.564711809158325
1790642523565825093 2.615027666091919 -1.2177766561508179 2.5771825313568115
1790642523585901375 2.6200625896453857 -1.2164684534072876 2.589089870452881
1790642523606025531 2.622058629989624 -1.2159379720687866 2.5970914363861084
1790642523634345007 2.631115436553955 -1.210777997970581 2.6013026237487793
1790642523654277251 2.6353445053100586 -1.2096787691116333 2.5972347259521484
1790642523674187031 2.6406891345977783 -1.2082347869873047 2.5907974243164062
1790642523694243313 2.6425833702087402 -1.207653522491455 2.5889763832092285
1790642523714282026 2.6458442211151123 -1.2065399885177612 2.5973455905914307
1790642523734275329 2.6506543159484863 -1.2048348188400269 2.6066935062408447
1790642523754492705 2.6580886840820312 -1.2021204233169556 2.6105682849884033
1790642523774801444 2.665846586227417 -1.19557785987854 2.611621379852295
1790642523794339114 2.6689999103546143 -1.1913787126541138 2.612196683883667
1790642523814752465 2.6695470809936523 -1.1881585121154785 2.61470627784729
1790642523834388699 2.668226957321167 -1.1852749586105347 2.617112398147583
1790642523854507191 2.666771650314331 -1.1859610080718994 2.621880054473877
1790642523874688885 2.6657238006591797 -1.183850884437561 2.6288788318634033
1790642523894714253 2.663869857788086 -1.1820554733276367 2.637017011642456
1790642523914710277 2.663869857788086 -1.1820554733276367 2.6469485759735107
1790642523934663898 2.6629302501678467 -1.1778020858764648 2.6596267223358154
1790642523955041888 2.661633253097534 -1.175672173500061 2.6735870838165283
1790642523976635828 2.6603918075561523 -1.1697609424591064 2.6889138221740723
1790642523997100765 2.656250238418579 -1.1656454801559448 2.7052392959594727
1790642524020708286 2.652707576751709 -1.1643439531326294 2.7205326557159424
1790642524038782636 2.6479671001434326 -1.1627471446990967 2.7320713996887207
1790642524066010006 2.643343210220337 -1.1620639562606812 2.750595808029175
1790642524079071718 2.634831428527832 -1.1641135215759277 2.7727766036987305
1790642524099199778 2.6294500827789307 -1.167782187461853 2.788595199584961
1790642524119002066 2.627542495727539 -1.1691184043884277 2.804421901702881
1790642524139500189 2.625929117202759 -1.1702991724014282 2.8193869590759277
1790642524159113861 2.625929117202759 -1.1702991724014282 2.8344662189483643
1790642524179271395 2.6240010261535645 -1.1679039001464844 2.849316358566284
1790642524199287675 2.621373414993286 -1.1647762060165405 2.8662970066070557
1790642524219430904 2.61997389793396 -1.16170334815979 2.884044647216797
1790642524239461456 2.618359327316284 -1.1587671041488647 2.904564142227173
1790642524267592701 2.6197714805603027 -1.1573783159255981 2.92439341545105
1790642524287285448 2.6205573081970215 -1.1535348892211914 2.9414772987365723
1790642524307461095 2.6230649948120117 -1.150813102722168 2.9527275562286377
1790642524327841356 2.624037265777588 -1.1448308229446411 2.9585132598876953
1790642524347569946 2.6251120567321777 -1.1389869451522827 2.9628689289093018
1790642524370146867 2.625917911529541 -1.133098840713501 2.969667434692383
1790642524390293616 2.627243757247925 -1.1278026103973389 2.973280906677246
1790642524410336297 2.6303348541259766 -1.1235431432724 2.9765515327453613
1790642524431858874 2.6335346698760986 -1.1189907789230347 2.986906051635742
1790642524450437180 2.6375696659088135 -1.1131186485290527 2.9999351501464844
1790642524470388881 2.6429553031921387 -1.1051722764968872 3.010442018508911
1790642524490325990 2.6479079723358154 -1.0978072881698608 3.017345428466797
1790642524511570381 2.6527085304260254 -1.0905795097351074 3.02113676071167
1790642524530426329 2.65556263923645 -1.086193323135376 3.0243828296661377
1790642524550447761 2.656867504119873 -1.084132194519043 3.0276899337768555
1790642524570567309 2.658296823501587 -1.081813931465149 3.032451868057251
1790642524590646536 2.659384250640869 -1.080018401145935 3.036423921585083
1790642524610564380 2.659384250640869 -1.080018401145935 3.03975248336792
1790642524630754843 2.659384250640869 -1.080018401145935 3.042951822280884
1790642524650770323 2.659384250640869 -1.080018401145935 3.0424766540527344
1790642524670784011 2.659384250640869 -1.080018401145935 3.038935899734497
1790642524691182673 2.6587958335876465 -1.0809725522994995 3.0338551998138428
1790642524710832828 2.6587958335876465 -1.0809725522994995 3.030946731567383
1790642524731046619 2.657907247543335 -1.0824722051620483 3.0301566123962402
1790642524750955343 2.657907247543335 -1.0824722051620483 3.029956579208374
1790642524770998248 2.656836748123169 -1.0842995643615723 3.029566764831543
1790642524796313578 2.6499979496002197 -1.0960156917572021 3.014371395111084
1790642524816657038 2.648627281188965 -1.098384976387024 3.014517068862915
1790642524837811185 2.648146390914917 -1.099225401878357 3.021001100540161
1790642524856700159 2.647831439971924 -1.0997849702835083 3.0270538330078125
1790642524876637428 2.6452157497406006 -1.1003109216690063 3.023007869720459
1790642524896920566 2.643268585205078 -1.099260687828064 3.0128726959228516
1790642524918383077 2.6392037868499756 -1.0971342325210571 3.0051796436309814
1790642524936717565 2.6356265544891357 -1.0953260660171509 3.001359224319458
1790642524956676275 2.6323859691619873 -1.0924781560897827 2.997978448867798
1790642524976793551 2.630156993865967 -1.09060537815094 2.993929147720337
1790642524996859849 2.6278231143951416 -1.0895600318908691 2.9983649253845215
1790642525016959140 2.626009702682495 -1.0880905389785767 3.0071113109588623
1790642525036999741 2.626009702682495 -1.0880905389785767 3.0141677856445312
1790642525056979124 2.626009702682495 -1.0880905389785767 3.0141539573669434
1790642525077037773 2.625797748565674 -1.0886657238006592 3.006960391998291
1790642525097073542 2.625797748565674 -1.0886657238006592 3.003486394882202
1790642525117634195 2.626291513442993 -1.0871870517730713 3.004209041595459
1790642525137143256 2.6273298263549805 -1.0839126110076904 3.0075063705444336
1790642525157266420 2.62846040725708 -1.080155849456787 3.0095512866973877
1790642525177243242 2.6295878887176514 -1.0761638879776 3.0077669620513916
1790642525197182976 2.6311726570129395 -1.0701476335525513 3.000098705291748
1790642525217299804 2.6329855918884277 -1.0626423358917236 2.992291212081909
1790642525239223996 2.634244918823242 -1.0569356679916382 2.9919371604919434
1790642525259315991 2.635067939758301 -1.0528779029846191 2.9985578060150146
1790642525283727606 2.6352410316467285 -1.0519722700119019 3.0071022510528564
1790642525303475012 2.6350831985473633 -1.0528247356414795 3.004887104034424
1790642525323496476 2.6350831985473633 -1.0528247356414795 3.017731189727783
1790642525343541333 2.6350831985473633 -1.0528247356414795 3.0406270027160645
1790642525365600859 2.635296583175659 -1.0515700578689575 3.052363395690918
1790642525385587058 2.6385562419891357 -1.049023985862732 3.0483689308166504
1790642525405636651 2.6416900157928467 -1.04579758644104 3.038822889328003
1790642525426025329 2.6459925174713135 -1.043636679649353 3.0319924354553223
1790642525445652475 2.650641441345215 -1.0391706228256226 3.030320882797241
1790642525467812228 2.6541941165924072 -1.0375438928604126 3.029672622680664
1790642525487795419 2.654545783996582 -1.0346381664276123 3.0293772220611572
1790642525507925783 2.654815912246704 -1.0323435068130493 3.027740716934204
1790642525527879405 2.6552886962890625 -1.0282106399536133 3.0288779735565186
1790642525547921318 2.6560921669006348 -1.0208790302276611 3.03381609916687
1790642525570311640 2.657015085220337 -1.0121369361877441 3.0417025089263916
1790642525590204076 2.657978057861328 -1.0027134418487549 3.051382541656494
1790642525610239781 2.658869743347168 -0.9937031269073486 3.064152717590332
1790642525629922864 2.6596970558166504 -0.9853819012641907 3.081173896789551
1790642525650444827 2.660628318786621 -0.9763435125350952 3.0893375873565674
1790642525670286413 2.661633014678955 -0.9670549035072327 3.069962739944458
1790642525690227458 2.6626312732696533 -0.9580696821212769 3.065441846847534
1790642525710639337 2.6635231971740723 -0.950098991394043 3.074760675430298
1790642525730355446 2.6644089221954346 -0.9421967267990112 3.0871100425720215
1790642525757898828 2.666034460067749 -0.9277480244636536 3.096712112426758
1790642525770293250 2.6670327186584473 -0.9193673133850098 3.096832036972046
1790642525793093700 2.6676461696624756 -0.9145703315734863 3.0880067348480225
1790642525813640528 2.6681950092315674 -0.9102756977081299 3.0596888065338135
1790642525833013584 2.6687042713165283 -0.9060720801353455 3.0316953659057617
1790642525853230736 2.6697592735290527 -0.8969020843505859 3.027925491333008
1790642525873178501 2.670969247817993 -0.8867465853691101 3.032640218734741
1790642525893462791 2.672586441040039 -0.8742527961730957 3.031679153442383
1790642525922087270 2.6737782955169678 -0.8655701279640198 3.029165029525757
1790642525940805165 2.6758124828338623 -0.8513349294662476 3.0254437923431396
1790642525966397657 2.676914691925049 -0.8439254760742188 3.0251524448394775
1790642525981085927 2.681304693222046 -0.8340065479278564 3.0307631492614746
1790642526000729328 2.6861698627471924 -0.8243007659912109 3.0396177768707275
1790642526023130211 2.69075870513916 -0.8119320273399353 3.0506937503814697
1790642526043044183 2.691631555557251 -0.8051196932792664 3.0562186241149902
1790642526062906057 2.690762519836426 -0.8115354776382446 3.052903413772583
1790642526083097544 2.6844289302825928 -0.8137252330780029 3.047389030456543
1790642526103413772 2.680021047592163 -0.8131158351898193 3.046800136566162
1790642526125445648 2.679810047149658 -0.8146792650222778 3.0521066188812256
1790642526145211391 2.679556131362915 -0.8165922164916992 3.0568487644195557
1790642526165184501 2.6748833656311035 -0.8179243206977844 3.0564892292022705
1790642526185411029 2.6660728454589844 -0.8189863562583923 3.050882339477539
1790642526205317609 2.6602165699005127 -0.8204758167266846 3.044861316680908
1790642526225458950 2.6585335731506348 -0.8169840574264526 3.0426712036132812
1790642526245342777 2.654444694519043 -0.810464084148407 3.0430908203125
1790642526265455253 2.651982069015503 -0.803884744644165 3.046672821044922
1790642526285642323 2.648834466934204 -0.8034517765045166 3.051980495452881
1790642526305527302 2.645263910293579 -0.8054555654525757 3.0572080612182617
1790642526325776199 2.6428909301757812 -0.8074971437454224 3.059537410736084
1790642526345661722 2.642824649810791 -0.8082368969917297 3.0569732189178467
1790642526365590863 2.646996259689331 -0.808009922504425 3.0513720512390137
1790642526385534629 2.6499345302581787 -0.8112456202507019 3.0507712364196777
1790642526408372936 2.651721954345703 -0.8144713640213013 3.0530824661254883
1790642526426368115 2.6537346839904785 -0.8184807896614075 3.0570056438446045
1790642526445825142 2.6574723720550537 -0.8222121000289917 3.04264760017395
1790642526469728258 2.6604747772216797 -0.8240901827812195 3.0335323810577393
1790642526490767296 2.6639792919158936 -0.8244909048080444 3.0441391468048096
1790642526509730609 2.669069766998291 -0.8216260671615601 3.0623276233673096
1790642526529850125 2.669642448425293 -0.8163331747055054 3.0704843997955322
1790642526550034891 2.670008897781372 -0.8126763105392456 3.0716397762298584
1790642526570115558 2.6767685413360596 -0.8099181056022644 3.0718636512756348
1790642526590134238 2.680574655532837 -0.8088594079017639 3.0722286701202393
1790642526610187223 2.6874494552612305 -0.8134364485740662 3.0701918601989746
1790642526630215888 2.6959362030029297 -0.8184062838554382 3.065643310546875
1790642526650075938 2.700343370437622 -0.820374071598053 3.0597891807556152
1790642526670191806 2.700448989868164 -0.8189896941184998 3.0541324615478516
1790642526690621605 2.700273275375366 -0.8216146230697632 3.0464463233947754
1790642526710175852 2.702418565750122 -0.8241649866104126 3.0570597648620605
1790642526730272199 2.707057476043701 -0.8258028626441956 3.071213483810425
1790642526750325281 2.7138681411743164 -0.8276392817497253 3.0669138431549072
1790642526770355033 2.720555067062378 -0.829240083694458 3.0439672470092773
1790642526790321807 2.7321619987487793 -0.8310836553573608 3.0298144817352295
1790642526810480749 2.7412829399108887 -0.8320900797843933 3.027414083480835
1790642526830588424 2.7522733211517334 -0.8318092226982117 3.029816150665283
1790642526850609889 2.758328437805176 -0.8385599255561829 3.032496690750122
1790642526870472595 2.764338493347168 -0.8447369337081909 3.0398812294006348
1790642526890839512 2.772891044616699 -0.8479071259498596 3.055629253387451
1790642526910768269 2.78039813041687 -0.8450926542282104 3.0723483562469482
1790642526930645056 2.782991409301758 -0.8427122831344604 3.0703229904174805
1790642526950656696 2.7876064777374268 -0.841410756111145 3.055933952331543
1790642526970717905 2.7939441204071045 -0.8421160578727722 3.0544934272766113
1790642526990879855 2.8041234016418457 -0.8431577086448669 3.0684871673583984
1790642527011110767 2.8118042945861816 -0.842875599861145 3.0794270038604736
1790642527031084902 2.819709539413452 -0.8435521125793457 3.0828299522399902
1790642527051115518 2.8261563777923584 -0.8433437943458557 3.0824532508850098
1790642527070956240 2.8340096473693848 -0.8430737257003784 3.080441951751709
1790642527091079244 2.847421407699585 -0.8443488478660583 3.0792033672332764
1790642527111061923 2.8577184677124023 -0.8427333235740662 3.0753352642059326
1790642527131024281 2.866802453994751 -0.8369449377059937 3.068950653076172
1790642527151149941 2.8745808601379395 -0.8351783752441406 3.0640618801116943
1790642527171218511 2.8827645778656006 -0.8366016149520874 3.061052083969116
1790642527191249064 2.887876272201538 -0.8391253352165222 3.0618655681610107
1790642527211382500 2.887876272201538 -0.8391253352165222 3.0627994537353516
1790642527231114417 2.8883097171783447 -0.8347395062446594 3.0621752738952637
1790642527252577216 2.8836135864257812 -0.8303604125976562 3.061492681503296
1790642527271369002 2.8841235637664795 -0.8246844410896301 3.0628857612609863
1790642527291443268 2.88454270362854 -0.819729745388031 3.0664851665496826
1790642527311462300 2.8851797580718994 -0.8119824528694153 3.0688703060150146
1790642527333659975 2.8821640014648438 -0.816015899181366 3.0701358318328857
1790642527353715649 2.881763219833374 -0.8204447627067566 3.070551872253418
1790642527373514865 2.8865418434143066 -0.8216940760612488 3.0724287033081055
1790642527394076446 2.891021966934204 -0.8228390216827393 3.0736944675445557
1790642527413879374 2.895707607269287 -0.825129508972168 3.0735626220703125
1790642527433588474 2.899841070175171 -0.8255398273468018 3.074139356613159
1790642527454240842 2.899958372116089 -0.8244583606719971 3.076045274734497
1790642527473733198 2.8996899127960205 -0.827204167842865 3.0772273540496826
1790642527493966319 2.901710033416748 -0.8302903771400452 3.0768845081329346
1790642527513978311 2.901710033416748 -0.8302903771400452 3.0763957500457764
1790642527533901371 2.901948928833008 -0.8268810510635376 3.0772106647491455
1790642527554026615 2.9048571586608887 -0.8256356120109558 3.078643560409546
1790642527574192565 2.9050047397613525 -0.8235113024711609 3.079810619354248
1790642527593964356 2.907644033432007 -0.8265921473503113 3.080685615539551
1790642527618582347 2.907590389251709 -0.8272971510887146 3.081895351409912
1790642527637042856 2.9073848724365234 -0.8298029899597168 3.0829269886016846
1790642527656697490 2.907024383544922 -0.8339129090309143 3.083427667617798
1790642527676769452 2.903792142868042 -0.8326553702354431 3.082973003387451
1790642527696874856 2.9035983085632324 -0.8349432349205017 3.0823848247528076
1790642527716958402 2.9035983085632324 -0.8349432349205017 3.082443952560425
1790642527737067006 2.9035258293151855 -0.8359133005142212 3.0837512016296387
1790642527757153337 2.9035258293151855 -0.8359133005142212 3.084207773208618
1790642527776981737 2.9035258293151855 -0.8359133005142212 3.0831360816955566
1790642527797025379 2.903697967529297 -0.8344111442565918 3.0826416015625
1790642527817511084 2.9035468101501465 -0.8357579708099365 3.083138942718506
1790642527837090868 2.9033987522125244 -0.8371093273162842 3.083343744277954
1790642527857451449 2.9033987522125244 -0.8371093273162842 3.083608388900757
1790642527878579579 2.9033987522125244 -0.8371093273162842 3.0845680236816406
1790642527898708984 2.9033334255218506 -0.8380529284477234 3.0859837532043457
1790642527918825524 2.9032814502716064 -0.83878093957901 3.0869522094726562
1790642527938745768 2.9032068252563477 -0.8396486043930054 3.087284564971924
1790642527959182864 2.9032068252563477 -0.8396486043930054 3.0871291160583496
1790642527978894269 2.9032068252563477 -0.8396486043930054 3.087090492248535
1790642527998928981 2.9032068252563477 -0.8396486043930054 3.087406635284424
1790642528019065554 2.903165578842163 -0.840351939201355 3.087834119796753
1790642528038932548 2.903165578842163 -0.840351939201355 3.088313102722168
1790642528059487089 2.903165578842163 -0.840351939201355 3.0886433124542236
1790642528079061144 2.903165578842163 -0.840351939201355 3.0889766216278076
1790642528099164180 2.903165578842163 -0.840351939201355 3.089477777481079
1790642528119419701 2.903116464614868 -0.8410257697105408 3.090557098388672
1790642528139170243 2.903116464614868 -0.8410257697105408 3.092064142227173
1790642528159133497 2.903116464614868 -0.8410257697105408 3.092677116394043
1790642528179127856 2.903116464614868 -0.8410257697105408 3.0924880504608154
1790642528199265325 2.903116464614868 -0.8410257697105408 3.0927975177764893
1790642528222640420 2.903116464614868 -0.8410257697105408 3.093313217163086
1790642528239506213 2.903116464614868 -0.8410257697105408 3.093212127685547
1790642528259392824 2.903116464614868 -0.8410257697105408 3.0930070877075195
1790642528279538293 2.903116464614868 -0.8410257697105408 3.0932083129882812
1790642528299471690 2.903116464614868 -0.8410257697105408 3.0935535430908203
1790642528320718513 2.903116464614868 -0.8410257697105408 3.0936696529388428
1790642528339680705 2.903116464614868 -0.8410257697105408 3.093672752380371
1790642528360225293 2.903116464614868 -0.8410257697105408 3.0938479900360107
1790642528380753112 2.903116464614868 -0.8410257697105408 3.0941686630249023
1790642528399749674 2.903116464614868 -0.8410257697105408 3.0945613384246826
1790642528419713920 2.903116464614868 -0.8410257697105408 3.0953049659729004
1790642528439803035 2.903116464614868 -0.8410257697105408 3.095855474472046
1790642528459660237 2.903116464614868 -0.8410257697105408 3.0961267948150635
1790642528491838546 2.903116464614868 -0.8410257697105408 3.0974199771881104
1790642528511840618 2.903116464614868 -0.8410257697105408 3.098480224609375
1790642528531817537 2.903116464614868 -0.8410257697105408 3.099330425262451
1790642528551968510 2.903116464614868 -0.8410257697105408 3.100205421447754
1790642528571974229 2.903116464614868 -0.8410257697105408 3.1008670330047607
1790642528592152884 2.903116464614868 -0.8410257697105408 3.1006386280059814
1790642528611890849 2.903116464614868 -0.8410257697105408 3.1002659797668457
1790642528632102305 2.903116464614868 -0.8410257697105408 3.100249767303467
1790642528652244350 2.903116464614868 -0.8410257697105408 3.100778818130493
1790642528672090703 2.903116464614868 -0.8410257697105408 3.1017284393310547
1790642528692008003 2.903116464614868 -0.8410257697105408 3.102689504623413
1790642528712171457 2.903116464614868 -0.8410257697105408 3.1033284664154053
1790642528732093206 2.903116464614868 -0.8410257697105408 3.1032609939575195
1790642528752333206 2.903116464614868 -0.8410257697105408 3.103105068206787
1790642528772412273 2.903116464614868 -0.8410257697105408 3.103381633758545
1790642528792283715 2.903116464614868 -0.8410257697105408 3.1038053035736084
1790642528812367134 2.903116464614868 -0.8410257697105408 3.1041455268859863
1790642528832347061 2.903116464614868 -0.8410257697105408 3.1041975021362305
1790642528854313207 2.903116464614868 -0.8410257697105408 3.104489803314209
1790642528872427654 2.903116464614868 -0.8410257697105408 3.104884386062622
1790642528892680648 2.903116464614868 -0.8410257697105408 3.1050851345062256
1790642528912659646 2.903116464614868 -0.8410257697105408 3.1052467823028564
1790642528932604468 2.903116464614868 -0.8410257697105408 3.1053929328918457
1790642528952723247 2.903116464614868 -0.8410257697105408 3.1058826446533203
1790642528972745512 2.903116464614868 -0.8410257697105408 3.106414318084717
1790642528992680797 2.903116464614868 -0.8410257697105408 3.106717824935913
1790642529013147462 2.903116464614868 -0.8410257697105408 3.10733962059021
1790642529032927765 2.903116464614868 -0.8410257697105408 3.1083338260650635
1790642529052931373 2.903116464614868 -0.8410257697105408 3.1091690063476562
1790642529072903075 2.903116464614868 -0.8410257697105408 3.1093015670776367
1790642529092910171 2.903116464614868 -0.8410257697105408 3.108992099761963
1790642529112884209 2.903116464614868 -0.8410257697105408 3.10908579826355
1790642529132903657 2.903116464614868 -0.8410257697105408 3.1094157695770264
1790642529152986468 2.903116464614868 -0.8410257697105408 3.109783172607422
1790642529173215844 2.903116464614868 -0.8410257697105408 3.1102917194366455
1790642529193191611 2.903116464614868 -0.8410257697105408 3.110621213912964
1790642529213103503 2.903116464614868 -0.8410257697105408 3.1109700202941895
1790642529233295278 2.903116464614868 -0.8410257697105408 3.1117630004882812
1790642529253357383 2.903116464614868 -0.8410257697105408 3.112720489501953
1790642529273401345 2.903116464614868 -0.8410257697105408 3.113539457321167
1790642529293383319 2.903116464614868 -0.8410257697105408 3.1142427921295166
1790642529313393519 2.903116464614868 -0.8410257697105408 3.114644765853882
1790642529333386662 2.903116464614868 -0.8410257697105408 3.1145880222320557
1790642529353710602 2.903116464614868 -0.8410257697105408 3.1144394874572754
1790642529378704895 2.903116464614868 -0.8410257697105408 3.114283323287964
1790642529395690692 2.903116464614868 -0.8410257697105408 3.114305257797241
1790642529415845826 2.903116464614868 -0.8410257697105408 3.1144583225250244
1790642529435581295 2.903116464614868 -0.8410257697105408 3.1146461963653564
1790642529455517284 2.903116464614868 -0.8410257697105408 3.114894390106201
1790642529475920811 2.903116464614868 -0.8410257697105408 3.115196943283081
1790642529495717626 2.903116464614868 -0.8410257697105408 3.11557674407959
1790642529515781076 2.903116464614868 -0.8410257697105408 3.1157140731811523
1790642529535772331 2.903116464614868 -0.8410257697105408 3.115831136703491
1790642529555841221 2.903116464614868 -0.8410257697105408 3.116191864013672
1790642529575912992 2.903116464614868 -0.8410257697105408 3.1163711547851562
1790642529595887094 2.903116464614868 -0.8410257697105408 3.116593360900879
1790642529616273020 2.903116464614868 -0.8410257697105408 3.1168792247772217
1790642529636086669 2.903116464614868 -0.8410257697105408 3.117091417312622
1790642529658801611 2.903116464614868 -0.8410257697105408 3.11696457862854
1790642529676150462 2.903116464614868 -0.8410257697105408 3.1171646118164062
1790642529696299547 2.903116464614868 -0.8410257697105408 3.117398262023926
1790642529716227280 2.903116464614868 -0.8410257697105408 3.117633104324341
1790642529736311402 2.903116464614868 -0.8410257697105408 3.118025302886963
1790642529756177117 2.903116464614868 -0.8410257697105408 3.118623971939087
1790642529776333850 2.903116464614868 -0.8410257697105408 3.118978977203369
1790642529796384244 2.903116464614868 -0.8410257697105408 3.118896484375
1790642529816372971 2.903116464614868 -0.8410257697105408 3.1188526153564453
1790642529836456645 2.903116464614868 -0.8410257697105408 3.1185824871063232
1790642529856534912 2.903116464614868 -0.8410257697105408 3.1185927391052246
1790642529876423283 2.903116464614868 -0.8410257697105408 3.118760585784912
1790642529896683764 2.903116464614868 -0.8410257697105408 3.1188244819641113
1790642529916569127 2.903116464614868 -0.8410257697105408 3.1188530921936035
1790642529936706596 2.903116464614868 -0.8410257697105408 3.1187963485717773
1790642529956717852 2.903116464614868 -0.8410257697105408 3.118717670440674
1790642529976662801 2.903116464614868 -0.8410257697105408 3.1187191009521484
1790642529996791854 2.903116464614868 -0.8410257697105408 3.1187021732330322
1790642530016877832 2.903116464614868 -0.8410257697105408 3.1186904907226562
1790642530037322289 2.903116464614868 -0.8410257697105408 3.1186888217926025
1790642530060446655 2.903116464614868 -0.8410257697105408 3.1186723709106445
1790642530077041141 2.903116464614868 -0.8410257697105408 3.118626356124878
1790642530096996459 2.903116464614868 -0.8410257697105408 3.118677854537964
1790642530117175305 2.903116464614868 -0.8410257697105408 3.118631601333618
1790642530137077821 2.903116464614868 -0.8410257697105408 3.118631601333618
1790642530157079316 2.903116464614868 -0.8410257697105408 3.1187925338745117
1790642530177111405 2.903116464614868 -0.8410257697105408 3.1187918186187744
1790642530197256778 2.903116464614868 -0.8410257697105408 3.118777275085449
1790642530217233568 2.903116464614868 -0.8410257697105408 3.1188366413116455
1790642530237191382 2.903116464614868 -0.8410257697105408 3.1188764572143555
1790642530257921481 2.903116464614868 -0.8410257697105408 3.1189801692962646
1790642530278356433 2.903116464614868 -0.8410257697105408 3.1192610263824463
1790642530298509647 2.903116464614868 -0.8410257697105408 3.1193485260009766
1790642530317345210 2.903116464614868 -0.8410257697105408 3.119306802749634
1790642530337349873 2.903116464614868 -0.8410257697105408 3.119208812713623
1790642530357689942 2.903116464614868 -0.8410257697105408 3.1191182136535645
1790642530378838681 2.903116464614868 -0.8410257697105408 3.1192495822906494
1790642530402492891 2.903116464614868 -0.8410257697105408 3.1192941665649414
1790642530417815329 2.903116464614868 -0.8410257697105408 3.1192069053649902
1790642530437711700 2.903116464614868 -0.8410257697105408 3.119225025177002
1790642530457672330 2.903116464614868 -0.8410257697105408 3.11922025680542
1790642530477602783 2.903116464614868 -0.8410257697105408 3.119189500808716
1790642530497734076 2.903116464614868 -0.8410257697105408 3.119215488433838
1790642530518059391 2.903116464614868 -0.8410257697105408 3.1191599369049072
1790642530539425163 2.903116464614868 -0.8410257697105408 3.1191470623016357
1790642530562608411 2.903116464614868 -0.8410257697105408 3.1192145347595215
1790642530583094949 2.903116464614868 -0.8410257697105408 3.1192896366119385
1790642530602578889 2.903116464614868 -0.8410257697105408 3.1193599700927734
1790642530623436097 2.903116464614868 -0.8410257697105408 3.1194162368774414
1790642530645302303 2.903116464614868 -0.8410257697105408 3.1194751262664795
1790642530663105635 2.903116464614868 -0.8410257697105408 3.119521141052246
1790642530683118587 2.903116464614868 -0.8410257697105408 3.119542121887207
1790642530702711651 2.903116464614868 -0.8410257697105408 3.119542360305786
1790642530723144875 2.903116464614868 -0.8410257697105408 3.119570016860962
1790642530742766452 2.903116464614868 -0.8410257697105408 3.119598388671875
1790642530762781388 2.903116464614868 -0.8410257697105408 3.1196234226226807
1790642530783063342 2.903116464614868 -0.8410257697105408 3.119636058807373
1790642530803026500 2.903116464614868 -0.8410257697105408 3.119588851928711
1790642530822904375 2.903116464614868 -0.8410257697105408 3.119536876678467
1790642530843176889 2.903116464614868 -0.8410257697105408 3.119556427001953
1790642530863065516 2.903116464614868 -0.8410257697105408 3.1195461750030518
1790642530883220778 2.903116464614868 -0.8410257697105408 3.119720458984375
1790642530903106749 2.903116464614868 -0.8410257697105408 3.12005615234375
1790642530923285371 2.903116464614868 -0.8410257697105408 3.12033748626709
1790642530943189615 2.903116464614868 -0.8410257697105408 3.1202971935272217
1790642530963333708 2.903116464614868 -0.8410257697105408 3.120229482650757
1790642530983440007 2.903116464614868 -0.8410257697105408 3.1202750205993652
1790642531003260568 2.903116464614868 -0.8410257697105408 3.120206832885742
1790642531023394228 2.903116464614868 -0.8410257697105408 3.1202101707458496
1790642531044468021 2.903116464614868 -0.8410257697105408 3.1204018592834473
1790642531063495207 2.903116464614868 -0.8410257697105408 3.1206700801849365
1790642531083497983 2.903116464614868 -0.8410257697105408 3.120955228805542
1790642531103466741 2.903116464614868 -0.8410257697105408 3.1212007999420166
1790642531123922462 2.903116464614868 -0.8410257697105408 3.121455430984497
1790642531143617770 2.903116464614868 -0.8410257697105408 3.1217856407165527
1790642531163695236 2.903116464614868 -0.8410257697105408 3.1219675540924072
1790642531183807776 2.903116464614868 -0.8410257697105408 3.1220507621765137
1790642531203729268 2.903116464614868 -0.8410257697105408 3.1222035884857178
1790642531223809935 2.903116464614868 -0.8410257697105408 3.1223127841949463
1790642531243853576 2.903116464614868 -0.8410257697105408 3.122323513031006
1790642531263967236 2.903116464614868 -0.8410257697105408 3.1222984790802
1790642531283918905 2.903116464614868 -0.8410257697105408 3.122469186782837
1790642531307601469 2.903116464614868 -0.8410257697105408 3.1229164600372314
1790642531327399852 2.903116464614868 -0.8410257697105408 3.1230099201202393
1790642531347880950 2.903116464614868 -0.8410257697105408 3.123040199279785
1790642531367527040 2.903116464614868 -0.8410257697105408 3.123004674911499
1790642531387597370 2.903116464614868 -0.8410257697105408 3.1230478286743164
1790642531407597010 2.903116464614868 -0.8410257697105408 3.1230788230895996
1790642531431790696 2.903116464614868 -0.8410257697105408 3.1230335235595703
1790642531451800128 2.903116464614868 -0.8410257697105408 3.122987747192383
1790642531471628593 2.903116464614868 -0.8410257697105408 3.1230058670043945
1790642531491865618 2.903116464614868 -0.8410257697105408 3.123018264770508
1790642531511946732 2.903116464614868 -0.8410257697105408 3.123122215270996
1790642531531658169 2.903116464614868 -0.8410257697105408 3.123192548751831
1790642531551953691 2.903116464614868 -0.8410257697105408 3.1232197284698486
1790642531571882800 2.903116464614868 -0.8410257697105408 3.1233971118927
1790642531591947178 2.903116464614868 -0.8410257697105408 3.123570442199707
1790642531611794844 2.903116464614868 -0.8410257697105408 3.1235036849975586
1790642531631846549 2.903116464614868 -0.8410257697105408 3.1234049797058105
1790642531652233051 2.903116464614868 -0.8410257697105408 3.123453140258789
1790642531672018474 2.903116464614868 -0.8410257697105408 3.1234993934631348
1790642531692369327 2.903116464614868 -0.8410257697105408 3.123514413833618
1790642531712178143 2.903116464614868 -0.8410257697105408 3.1234946250915527
1790642531732153750 2.903116464614868 -0.8410257697105408 3.1235063076019287
1790642531756964932 2.903116464614868 -0.8410257697105408 3.1234378814697266
1790642531772401838 2.903116464614868 -0.8410257697105408 3.1235320568084717
1790642531792752755 2.903116464614868 -0.8410257697105408 3.1236817836761475
1790642531812771467 2.903116464614868 -0.8410257697105408 3.123922109603882
1790642531832680031 2.903116464614868 -0.8410257697105408 3.124584436416626
1790642531852577363 2.903116464614868 -0.8410257697105408 3.124499797821045
1790642531874440625 2.903116464614868 -0.8410257697105408 3.1241443157196045
1790642531892736136 2.903116464614868 -0.8410257697105408 3.124070405960083
1790642531912958696 2.903116464614868 -0.8410257697105408 3.124095916748047
1790642531932694901 2.903116464614868 -0.8410257697105408 3.1241252422332764
1790642531953020793 2.903116464614868 -0.8410257697105408 3.1242666244506836
1790642531972684131 2.903116464614868 -0.8410257697105408 3.124418258666992
1790642531992690043 2.903116464614868 -0.8410257697105408 3.1244637966156006
1790642532012926108 2.903116464614868 -0.8410257697105408 3.1246440410614014
1790642532032837264 2.903116464614868 -0.8410257697105408 3.1249454021453857
1790642532052946315 2.903116464614868 -0.8410257697105408 3.1251752376556396
1790642532072894593 2.903116464614868 -0.8410257697105408 3.1254799365997314
1790642532093074559 2.903116464614868 -0.8410257697105408 3.125575065612793
1790642532113148633 2.903116464614868 -0.8410257697105408 3.1254446506500244
1790642532135140220 2.903116464614868 -0.8410257697105408 3.125669240951538
1790642532155229591 2.903116464614868 -0.8410257697105408 3.125765800476074
1790642532175037703 2.903116464614868 -0.8410257697105408 3.12579345703125
1790642532195251111 2.903116464614868 -0.8410257697105408 3.1259636878967285
1790642532215518601 2.903116464614868 -0.8410257697105408 3.126020908355713
1790642532235287159 2.903116464614868 -0.8410257697105408 3.1260156631469727
1790642532255467381 2.903116464614868 -0.8410257697105408 3.1260619163513184
1790642532275250501 2.903116464614868 -0.8410257697105408 3.126079559326172
1790642532297314315 2.903116464614868 -0.8410257697105408 3.1260504722595215
1790642532318137793 2.903116464614868 -0.8410257697105408 3.126030206680298
1790642532337339162 2.903116464614868 -0.8410257697105408 3.1259963512420654
1790642532357547290 2.903116464614868 -0.8410257697105408 3.1259467601776123
1790642532377364490 2.903116464614868 -0.8410257697105408 3.125890016555786
1790642532405135721 2.903116464614868 -0.8410257697105408 3.1258625984191895
1790642532418310077 2.903116464614868 -0.8410257697105408 3.1258718967437744
1790642532437672636 2.903116464614868 -0.8410257697105408 3.1259078979492188
1790642532457833018 2.903116464614868 -0.8410257697105408 3.1259689331054688
1790642532477720557 2.903116464614868 -0.8410257697105408 3.126018524169922
1790642532497628417 2.903116464614868 -0.8410257697105408 3.1260645389556885
1790642532517644569 2.903116464614868 -0.8410257697105408 3.1261017322540283
1790642532537857849 2.903116464614868 -0.8410257697105408 3.126126527786255
1790642532558076792 2.903116464614868 -0.8410257697105408 3.1261157989501953
1790642532578916496 2.903116464614868 -0.8410257697105408 3.1261239051818848
1790642532600382463 2.903116464614868 -0.8410257697105408 3.1261794567108154
1790642532620107628 2.903116464614868 -0.8410257697105408 3.126197338104248
1790642532641259023 2.903116464614868 -0.8410257697105408 3.126169204711914
1790642532660007383 2.903116464614868 -0.8410257697105408 3.1261768341064453
1790642532680041680 2.903116464614868 -0.8410257697105408 3.126169204711914
1790642532700304145 2.903116464614868 -0.8410257697105408 3.1261677742004395
1790642532720351338 2.903116464614868 -0.8410257697105408 3.126218795776367
1790642532740337217 2.903116464614868 -0.8410257697105408 3.1261796951293945
1790642532762325348 2.903116464614868 -0.8410257697105408 3.1260619163513184
1790642532784408747 2.903116464614868 -0.8410257697105408 3.1259870529174805
1790642532804481253 2.903116464614868 -0.8410257697105408 3.1260793209075928
1790642532824708293 2.903116464614868 -0.8410257697105408 3.126275062561035
1790642532844483508 2.903116464614868 -0.8410257697105408 3.1262738704681396
1790642532864417449 2.903116464614868 -0.8410257697105408 3.126431465148926
1790642532884528517 2.903116464614868 -0.8410257697105408 3.1264405250549316
1790642532904447225 2.903116464614868 -0.8410257697105408 3.126223087310791
1790642532927384768 2.903116464614868 -0.8410257697105408 3.125955581665039
1790642532947134638 2.903116464614868 -0.8410257697105408 3.1257243156433105
1790642532967365582 2.903116464614868 -0.8410257697105408 3.125633955001831
1790642532987393639 2.903116464614868 -0.8410257697105408 3.125751256942749
1790642533007354749 2.903116464614868 -0.8410257697105408 3.1258456707000732
1790642533029322495 2.903116464614868 -0.8410257697105408 3.1257145404815674
1790642533048823619 2.903116464614868 -0.8410257697105408 3.1257057189941406
1790642533068815899 2.903116464614868 -0.8410257697105408 3.1258440017700195
1790642533095031646 2.903116464614868 -0.8410257697105408 3.1261634826660156
1790642533115236893 2.903116464614868 -0.8410257697105408 3.1262624263763428
1790642533134902920 2.903116464614868 -0.8410257697105408 3.1262662410736084
1790642533154936353 2.903116464614868 -0.8410257697105408 3.1263034343719482
1790642533175027676 2.903116464614868 -0.8410257697105408 3.1262853145599365
1790642533197216934 2.903116464614868 -0.8410257697105408 3.1262800693511963
1790642533217639054 2.903116464614868 -0.8410257697105408 3.1263341903686523
1790642533237368219 2.903116464614868 -0.8410257697105408 3.1263480186462402
1790642533257360050 2.903116464614868 -0.8410257697105408 3.126366138458252
1790642533277323464 2.903116464614868 -0.8410257697105408 3.1263842582702637
1790642533300667359 2.903116464614868 -0.8410257697105408 3.126376152038574
1790642533317645059 2.903116464614868 -0.8410257697105408 3.1263225078582764
1790642533337307374 2.903116464614868 -0.8410257697105408 3.1261394023895264
1790642533357680083 2.903116464614868 -0.8410257697105408 3.126265287399292
1790642533377666058 2.903116464614868 -0.8410257697105408 3.126298666000366
1790642533399207196 2.903116464614868 -0.8410257697105408 3.1260275840759277
1790642533417532244 2.903116464614868 -0.8410257697105408 3.125699281692505
1790642533437433224 2.903116464614868 -0.8410257697105408 3.1254117488861084
1790642533457652776 2.903116464614868 -0.8410257697105408 3.125404119491577
1790642533477791012 2.903116464614868 -0.8410257697105408 3.125697612762451
1790642533497702776 2.903116464614868 -0.8410257697105408 3.125859260559082
1790642533517895511 2.903116464614868 -0.8410257697105408 3.125901460647583
1790642533537655878 2.903116464614868 -0.8410257697105408 3.12589693069458
1790642533557839908 2.903116464614868 -0.8410257697105408 3.125918388366699
1790642533577773369 2.903116464614868 -0.8410257697105408 3.1261115074157715
1790642533597925974 2.903116464614868 -0.8410257697105408 3.126347303390503
1790642533620003805 2.903116464614868 -0.8410257697105408 3.126397132873535
1790642533640004276 2.903116464614868 -0.8410257697105408 3.1262528896331787
1790642533659906408 2.903116464614868 -0.8410257697105408 3.1262004375457764
1790642533680086086 2.903116464614868 -0.8410257697105408 3.126080274581909
1790642533699919319 2.903116464614868 -0.8410257697105408 3.125901222229004
1790642533720081877 2.903116464614868 -0.8410257697105408 3.126142740249634
1790642533740168752 2.903116464614868 -0.8410257697105408 3.1265223026275635
1790642533761047080 2.903116464614868 -0.8410257697105408 3.1265482902526855
1790642533780381799 2.903116464614868 -0.8410257697105408 3.1263997554779053
1790642533800621287 2.903116464614868 -0.8410257697105408 3.126401662826538
1790642533820599454 2.903116464614868 -0.8410257697105408 3.1264469623565674
1790642533840358796 2.903116464614868 -0.8410257697105408 3.1265647411346436
1790642533864436350 2.903116464614868 -0.8410257697105408 3.126817226409912
1790642533887041401 2.903116464614868 -0.8410257697105408 3.1269516944885254
1790642533909372457 2.903116464614868 -0.8410257697105408 3.1269750595092773
1790642533929326014 2.903116464614868 -0.8410257697105408 3.1269633769989014
1790642533949064908 2.903116464614868 -0.8410257697105408 3.1268577575683594
1790642533969147686 2.903116464614868 -0.8410257697105408 3.1267025470733643
1790642533989358822 2.903116464614868 -0.8410257697105408 3.1266257762908936
1790642534009284731 2.903116464614868 -0.8410257697105408 3.126655101776123
1790642534029421879 2.903116464614868 -0.8410257697105408 3.12673282623291
1790642534049440847 2.903116464614868 -0.8410257697105408 3.1266050338745117
1790642534069337795 2.903116464614868 -0.8410257697105408 3.1263411045074463
1790642534089381404 2.903116464614868 -0.8410257697105408 3.1263046264648438
1790642534109722208 2.903116464614868 -0.8410257697105408 3.12636661529541
1790642534129683606 2.903116464614868 -0.8410257697105408 3.12610125541687
1790642534149793042 2.903116464614868 -0.8410257697105408 3.126293420791626
1790642534169864780 2.903116464614868 -0.8410257697105408 3.1257479190826416
1790642534190457562 2.903116464614868 -0.8410257697105408 3.125392198562622
1790642534209621522 2.903116464614868 -0.8410257697105408 3.1252596378326416
1790642534229837330 2.903116464614868 -0.8410257697105408 3.1254138946533203
1790642534251932569 2.903116464614868 -0.8410257697105408 3.1260721683502197
1790642534269923012 2.903116464614868 -0.8410257697105408 3.1267611980438232
1790642534293458305 2.903116464614868 -0.8410257697105408 3.125614643096924
1790642534313436440 2.903116464614868 -0.8410257697105408 3.1252036094665527
1790642534333561236 2.903116464614868 -0.8410257697105408 3.123690128326416
1790642534353517482 2.903116464614868 -0.8410257697105408 3.1212010383605957
1790642534373823981 2.903116464614868 -0.8410257697105408 3.1181726455688477
1790642534393649150 2.903116464614868 -0.8410257697105408 3.116083860397339
1790642534413586547 2.903116464614868 -0.8410257697105408 3.114455461502075
1790642534433605963 2.903116464614868 -0.8410257697105408 3.113156795501709
1790642534455571405 2.903116464614868 -0.8410257697105408 3.111781120300293
1790642534475807342 2.903116464614868 -0.8410257697105408 3.1103971004486084
1790642534495885416 2.903116464614868 -0.8410257697105408 3.108693838119507
1790642534516036869 2.903116464614868 -0.8410257697105408 3.1064841747283936
1790642534535780947 2.903116464614868 -0.8410257697105408 3.103844404220581
1790642534556385121 2.903116464614868 -0.8410257697105408 3.1012074947357178
1790642534575906823 2.903116464614868 -0.8410257697105408 3.0999364852905273
1790642534596014018 2.903116464614868 -0.8410257697105408 3.0986881256103516
1790642534616111133 2.903116464614868 -0.8410257697105408 3.0973916053771973
1790642534639948775 2.901001453399658 -0.8409932255744934 3.096327781677246
1790642534660083651 2.901001453399658 -0.8409932255744934 3.09478759765625
1790642534680852696 2.901001453399658 -0.8409932255744934 3.0911097526550293
1790642534700403230 2.901001453399658 -0.8409932255744934 3.0837008953094482
1790642534727124917 2.898725748062134 -0.8409589529037476 3.0723228454589844
1790642534740594452 2.896123170852661 -0.8409197926521301 3.0618319511413574
1790642534771118043 2.8933091163635254 -0.8408769965171814 3.057805299758911
1790642534787139068 2.8899948596954346 -0.840826690196991 3.059906482696533
1790642534861702411 2.8752028942108154 -0.8406062126159668 3.074481964111328
1790642534881911979 2.871802568435669 -0.8405565023422241 3.0801315307617188
1790642534906488784 2.8682873249053955 -0.840505063533783 3.085578203201294
1790642534919133968 2.864506244659424 -0.840449333190918 3.088404417037964
1790642534939228203 2.860429048538208 -0.8403886556625366 3.0932443141937256
1790642534959571792 2.8564298152923584 -0.8403287529945374 3.0933163166046143
1790642534979615497 2.852574110031128 -0.8402711749076843 3.08992600440979
1790642534999139790 2.848734140396118 -0.8402141332626343 3.0828137397766113
1790642535021582402 2.8445284366607666 -0.8401510715484619 3.0743539333343506
1790642535039260706 2.840226650238037 -0.8400854468345642 3.0703349113464355
1790642535059983060 2.83569598197937 -0.8400161862373352 3.0732944011688232
1790642535079853095 2.830967664718628 -0.8399441838264465 3.077385187149048
1790642535101702821 2.8256659507751465 -0.839862048625946 3.0766355991363525
1790642535122041417 2.8197507858276367 -0.839771568775177 3.0700430870056152
1790642535141421897 2.812488079071045 -0.8396564722061157 3.064993381500244
1790642535161543749 2.804673433303833 -0.8374488353729248 3.0626537799835205
1790642535181986349 2.7976768016815186 -0.8342179656028748 3.060274362564087
1790642535204153079 2.7915422916412354 -0.8294254541397095 3.0542640686035156
1790642535224490747 2.7851076126098633 -0.823900580406189 3.046604633331299
1790642535243547311 2.779482126235962 -0.8180258870124817 3.0426435470581055
1790642535270432236 2.7728652954101562 -0.8113292455673218 3.035320520401001
1790642535294491325 2.766981601715088 -0.8024491667747498 3.028709888458252
1790642535317141145 2.7547781467437744 -0.7886031866073608 3.020940065383911
1790642535374518428 2.745676040649414 -0.7855009436607361 3.0238728523254395
1790642535394182663 2.7215096950531006 -0.7807005047798157 3.033079147338867
1790642535398406407 2.7071096897125244 -0.7781615853309631 3.0338175296783447
1790642535422642720 2.6936426162719727 -0.7755857706069946 3.0309510231018066
1790642535438515898 2.681339740753174 -0.7727982401847839 3.0256855487823486
1790642535460290773 2.667276382446289 -0.7708794474601746 3.019534111022949
1790642535479093375 2.653796672821045 -0.7694018483161926 3.012164354324341
1790642535500616624 2.638289213180542 -0.7678623795509338 3.0064024925231934
1790642535522663766 2.6223857402801514 -0.766234815120697 3.0058887004852295
1790642535538313544 2.605189323425293 -0.7661797404289246 3.0078928470611572
1790642535564400038 2.5881354808807373 -0.7666297554969788 3.0115485191345215
1790642535580608238 2.5721516609191895 -0.7675631046295166 3.017763376235962
1790642535600412062 2.555985927581787 -0.7688561677932739 3.0262999534606934
1790642535641018372 2.521836996078491 -0.7744525074958801 3.0586154460906982
1790642535663313522 2.50553035736084 -0.779263436794281 3.0706288814544678
1790642535683163428 2.490978956222534 -0.7806501388549805 3.080211639404297
1790642535706708770 2.473177194595337 -0.7805505990982056 3.0785162448883057
1790642535731317769 2.453418016433716 -0.7781995534896851 3.0710151195526123
1790642535750609605 2.4326181411743164 -0.7738862633705139 3.0599687099456787
1790642535770530714 2.411310911178589 -0.7688170671463013 3.0515923500061035
1790642535794348354 2.392543077468872 -0.7643725872039795 3.0458827018737793
1790642535813359444 2.3755226135253906 -0.7598299980163574 3.043051242828369
1790642535833265608 2.355788230895996 -0.7538030743598938 3.0390031337738037
1790642535856987565 2.3368730545043945 -0.7470732927322388 3.034336805343628
1790642535875216769 2.3168766498565674 -0.7395330667495728 3.024740695953369
1790642535897272455 2.29727840423584 -0.735255777835846 3.013949394226074
1790642535914742622 2.2794599533081055 -0.7332237958908081 3.0057578086853027
1790642535935503922 2.2641186714172363 -0.7307365536689758 2.998018264770508
1790642535956652277 2.235337972640991 -0.7217077612876892 2.9549694061279297
1790642535976673006 2.2207489013671875 -0.7171046137809753 2.927750825881958
1790642535996749576 2.2052032947540283 -0.7124146819114685 2.9172310829162598
1790642536028719718 2.187645673751831 -0.7068965435028076 2.898655891418457
1790642536050633062 2.1668543815612793 -0.6985142827033997 2.8803141117095947
1790642536068983103 2.1497509479522705 -0.6873126029968262 2.865143060684204
1790642536089052505 2.1283349990844727 -0.6735286116600037 2.85321044921875
1790642536108927436 2.1066272258758545 -0.6633925437927246 2.843499183654785
1790642536129171436 2.086606979370117 -0.6590218544006348 2.8324224948883057
1790642536149088929 2.0665225982666016 -0.6549136638641357 2.817600965499878
1790642536169135290 2.045701503753662 -0.6509876251220703 2.802642822265625
1790642536193025317 2.0249521732330322 -0.6455253958702087 2.786090850830078
1790642536211130741 2.0024735927581787 -0.6412036418914795 2.770766019821167
1790642536231790821 1.9817689657211304 -0.6348642110824585 2.7611215114593506
1790642536251341131 1.9645171165466309 -0.6303446292877197 2.756295919418335
1790642536271397861 1.9456877708435059 -0.6267403960227966 2.753488302230835
1790642536291398909 1.9259413480758667 -0.621925413608551 2.7530229091644287
1790642536311582875 1.9050769805908203 -0.615844190120697 2.761779308319092
1790642536331539089 1.8836543560028076 -0.6101141571998596 2.789806842803955
1790642536351491078 1.8613790273666382 -0.6069388389587402 2.8210315704345703
1790642536371537952 1.8374866247177124 -0.6043359637260437 2.8215672969818115
1790642536391591641 1.813660740852356 -0.6028573513031006 2.814171075820923
1790642536411648691 1.7880024909973145 -0.6049737334251404 2.8014419078826904
1790642536433367179 1.765335202217102 -0.6023346185684204 2.7684295177459717
1790642536452024112 1.7416367530822754 -0.5958127379417419 2.755300521850586
1790642536471792607 1.7198388576507568 -0.5868582129478455 2.7492496967315674
1790642536491654481 1.6962475776672363 -0.5728232860565186 2.708589553833008
1790642536511783725 1.6745193004608154 -0.5627766847610474 2.6663408279418945
1790642536532001901 1.65653395652771 -0.5558536648750305 2.6282851696014404
1790642536551835838 1.6398617029190063 -0.5484573245048523 2.6111032962799072
1790642536571949210 1.6251007318496704 -0.542089581489563 2.6060333251953125
1790642536596428603 1.608310341835022 -0.533991277217865 2.6074070930480957
1790642536616962631 1.5902838706970215 -0.5259257555007935 2.610875129699707
1790642536636072477 1.5730751752853394 -0.5182888507843018 2.62087345123291
1790642536656051635 1.5549612045288086 -0.5070553421974182 2.6388919353485107
1790642536677035888 1.540042757987976 -0.4964933693408966 2.678194046020508
1790642536698985458 1.5289922952651978 -0.48859119415283203 2.690822124481201
1790642536727158592 1.498632788658142 -0.46814218163490295 2.6797430515289307
1790642536771186407 1.462857723236084 -0.4402478337287903 2.6786961555480957
1790642536802810424 1.430091381072998 -0.4192872643470764 2.642260789871216
1790642536833930614 1.414831519126892 -0.4106709063053131 2.6229805946350098
1790642536914753235 1.3503175973892212 -0.3821661174297333 2.62886118888855
1790642536977045957 1.3245505094528198 -0.37486183643341064 2.641246795654297
1790642536995861226 1.3140943050384521 -0.3814655542373657 2.6543776988983154
1790642537003817508 1.31679105758667 -0.384118914604187 2.6645593643188477
1790642537037372653 1.3200387954711914 -0.38498732447624207 2.6609997749328613
1790642537065046735 1.3146872520446777 -0.38609325885772705 2.6470885276794434
1790642537071918270 1.3057737350463867 -0.3869714140892029 2.6356987953186035
1790642537090208718 1.2973597049713135 -0.3832244277000427 2.6510846614837646
1790642537120539705 1.297691822052002 -0.37398815155029297 2.6608221530914307
1790642537139670346 1.2935144901275635 -0.366362601518631 2.657504081726074
1790642537157368227 1.2888251543045044 -0.35910940170288086 2.660538673400879
1790642537208904433 1.2604368925094604 -0.3326738476753235 2.673671245574951
1790642537234986708 1.2400835752487183 -0.32628872990608215 2.661057949066162
1790642537270928124 1.2201323509216309 -0.3260385990142822 2.667267322540283
1790642537300270143 1.213160514831543 -0.322450190782547 2.6749722957611084
1790642537346240626 1.22007155418396 -0.3007676899433136 2.6843910217285156
1790642537397471988 1.204789161682129 -0.2888641059398651 2.699506998062134
1790642537424378231 1.2121849060058594 -0.2854514420032501 2.716792345046997
1790642537457122593 1.2045027017593384 -0.277866393327713 2.719851016998291
1790642537477448994 1.1978977918624878 -0.2652674615383148 2.721188545227051
1790642537497954825 1.1982295513153076 -0.25690513849258423 2.7244036197662354
1790642537523450229 1.203054428100586 -0.24081064760684967 2.7316462993621826
1790642537541506044 1.2062666416168213 -0.23539742827415466 2.73687744140625
1790642537567392024 1.2068629264831543 -0.22499094903469086 2.7408008575439453
1790642537583073090 1.2020559310913086 -0.21332617104053497 2.7434277534484863
1790642537620666666 1.1942722797393799 -0.20146042108535767 2.7443578243255615
1790642537651928185 1.1729620695114136 -0.1727094054222107 2.7488315105438232
1790642537671248658 1.1635856628417969 -0.15609245002269745 2.7520294189453125
1790642537689679784 1.1590778827667236 -0.14167563617229462 2.753568649291992
1790642537708831995 1.1550966501235962 -0.1351386457681656 2.754286527633667
1790642537729152987 1.1513310670852661 -0.13328960537910461 2.757173538208008
1790642537751191167 1.1470437049865723 -0.13291430473327637 2.7578492164611816
1790642537769387404 1.139755129814148 -0.1291191428899765 2.7556071281433105
1790642537881293603 1.129842758178711 -0.1127200797200203 2.7629806995391846
1790642537908877921 1.1054081916809082 -0.08960356563329697 2.7887730598449707
1790642537919587399 1.1054081916809082 -0.08960356563329697 2.7951722145080566
1790642537939397875 1.1057440042495728 -0.0889895036816597 2.7974636554718018
1790642537970075756 1.100005865097046 -0.08592042326927185 2.806837320327759
1790642537990496720 1.0946601629257202 -0.08453387767076492 2.8082377910614014
1790642538022009641 1.0892417430877686 -0.08170893788337708 2.811781883239746
1790642538041108121 1.0830763578414917 -0.07934735715389252 2.8133766651153564
1790642538063015832 1.0783308744430542 -0.07671841233968735 2.813958168029785
1790642538089680978 1.0767648220062256 -0.07968299835920334 2.8155975341796875
1790642538105349307 1.0759929418563843 -0.08115095645189285 2.8160696029663086
1790642538125928966 1.0759929418563843 -0.08115095645189285 2.814779758453369
1790642538147192907 1.0772688388824463 -0.0840454176068306 2.813227891921997
1790642538167493771 1.0794109106063843 -0.09166426211595535 2.8097918033599854
1790642538187298711 1.082210659980774 -0.09820067137479782 2.807478427886963
1790642538207501619 1.0846853256225586 -0.10379344969987869 2.810483932495117
1790642538227571369 1.0876648426055908 -0.10754727572202682 2.8134167194366455
1790642538247400150 1.0894688367843628 -0.1084735170006752 2.810317039489746
1790642538267904093 1.0894688367843628 -0.1084735170006752 2.809206485748291
1790642538287468768 1.0894688367843628 -0.1084735170006752 2.8113443851470947
1790642538307452659 1.0920970439910889 -0.1084866002202034 2.8134706020355225
1790642538327452615 1.0949442386627197 -0.10914595425128937 2.8132617473602295
1790642538348316252 1.0949442386627197 -0.10914595425128937 2.8123221397399902
1790642538367706776 1.0974867343902588 -0.11034943908452988 2.8134500980377197
1790642538387560422 1.1017460823059082 -0.10921401530504227 2.815258264541626
1790642538411955623 1.106947898864746 -0.10514674335718155 2.8154656887054443
1790642538431943194 1.1110111474990845 -0.10231652110815048 2.8147902488708496
1790642538452565478 1.1137607097625732 -0.10127777606248856 2.815213918685913
1790642538471787963 1.1140997409820557 -0.10051262378692627 2.8169634342193604
1790642538491742093 1.1140997409820557 -0.10051262378692627 2.818049669265747
1790642538511931176 1.1140997409820557 -0.10051262378692627 2.8178141117095947
1790642538532128292 1.113708257675171 -0.10142670571804047 2.8181679248809814
1790642538552154905 1.113708257675171 -0.10142670571804047 2.820528030395508
1790642538572170573 1.113708257675171 -0.10142670571804047 2.8227531909942627
1790642538592161760 1.1145485639572144 -0.09942378103733063 2.8225743770599365
1790642538612530434 1.1145485639572144 -0.09942378103733063 2.821413993835449
1790642538632139463 1.1154224872589111 -0.10275786370038986 2.820751667022705
1790642538652899800 1.114012360572815 -0.10619275271892548 2.8207383155822754
1790642538672468155 1.1127138137817383 -0.1093696728348732 2.8203842639923096
1790642538692260967 1.1119014024734497 -0.11136126518249512 2.8202881813049316
1790642538814185385 1.1094672679901123 -0.11739956587553024 2.8287277221679688
1790642538842453250 1.1092209815979004 -0.1180431917309761 2.829345226287842
1790642538846867504 1.1089611053466797 -0.1187332272529602 2.8299708366394043
1790642538869721076 1.1089611053466797 -0.1187332272529602 2.8308279514312744
1790642538889327960 1.1089611053466797 -0.1187332272529602 2.831223487854004
1790642538907981015 1.1089611053466797 -0.1187332272529602 2.83115553855896
1790642538951486312 1.109235167503357 -0.11794529110193253 2.83139967918396
1790642538973180351 1.109235167503357 -0.11794529110193253 2.8316917419433594
1790642538996254027 1.109235167503357 -0.11794529110193253 2.8320109844207764
1790642539049492028 1.1094567775726318 -0.11729171872138977 2.832625389099121
1790642539070423700 1.1094567775726318 -0.11729171872138977 2.832529306411743
1790642539089921748 1.1094567775726318 -0.11729171872138977 2.8329455852508545
1790642539110086639 1.1094567775726318 -0.11729171872138977 2.8336470127105713
1790642539129709267 1.1094567775726318 -0.11729171872138977 2.8344876766204834
1790642539150012019 1.1096855401992798 -0.11662761867046356 2.8357434272766113
1790642539169873889 1.1096855401992798 -0.11662761867046356 2.837430477142334
1790642539189653516 1.1096855401992798 -0.11662761867046356 2.8387205600738525
1790642539209561980 1.1096855401992798 -0.11662761867046356 2.8393023014068604
1790642539230195529 1.1096855401992798 -0.11662761867046356 2.8398187160491943
1790642539249941907 1.1096855401992798 -0.11662761867046356 2.8399691581726074
1790642539269734110 1.1096855401992798 -0.11662761867046356 2.8403353691101074
1790642539289774196 1.1096855401992798 -0.11662761867046356 2.840955972671509
1790642539309971631 1.1096855401992798 -0.11662761867046356 2.8415520191192627
1790642539330212940 1.1096855401992798 -0.11662761867046356 2.841926097869873
1790642539353356604 1.1096855401992798 -0.11662761867046356 2.841953992843628
1790642539369916744 1.1096855401992798 -0.11662761867046356 2.8420910835266113
1790642539390020544 1.1096855401992798 -0.11662761867046356 2.84230637550354
1790642539409974578 1.1096855401992798 -0.11662761867046356 2.8425424098968506
1790642539430138764 1.1096855401992798 -0.11662761867046356 2.8432555198669434
1790642539450082333 1.1096855401992798 -0.11662761867046356 2.8442435264587402
1790642539470133331 1.1096855401992798 -0.11662761867046356 2.845170497894287
1790642539490487957 1.1096855401992798 -0.11662761867046356 2.845756769180298
1790642539510197277 1.1096855401992798 -0.11662761867046356 2.8460192680358887
1790642539530218097 1.1096855401992798 -0.11662761867046356 2.846289873123169
1790642539550331498 1.1096855401992798 -0.11662761867046356 2.846463918685913
1790642539570327869 1.1096855401992798 -0.11662761867046356 2.8466737270355225
1790642539590777795 1.1096855401992798 -0.11662761867046356 2.847024917602539
1790642539610640369 1.1096855401992798 -0.11662761867046356 2.847522497177124
1790642539631191002 1.1096855401992798 -0.11662761867046356 2.848147392272949
1790642539650572565 1.1096855401992798 -0.11662761867046356 2.848956823348999
1790642539670565449 1.1096855401992798 -0.11662761867046356 2.8497977256774902
1790642539690606654 1.1096855401992798 -0.11662761867046356 2.850492477416992
1790642539711151495 1.1096855401992798 -0.11662761867046356 2.850869655609131
1790642539733583803 1.1096855401992798 -0.11662761867046356 2.850999116897583
1790642539753049594 1.1096855401992798 -0.11662761867046356 2.8509206771850586
1790642539773535904 1.1096855401992798 -0.11662761867046356 2.850853443145752
1790642539793007231 1.1096855401992798 -0.11662761867046356 2.851158618927002
1790642539812987922 1.1096855401992798 -0.11662761867046356 2.85147762298584
1790642539833220527 1.1096855401992798 -0.11662761867046356 2.851625919342041
1790642539853040860 1.1096855401992798 -0.11662761867046356 2.8515677452087402
1790642539873013678 1.1096855401992798 -0.11662761867046356 2.8515188694000244
1790642539893895685 1.1096855401992798 -0.11662761867046356 2.8515000343322754
1790642539913071416 1.1096855401992798 -0.11662761867046356 2.8516058921813965
1790642539933082028 1.1096855401992798 -0.11662761867046356 2.8520655632019043
1790642539953189156 1.1096855401992798 -0.11662761867046356 2.852306604385376
1790642539973111637 1.1096855401992798 -0.11662761867046356 2.852628707885742
1790642539993269679 1.1096855401992798 -0.11662761867046356 2.8526997566223145
1790642540013427720 1.1096855401992798 -0.11662761867046356 2.852571964263916
1790642540034683342 1.1096855401992798 -0.11662761867046356 2.852665662765503
1790642540053383310 1.1096855401992798 -0.11662761867046356 2.852769613265991
1790642540073508743 1.1096855401992798 -0.11662761867046356 2.8529856204986572
1790642540093523931 1.1096855401992798 -0.11662761867046356 2.8537819385528564
1790642540113614482 1.1096855401992798 -0.11662761867046356 2.8543684482574463
1790642540135526225 1.1096855401992798 -0.11662761867046356 2.854588270187378
1790642540155671691 1.1096855401992798 -0.11662761867046356 2.8546478748321533
1790642540175557562 1.1096855401992798 -0.11662761867046356 2.8546669483184814
1790642540196019616 1.1096855401992798 -0.11662761867046356 2.8548965454101562
1790642540217856156 1.1096855401992798 -0.11662761867046356 2.855379104614258
1790642540239783355 1.1096855401992798 -0.11662761867046356 2.855757236480713
1790642540260026617 1.1096855401992798 -0.11662761867046356 2.855976104736328
1790642540279949097 1.1096855401992798 -0.11662761867046356 2.855844736099243
1790642540300014016 1.1096855401992798 -0.11662761867046356 2.8557374477386475
1790642540324415073 1.1096855401992798 -0.11662761867046356 2.8557565212249756
1790642540342508489 1.1096855401992798 -0.11662761867046356 2.855862617492676
1790642540378153157 1.1096855401992798 -0.11662761867046356 2.8564984798431396
1790642540397950129 1.1096855401992798 -0.11662761867046356 2.857069730758667
1790642540418391190 1.1096855401992798 -0.11662761867046356 2.8575494289398193
1790642540438516622 1.1096855401992798 -0.11662761867046356 2.8579390048980713
1790642540458239095 1.1096855401992798 -0.11662761867046356 2.8584635257720947
1790642540478231979 1.1096855401992798 -0.11662761867046356 2.858774423599243
1790642540498249279 1.1096855401992798 -0.11662761867046356 2.8588860034942627
1790642540518304053 1.1096855401992798 -0.11662761867046356 2.858987331390381
1790642540538355115 1.1096855401992798 -0.11662761867046356 2.8590543270111084
1790642540558680043 1.1096855401992798 -0.11662761867046356 2.859053373336792
1790642540580929687 1.1096855401992798 -0.11662761867046356 2.8591837882995605
1790642540599066338 1.1096855401992798 -0.11662761867046356 2.85941743850708
1790642540618407451 1.1096855401992798 -0.11662761867046356 2.859354257583618
1790642540638624696 1.1096855401992798 -0.11662761867046356 2.859677314758301
1790642540658666957 1.1096855401992798 -0.11662761867046356 2.8598995208740234
1790642540678791942 1.1096855401992798 -0.11662761867046356 2.860136032104492
1790642540698608562 1.1096855401992798 -0.11662761867046356 2.8607118129730225
1790642540718856656 1.1096855401992798 -0.11662761867046356 2.8611721992492676
1790642540738818178 1.1096855401992798 -0.11662761867046356 2.861487865447998
1790642540758965083 1.1096855401992798 -0.11662761867046356 2.8618180751800537
1790642540779090900 1.1096855401992798 -0.11662761867046356 2.862126111984253
1790642540798975875 1.1096855401992798 -0.11662761867046356 2.8624401092529297
1790642540818764078 1.1096855401992798 -0.11662761867046356 2.8628313541412354
1790642540839018028 1.1096855401992798 -0.11662761867046356 2.8634159564971924
1790642540859113924 1.1096855401992798 -0.11662761867046356 2.863842725753784
1790642540879011475 1.1096855401992798 -0.11662761867046356 2.8642139434814453
1790642540899287570 1.1096855401992798 -0.11662761867046356 2.8643674850463867
1790642540919130815 1.1096855401992798 -0.11662761867046356 2.8644139766693115
1790642540939319674 1.1096855401992798 -0.11662761867046356 2.8644516468048096
1790642540959368496 1.1096855401992798 -0.11662761867046356 2.8644320964813232
1790642540979356483 1.1096855401992798 -0.11662761867046356 2.864511013031006
1790642540999186288 1.1096855401992798 -0.11662761867046356 2.8646178245544434
1790642541019196772 1.1096855401992798 -0.11662761867046356 2.864661931991577
1790642541039425057 1.1096855401992798 -0.11662761867046356 2.8646399974823
1790642541059374931 1.1096855401992798 -0.11662761867046356 2.864577531814575
1790642541079333125 1.1096855401992798 -0.11662761867046356 2.8645734786987305
1790642541099658501 1.1096855401992798 -0.11662761867046356 2.8646669387817383
1790642541119686714 1.1096855401992798 -0.11662761867046356 2.8648200035095215
1790642541139526056 1.1096855401992798 -0.11662761867046356 2.8650004863739014
1790642541159524507 1.1096855401992798 -0.11662761867046356 2.8652570247650146
1790642541179764664 1.1096855401992798 -0.11662761867046356 2.865518569946289
1790642541199678249 1.1096855401992798 -0.11662761867046356 2.865673542022705
1790642541219622522 1.1096855401992798 -0.11662761867046356 2.865673303604126
1790642541239916345 1.1096855401992798 -0.11662761867046356 2.8656375408172607
1790642541259678724 1.1096855401992798 -0.11662761867046356 2.865621566772461
1790642541279693432 1.1096855401992798 -0.11662761867046356 2.8656387329101562
1790642541299811952 1.1096855401992798 -0.11662761867046356 2.865614414215088
1790642541319743265 1.1096855401992798 -0.11662761867046356 2.8656628131866455
1790642541340177094 1.1096855401992798 -0.11662761867046356 2.8659164905548096
1790642541360831124 1.1096855401992798 -0.11662761867046356 2.8661468029022217
1790642541379874434 1.1096855401992798 -0.11662761867046356 2.8660924434661865
1790642541400146400 1.1096855401992798 -0.11662761867046356 2.8659238815307617
1790642541420175605 1.1096855401992798 -0.11662761867046356 2.8659350872039795
1790642541440120230 1.1096855401992798 -0.11662761867046356 2.8660011291503906
1790642541460291425 1.1096855401992798 -0.11662761867046356 2.866109609603882
1790642541480471132 1.1096855401992798 -0.11662761867046356 2.866149425506592
1790642541502340569 1.1096855401992798 -0.11662761867046356 2.866166830062866
1790642541522506387 1.1096855401992798 -0.11662761867046356 2.866225004196167
1790642541542805299 1.1096855401992798 -0.11662761867046356 2.8663129806518555
1790642541562280722 1.1096855401992798 -0.11662761867046356 2.866427421569824
1790642541582326183 1.1096855401992798 -0.11662761867046356 2.8665037155151367
1790642541602509122 1.1096855401992798 -0.11662761867046356 2.866567850112915
1790642541622531127 1.1096855401992798 -0.11662761867046356 2.8667197227478027
1790642541642584780 1.1096855401992798 -0.11662761867046356 2.8670668601989746
1790642541662896460 1.1096855401992798 -0.11662761867046356 2.8675570487976074
1790642541682708185 1.1096855401992798 -0.11662761867046356 2.8679919242858887
1790642541702573031 1.1096855401992798 -0.11662761867046356 2.8683459758758545
1790642541724074262 1.1096855401992798 -0.11662761867046356 2.868696451187134
1790642541742611088 1.1096855401992798 -0.11662761867046356 2.868649482727051
1790642541762737481 1.1096855401992798 -0.11662761867046356 2.8680548667907715
1790642541782694651 1.1096855401992798 -0.11662761867046356 2.867474317550659
1790642541802919127 1.1096855401992798 -0.11662761867046356 2.8673315048217773
1790642541822777829 1.1096855401992798 -0.11662761867046356 2.867511034011841
1790642541843036931 1.1096855401992798 -0.11662761867046356 2.867896556854248
1790642541863401861 1.1096855401992798 -0.11662761867046356 2.868619918823242
1790642541883345879 1.1096855401992798 -0.11662761867046356 2.8695452213287354
1790642541903053503 1.1096855401992798 -0.11662761867046356 2.8705079555511475
1790642541923834513 1.1096855401992798 -0.11662761867046356 2.871209144592285
1790642541943176203 1.1096855401992798 -0.11662761867046356 2.8715062141418457
1790642541963184511 1.1096855401992798 -0.11662761867046356 2.87160587310791
1790642541983389755 1.1096855401992798 -0.11662761867046356 2.8716957569122314
1790642542003158790 1.1096855401992798 -0.11662761867046356 2.8714871406555176
1790642542023225436 1.1096855401992798 -0.11662761867046356 2.8712055683135986
1790642542045986300 1.1096855401992798 -0.11662761867046356 2.871380090713501
1790642542065979824 1.1096855401992798 -0.11662761867046356 2.871577501296997
1790642542085987908 1.1096855401992798 -0.11662761867046356 2.871668815612793
1790642542109990357 1.1096855401992798 -0.11662761867046356 2.871708869934082
1790642542126355674 1.1096855401992798 -0.11662761867046356 2.8716728687286377
1790642542146119492 1.1096855401992798 -0.11662761867046356 2.8717093467712402
1790642542166235484 1.1096855401992798 -0.11662761867046356 2.8718981742858887
1790642542186666273 1.1096855401992798 -0.11662761867046356 2.872083902359009
1790642542206382729 1.1096855401992798 -0.11662761867046356 2.872223138809204
1790642542226748556 1.1096855401992798 -0.11662761867046356 2.872304677963257
1790642542247159119 1.1096855401992798 -0.11662761867046356 2.8723230361938477
1790642542268130217 1.1096855401992798 -0.11662761867046356 2.872258424758911
1790642542286412921 1.1096855401992798 -0.11662761867046356 2.87249493598938
1790642542306334570 1.1096855401992798 -0.11662761867046356 2.8725924491882324
1790642542328046817 1.1096855401992798 -0.11662761867046356 2.872741460800171
1790642542346814628 1.1096855401992798 -0.11662761867046356 2.8730411529541016
1790642542366778839 1.1096855401992798 -0.11662761867046356 2.8728902339935303
1790642542386892591 1.1096855401992798 -0.11662761867046356 2.8726420402526855
1790642542406901379 1.1096855401992798 -0.11662761867046356 2.872657537460327
1790642542426914999 1.1096855401992798 -0.11662761867046356 2.872706174850464
1790642542450379539 1.1096855401992798 -0.11662761867046356 2.872960329055786
1790642542470372775 1.1096855401992798 -0.11662761867046356 2.87302303314209
1790642542496280739 1.1096855401992798 -0.11662761867046356 2.873077154159546
1790642542514469327 1.1096855401992798 -0.11662761867046356 2.8731637001037598
1790642542535735349 1.1096855401992798 -0.11662761867046356 2.8732001781463623
1790642542554348562 1.1096855401992798 -0.11662761867046356 2.873248338699341
1790642542574392519 1.1096855401992798 -0.11662761867046356 2.8733224868774414
1790642542594634373 1.1096855401992798 -0.11662761867046356 2.8733766078948975
1790642542614608791 1.1096855401992798 -0.11662761867046356 2.8733761310577393
1790642542634684174 1.1096855401992798 -0.11662761867046356 2.8734118938446045
1790642542655012783 1.1096855401992798 -0.11662761867046356 2.8733720779418945
1790642542675076933 1.1096855401992798 -0.11662761867046356 2.8735134601593018
1790642542694711050 1.1096855401992798 -0.11662761867046356 2.8736720085144043
1790642542714690365 1.1096855401992798 -0.11662761867046356 2.873934030532837
1790642542734798325 1.1096855401992798 -0.11662761867046356 2.8740334510803223
1790642542754696997 1.1096855401992798 -0.11662761867046356 2.873857021331787
1790642542774732442 1.1096855401992798 -0.11662761867046356 2.873765468597412
1790642542794887252 1.1096855401992798 -0.11662761867046356 2.87370228767395
1790642542815020940 1.1096855401992798 -0.11662761867046356 2.873660087585449
1790642542835289963 1.1096855401992798 -0.11662761867046356 2.873741388320923
1790642542855023060 1.1096855401992798 -0.11662761867046356 2.8737289905548096
1790642542878102241 1.1096855401992798 -0.11662761867046356 2.873627185821533
1790642542895198466 1.1096855401992798 -0.11662761867046356 2.8735992908477783
1790642542915284441 1.1096855401992798 -0.11662761867046356 2.873582124710083
1790642542935873028 1.1096855401992798 -0.11662761867046356 2.873528242111206
1790642542959306815 1.1096855401992798 -0.11662761867046356 2.873594045639038
1790642542979234224 1.1096855401992798 -0.11662761867046356 2.873744010925293
1790642542999135968 1.1096855401992798 -0.11662761867046356 2.873634099960327
1790642543019383421 1.1096855401992798 -0.11662761867046356 2.873430013656616
1790642543041316253 1.1096855401992798 -0.11662761867046356 2.8733584880828857
1790642543062144465 1.1096855401992798 -0.11662761867046356 2.8733890056610107
1790642543081478891 1.1096855401992798 -0.11662761867046356 2.873431444168091
1790642543101457598 1.1096855401992798 -0.11662761867046356 2.873509645462036
1790642543121881442 1.1096855401992798 -0.11662761867046356 2.873563766479492
1790642543143616634 1.1096855401992798 -0.11662761867046356 2.8735642433166504
1790642543165662814 1.1096855401992798 -0.11662761867046356 2.8735604286193848
1790642543185492523 1.1096855401992798 -0.11662761867046356 2.873548746109009
1790642543208116518 1.1096855401992798 -0.11662761867046356 2.8735482692718506
1790642543228396613 1.1096855401992798 -0.11662761867046356 2.873561382293701
1790642543248393497 1.1096855401992798 -0.11662761867046356 2.873544454574585
1790642543269784419 1.1096855401992798 -0.11662761867046356 2.873487949371338
1790642543290067554 1.1096855401992798 -0.11662761867046356 2.873445510864258
1790642543310070646 1.1096855401992798 -0.11662761867046356 2.8734185695648193
1790642543330360501 1.1096855401992798 -0.11662761867046356 2.873398542404175
1790642543350210211 1.1096855401992798 -0.11662761867046356 2.8734467029571533
1790642543370065393 1.1096855401992798 -0.11662761867046356 2.873461961746216
1790642543394097411 1.1096855401992798 -0.11662761867046356 2.873459577560425
1790642543410295713 1.1096855401992798 -0.11662761867046356 2.8734757900238037
1790642543430248115 1.1096855401992798 -0.11662761867046356 2.873514175415039
1790642543450458927 1.1096855401992798 -0.11662761867046356 2.8735265731811523
1790642543470296828 1.1096855401992798 -0.11662761867046356 2.8735291957855225
1790642543490465399 1.1096855401992798 -0.11662761867046356 2.87355375289917
1790642543510299652 1.1096855401992798 -0.11662761867046356 2.8735268115997314
1790642543530485663 1.1096855401992798 -0.11662761867046356 2.87351655960083
1790642543551572669 1.1096855401992798 -0.11662761867046356 2.8735125064849854
1790642543570408227 1.1096855401992798 -0.11662761867046356 2.8735191822052
1790642543590592958 1.1096855401992798 -0.11662761867046356 2.8735218048095703
1790642543611019715 1.1096855401992798 -0.11662761867046356 2.873520612716675
1790642543630783277 1.1096855401992798 -0.11662761867046356 2.8735342025756836
1790642543656564868 1.1096855401992798 -0.11662761867046356 2.873521566390991
1790642543676560664 1.1096855401992798 -0.11662761867046356 2.8735251426696777
1790642543696741875 1.1096855401992798 -0.11662761867046356 2.8735365867614746
1790642543718813560 1.1096855401992798 -0.11662761867046356 2.873530626296997
1790642543738805836 1.1096855401992798 -0.11662761867046356 2.8735411167144775
1790642543758708539 1.1096855401992798 -0.11662761867046356 2.873561382293701
1790642543781503645 1.1096855401992798 -0.11662761867046356 2.8735454082489014
1790642543798917675 1.1096855401992798 -0.11662761867046356 2.873521089553833
1790642543818968129 1.1096855401992798 -0.11662761867046356 2.8735084533691406
1790642543838930643 1.1096855401992798 -0.11662761867046356 2.8734896183013916
1790642543858981097 1.1096855401992798 -0.11662761867046356 2.8734939098358154
1790642543878863416 1.1096855401992798 -0.11662761867046356 2.873495578765869
1790642543901952357 1.1096855401992798 -0.11662761867046356 2.873495101928711
1790642543919339634 1.1096855401992798 -0.11662761867046356 2.873508930206299
1790642543939335301 1.1096855401992798 -0.11662761867046356 2.873538017272949
1790642543959061966 1.1096855401992798 -0.11662761867046356 2.8735196590423584
1790642543981228503 1.1096855401992798 -0.11662761867046356 2.87355375289917
1790642544001153512 1.1096855401992798 -0.11662761867046356 2.873565196990967
1790642544021966588 1.1096855401992798 -0.11662761867046356 2.8735697269439697
1790642544055393760 1.1096855401992798 -0.11662761867046356 2.8735649585723877
1790642544075365267 1.1096855401992798 -0.11662761867046356 2.8735713958740234
1790642544095469643 1.1096855401992798 -0.11662761867046356 2.8735406398773193
1790642544117963617 1.1096855401992798 -0.11662761867046356 2.8735527992248535
1790642544135492627 1.1096855401992798 -0.11662761867046356 2.8735604286193848
1790642544155714799 1.1096855401992798 -0.11662761867046356 2.8735485076904297
1790642544178033854 1.1096855401992798 -0.11662761867046356 2.8735358715057373
1790642544195650324 1.1096855401992798 -0.11662761867046356 2.8735642433166504
1790642544215806158 1.1096855401992798 -0.11662761867046356 2.8735625743865967
1790642544236579264 1.1096855401992798 -0.11662761867046356 2.8735456466674805
1790642544255837943 1.1096855401992798 -0.11662761867046356 2.8735382556915283
1790642544276033682 1.1096855401992798 -0.11662761867046356 2.8735263347625732
1790642544295744314 1.1096855401992798 -0.11662761867046356 2.873507022857666
1790642544315955542 1.1096855401992798 -0.11662761867046356 2.87349534034729
1790642544335904968 1.1096855401992798 -0.11662761867046356 2.873485565185547
1790642544356075010 1.1096855401992798 -0.11662761867046356 2.87349271774292
1790642544375945201 1.1096855401992798 -0.11662761867046356 2.87349534034729
1790642544397974485 1.1096855401992798 -0.11662761867046356 2.8734700679779053
1790642544421489107 1.1096855401992798 -0.11662761867046356 2.8734710216522217
1790642544440020877 1.1096855401992798 -0.11662761867046356 2.873476266860962
1790642544460173702 1.1096855401992798 -0.11662761867046356 2.8734962940216064
1790642544480103383 1.1096855401992798 -0.11662761867046356 2.873505115509033
1790642544500122828 1.1096855401992798 -0.11662761867046356 2.8734943866729736
1790642544523060051 1.1096855401992798 -0.11662761867046356 2.873471736907959
1790642544542757371 1.1096855401992798 -0.11662761867046356 2.873443841934204
1790642544562247259 1.1096855401992798 -0.11662761867046356 2.8734521865844727
1790642544582338258 1.1096855401992798 -0.11662761867046356 2.873445987701416
1790642544602424137 1.1096855401992798 -0.11662761867046356 2.873443126678467
1790642544622475551 1.1096855401992798 -0.11662761867046356 2.8734452724456787
1790642544642990951 1.1096855401992798 -0.11662761867046356 2.8734233379364014
1790642544662694799 1.1096855401992798 -0.11662761867046356 2.873424530029297
1790642544685591092 1.1096855401992798 -0.11662761867046356 2.873427152633667
1790642544704594369 1.1096855401992798 -0.11662761867046356 2.873469352722168
1790642544724957379 1.1096855401992798 -0.11662761867046356 2.8734450340270996
1790642544744778159 1.1096855401992798 -0.11662761867046356 2.873440980911255
1790642544764690080 1.1096855401992798 -0.11662761867046356 2.8734333515167236
1790642544784716788 1.1096855401992798 -0.11662761867046356 2.8734045028686523
1790642544805206907 1.1096855401992798 -0.11662761867046356 2.8733835220336914
1790642544824919108 1.1096855401992798 -0.11662761867046356 2.873415231704712
1790642544845128352 1.1096855401992798 -0.11662761867046356 2.8733904361724854
1790642544864974669 1.1096855401992798 -0.11662761867046356 2.873394727706909
1790642544885168073 1.1096855401992798 -0.11662761867046356 2.873384475708008
1790642544905116346 1.1096855401992798 -0.11662761867046356 2.8733646869659424
1790642544925630754 1.1096855401992798 -0.11662761867046356 2.8733508586883545
1790642544958645559 1.1096855401992798 -0.11662761867046356 2.87333083152771
1790642544965218873 1.1096855401992798 -0.11662761867046356 2.873354434967041
1790642544985211341 1.1096855401992798 -0.11662761867046356 2.8733503818511963
1790642545005210081 1.1096855401992798 -0.11662761867046356 2.8733527660369873
1790642545025210964 1.1096855401992798 -0.11662761867046356 2.8733766078948975
1790642545045239977 1.1096855401992798 -0.11662761867046356 2.8733620643615723
1790642545065327616 1.1096855401992798 -0.11662761867046356 2.8733437061309814
1790642545085399991 1.1096855401992798 -0.11662761867046356 2.873361349105835
1790642545105423915 1.1096855401992798 -0.11662761867046356 2.873365640640259
1790642545126698929 1.1096855401992798 -0.11662761867046356 2.8733725547790527
1790642545145583129 1.1096855401992798 -0.11662761867046356 2.8733677864074707
1790642545165519338 1.1096855401992798 -0.11662761867046356 2.873352527618408
1790642545185644195 1.1096855401992798 -0.11662761867046356 2.8733394145965576
1790642545207865198 1.1096855401992798 -0.11662761867046356 2.8733413219451904
1790642545227655193 1.1096855401992798 -0.11662761867046356 2.8733441829681396
1790642545247831156 1.1096855401992798 -0.11662761867046356 2.8733720779418945
1790642545269710994 1.1096855401992798 -0.11662761867046356 2.8733723163604736
1790642545289717126 1.1096855401992798 -0.11662761867046356 2.8733527660369873
1790642545310024902 1.1096855401992798 -0.11662761867046356 2.873347282409668
1790642545329900436 1.1096855401992798 -0.11662761867046356 2.8733572959899902
1790642545349945514 1.1096855401992798 -0.11662761867046356 2.8733322620391846
1790642545369961758 1.1096855401992798 -0.11662761867046356 2.8733558654785156
1790642545392014595 1.1096855401992798 -0.11662761867046356 2.873352527618408
1790642545409992903 1.1096855401992798 -0.11662761867046356 2.8733575344085693
1790642545433337022 1.1096855401992798 -0.11662761867046356 2.8733553886413574
1790642545460231201 1.1096855401992798 -0.11662761867046356 2.873373508453369
1790642545482540784 1.1096855401992798 -0.11662761867046356 2.8733701705932617
1790642545502511939 1.1096855401992798 -0.11662761867046356 2.8733901977539062
1790642545524802609 1.1096855401992798 -0.11662761867046356 2.8733937740325928
1790642545544187404 1.1096855401992798 -0.11662761867046356 2.8733863830566406
1790642545564497996 1.1096855401992798 -0.11662761867046356 2.8733620643615723
1790642545584355130 1.1096855401992798 -0.11662761867046356 2.873356819152832
1790642545604358126 1.1096855401992798 -0.11662761867046356 2.873386859893799
1790642545633972892 1.1096855401992798 -0.11662761867046356 2.8733882904052734
1790642545648692416 1.1096855401992798 -0.11662761867046356 2.873363971710205
1790642545668479275 1.1096855401992798 -0.11662761867046356 2.8733739852905273
1790642545690538448 1.1096855401992798 -0.11662761867046356 2.8733434677124023
1790642545710554308 1.1096855401992798 -0.11662761867046356 2.8733229637145996
1790642545730567257 1.1096855401992798 -0.11662761867046356 2.8733468055725098
1790642545750905114 1.1096855401992798 -0.11662761867046356 2.8733150959014893
1790642545770629890 1.1096855401992798 -0.11662761867046356 2.8733112812042236
1790642545790861183 1.1096855401992798 -0.11662761867046356 2.8733179569244385
1790642545810805969 1.1096855401992798 -0.11662761867046356 2.8733229637145996
1790642545830750882 1.1096855401992798 -0.11662761867046356 2.8733291625976562
1790642545850908828 1.1096855401992798 -0.11662761867046356 2.873356819152832
1790642545870831021 1.1096855401992798 -0.11662761867046356 2.8733530044555664
1790642545890924260 1.1096855401992798 -0.11662761867046356 2.8733420372009277
1790642545910954521 1.1096855401992798 -0.11662761867046356 2.873335838317871
1790642545931070161 1.1096855401992798 -0.11662761867046356 2.8733043670654297
1790642545951148552 1.1096855401992798 -0.11662761867046356 2.8732850551605225
1790642545971112250 1.1096855401992798 -0.11662761867046356 2.8732922077178955
1790642545991419002 1.1096855401992798 -0.11662761867046356 2.873302459716797
1790642546011298217 1.1096855401992798 -0.11662761867046356 2.8733267784118652
1790642546031318270 1.1096855401992798 -0.11662761867046356 2.8733749389648438
1790642546051700000 1.1096855401992798 -0.11662761867046356 2.8734982013702393
1790642546071317125 1.1096855401992798 -0.11662761867046356 2.87365460395813
1790642546091275319 1.1096855401992798 -0.11662761867046356 2.8738670349121094
1790642546111398831 1.1096855401992798 -0.11662761867046356 2.8739852905273438
1790642546131384995 1.1096855401992798 -0.11662761867046356 2.8739686012268066
1790642546154458511 1.1096855401992798 -0.11662761867046356 2.8739211559295654
1790642546174407617 1.1096855401992798 -0.11662761867046356 2.8738276958465576
1790642546194302929 1.1096855401992798 -0.11662761867046356 2.873776912689209
1790642546214235650 1.1096855401992798 -0.11662761867046356 2.8738369941711426
1790642546234417053 1.1096855401992798 -0.11662761867046356 2.873905658721924
1790642546254309516 1.1096855401992798 -0.11662761867046356 2.8739326000213623
1790642546274277694 1.1096855401992798 -0.11662761867046356 2.8739049434661865
1790642546299998547 1.1096855401992798 -0.11662761867046356 2.8738620281219482
1790642546320380214 1.1096855401992798 -0.11662761867046356 2.8739142417907715
1790642546339923352 1.1096855401992798 -0.11662761867046356 2.8739778995513916
1790642546359999119 1.1096855401992798 -0.11662761867046356 2.8739938735961914
1790642546380007139 1.1096855401992798 -0.11662761867046356 2.8739523887634277
1790642546402261423 1.1096855401992798 -0.11662761867046356 2.873887062072754
1790642546428094696 1.1096855401992798 -0.11662761867046356 2.8738691806793213
1790642546448182176 1.1096855401992798 -0.11662761867046356 2.8739013671875
1790642546468065071 1.1096855401992798 -0.11662761867046356 2.8739311695098877
1790642546488234185 1.1096855401992798 -0.11662761867046356 2.8739607334136963
1790642546508143065 1.1096855401992798 -0.11662761867046356 2.873957633972168
1790642546528343765 1.1096855401992798 -0.11662761867046356 2.873920202255249
1790642546548751929 1.1096855401992798 -0.11662761867046356 2.8739166259765625
1790642546568279642 1.1096855401992798 -0.11662761867046356 2.873922348022461
1790642546590422050 1.1096855401992798 -0.11662761867046356 2.8739256858825684
1790642546610392724 1.1096855401992798 -0.11662761867046356 2.8739421367645264
1790642546630897020 1.1096855401992798 -0.11662761867046356 2.8739235401153564
1790642546650532193 1.1096855401992798 -0.11662761867046356 2.8739013671875
1790642546672825999 1.1096855401992798 -0.11662761867046356 2.8738930225372314
1790642546695302788 1.1096855401992798 -0.11662761867046356 2.873871088027954
1790642546715342650 1.1096855401992798 -0.11662761867046356 2.8739023208618164
1790642546735356014 1.1096855401992798 -0.11662761867046356 2.8742783069610596
1790642546755443333 1.1096855401992798 -0.11662761867046356 2.8745884895324707
1790642546775378262 1.1096855401992798 -0.11662761867046356 2.8740644454956055
1790642546795530512 1.1096855401992798 -0.11662761867046356 2.8758344650268555
1790642546815442816 1.1096855401992798 -0.11662761867046356 2.8798975944519043
1790642546835488758 1.1096855401992798 -0.11662761867046356 2.882969617843628
1790642546856986372 1.1096855401992798 -0.11662761867046356 2.885732412338257
1790642546877392584 1.1096855401992798 -0.11662761867046356 2.8877410888671875
1790642546897104592 1.1096855401992798 -0.11662761867046356 2.8880155086517334
1790642546917099428 1.1096855401992798 -0.11662761867046356 2.8897175788879395
1790642546943242505 1.1096855401992798 -0.11662761867046356 2.8873395919799805
1790642546963041013 1.1096855401992798 -0.11662761867046356 2.8888461589813232
1790642546983418328 1.1096855401992798 -0.11662761867046356 2.8946969509124756
1790642547003143745 1.1096855401992798 -0.11662761867046356 2.9021224975585938
1790642547026093993 1.1096855401992798 -0.11662761867046356 2.905925750732422
1790642547045583432 1.1096855401992798 -0.11662761867046356 2.91044020652771
1790642547065573595 1.1096855401992798 -0.11662761867046356 2.9187822341918945
1790642547086661338 1.1096855401992798 -0.11662761867046356 2.927203893661499
1790642547105414909 1.1096855401992798 -0.11662761867046356 2.935152769088745
1790642547125338157 1.1096855401992798 -0.11662761867046356 2.944383144378662
1790642547145373218 1.109510064125061 -0.11726702004671097 2.957019805908203
1790642547165533596 1.109510064125061 -0.11726702004671097 2.9698567390441895
1790642547186848868 1.109510064125061 -0.11726702004671097 2.9829611778259277
1790642547205640456 1.109510064125061 -0.11726702004671097 2.9950807094573975
1790642547226582017 1.1074172258377075 -0.11669307202100754 3.0060315132141113
1790642547252785545 1.1042054891586304 -0.11496294289827347 3.0185844898223877
1790642547265627234 1.1008871793746948 -0.11581785976886749 3.0308420658111572
1790642547285889184 1.097778081893921 -0.11848947405815125 3.0464119911193848
1790642547307992007 1.096910834312439 -0.12165182828903198 3.066948175430298
1790642547336587213 1.0963325500488281 -0.12376078218221664 3.095625877380371
1790642547358983359 1.0963325500488281 -0.12376078218221664 3.1252379417419434
1790642547378135282 1.0966755151748657 -0.1225098967552185 -3.1338837146759033
1790642547398057346 1.097042202949524 -0.12117309868335724 -3.1118850708007812
1790642547420139880 1.0970895290374756 -0.12100072205066681 -3.0624876022338867
1790642547440076601 1.0974509716033936 -0.11968293786048889 -3.038712978363037
1790642547460117870 1.0984183549880981 -0.11615468561649323 -3.012965679168701
1790642547480442511 1.0995923280715942 -0.11187349259853363 -2.9841418266296387
1790642547500213338 1.1004042625427246 -0.10891322046518326 -2.9530043601989746
1790642547520289712 1.1009398698806763 -0.10696040838956833 -2.9202933311462402
1790642547540336358 1.1012409925460815 -0.10586221516132355 -2.8867404460906982
1790642547564461980 1.1012409925460815 -0.10586221516132355 -2.853102207183838
1790642547584557715 1.0993086099624634 -0.10533230751752853 -2.8219833374023438
1790642547604441603 1.0990324020385742 -0.10633955895900726 -2.79719614982605
1790642547624523994 1.0967376232147217 -0.10651490092277527 -2.770305633544922
1790642547644556654 1.0947446823120117 -0.10596827417612076 -2.744662046432495
1790642547664501056 1.0951367616653442 -0.10453905910253525 -2.7180864810943604
1790642547684686715 1.0951367616653442 -0.10453905910253525 -2.6908581256866455
1790642547704816980 1.094567060470581 -0.10661899298429489 -2.6615748405456543
1790642547724854473 1.094244360923767 -0.10779884457588196 -2.630068302154541
1790642547744843164 1.0944634675979614 -0.1069997027516365 -2.5954477787017822
1790642547764794574 1.0947550535202026 -0.10592849552631378 -2.5592269897460938
1790642547784834339 1.0956089496612549 -0.10274042189121246 -2.521099805831909
1790642547804896537 1.096746802330017 -0.09843899309635162 -2.4808850288391113
1790642547827096516 1.098107099533081 -0.093238964676857 -2.4407060146331787
1790642547846951698 1.0997514724731445 -0.0869012400507927 -2.401578187942505
1790642547867032585 1.1016193628311157 -0.07969336211681366 -2.3638784885406494
1790642547889338647 1.103599190711975 -0.07200005650520325 -2.3265702724456787
1790642547907074578 1.1057589054107666 -0.06363958865404129 -2.2900283336639404
1790642547927299438 1.1106418371200562 -0.05713202431797981 -2.2548258304595947
1790642547947094746 1.1164929866790771 -0.05209510028362274 -2.226590394973755
1790642547967318070 1.1185810565948486 -0.043810777366161346 -2.1937592029571533
1790642547989939665 1.1173362731933594 -0.036037739366292953 -2.155280590057373
1790642548007312798 1.1130120754241943 -0.030723748728632927 -2.1192166805267334
1790642548027376884 1.109553575515747 -0.024541610851883888 -2.089148998260498
1790642548047343334 1.1064170598983765 -0.01896575838327408 -2.059499979019165
1790642548067276247 1.1042183637619019 -0.014620145782828331 -2.0244855880737305
1790642548088524284 1.1020269393920898 -0.010786475613713264 -1.9880681037902832
1790642548107581643 1.0997443199157715 -0.007530003786087036 -1.9520869255065918
1790642548127534844 1.0980192422866821 -0.0032444261014461517 -1.9098443984985352
1790642548147741240 1.0948987007141113 0.0007307768682949245 -1.8671637773513794
1790642548167475138 1.0920897722244263 0.0039042287971824408 -1.819209098815918
1790642548190824921 1.0882313251495361 0.00621727854013443 -1.7711434364318848
1790642548211388547 1.0823463201522827 0.006332969758659601 -1.7298122644424438
1790642548230138405 1.0777418613433838 0.007800407707691193 -1.690758466720581
1790642548249998324 1.0723590850830078 0.009760914370417595 -1.670681357383728
1790642548269924868 1.0694798231124878 0.013844081200659275 -1.6449464559555054
1790642548289792723 1.0665388107299805 0.018558364361524582 -1.6154693365097046
1790642548309840425 1.0644980669021606 0.021530386060476303 -1.584200382232666
1790642548334900195 1.0644047260284424 0.015823867172002792 -1.5590664148330688
1790642548355847837 1.0603866577148438 0.01157543994486332 -1.5395065546035767
1790642548372135806 1.055554747581482 0.013451553881168365 -1.5185774564743042
1790642548392063087 1.0498650074005127 0.01671084761619568 -1.4964931011199951
1790642548412116549 1.0432713031768799 0.021231798455119133 -1.4749835729599
1790642548434079910 1.0386509895324707 0.02444390021264553 -1.4549798965454102
1790642548454358468 1.032874345779419 0.026683814823627472 -1.4358018636703491
1790642548474257428 1.028200387954712 0.029157361015677452 -1.4184072017669678
1790642548496537474 1.0227694511413574 0.03278561308979988 -1.402311086654663
1790642548516271691 1.016459584236145 0.03598877787590027 -1.3890485763549805
1790642548536374403 1.0094807147979736 0.03938061743974686 -1.3708983659744263
1790642548556472026 1.0014638900756836 0.04272865504026413 -1.3519848585128784
1790642548576479118 0.9948620796203613 0.044947776943445206 -1.3348686695098877
1790642548596479746 0.9912552833557129 0.04735077545046806 -1.3162938356399536
1790642548620610840 0.9822925925254822 0.04957431182265282 -1.2961853742599487
1790642548640860662 0.9732028245925903 0.04819720610976219 -1.2780333757400513
1790642548660689059 0.960452139377594 0.04343508929014206 -1.2633568048477173
1790642548680623572 0.9500299096107483 0.0400829091668129 -1.2500849962234497
1790642548705004980 0.9405584335327148 0.036267783492803574 -1.2385843992233276
1790642548720935335 0.9318205714225769 0.03323940560221672 -1.2276885509490967
1790642548741033855 0.9239434599876404 0.02845158614218235 -1.216948390007019
1790642548760870252 0.918343722820282 0.023024462163448334 -1.206102728843689
1790642548781598589 0.9140214920043945 0.01700151152908802 -1.195151686668396
1790642548801010617 0.9091348648071289 0.013203454203903675 -1.1830207109451294
1790642548821423069 0.9060418009757996 0.010593516752123833 -1.1705024242401123
1790642548843043633 0.9033363461494446 0.0024511744268238544 -1.1485573053359985
1790642548863136296 0.9031131267547607 -0.00021276588086038828 -1.1380866765975952
1790642548883511978 0.9046459794044495 -0.0015551201067864895 -1.1370278596878052
1790642548903478973 0.9053125977516174 -0.0020986581221222878 -1.1275603771209717
1790642548923182725 0.9074916839599609 -0.0037752024363726377 -1.114404320716858
1790642548943178616 0.9135312438011169 -0.004640956874936819 -1.103276252746582
1790642548963343347 0.9181774854660034 -0.007714892737567425 -1.097844123840332
1790642548988292009 0.920904815196991 -0.009381101466715336 -1.0963274240493774
1790642549003353786 0.9205109477043152 -0.011804223991930485 -1.1001641750335693
1790642549023478067 0.9171723127365112 -0.016205577179789543 -1.1066113710403442
1790642549043489287 0.9146773815155029 -0.021322162821888924 -1.1086311340332031
1790642549063578526 0.9129517078399658 -0.025214936584234238 -1.1075644493103027
1790642549083438924 0.9109382629394531 -0.030237166211009026 -1.1056404113769531
1790642549103538948 0.9095509648323059 -0.03417084366083145 -1.1028450727462769
1790642549125819858 0.9078260660171509 -0.0398196317255497 -1.0956315994262695
1790642549145702689 0.9066365957260132 -0.044508956372737885 -1.08441960811615
1790642549168277178 0.904474139213562 -0.050074126571416855 -1.0720040798187256
1790642549187704951 0.9009386897087097 -0.05621074140071869 -1.0602209568023682
1790642549209768828 0.8976238965988159 -0.06303320080041885 -1.049505591392517
1790642549229887668 0.8943877220153809 -0.06858488917350769 -1.0413323640823364
1790642549249924937 0.8912777900695801 -0.07291960716247559 -1.038899302482605
1790642549281929110 0.8894000053405762 -0.07574687898159027 -1.0476560592651367
1790642549301997196 0.8862241506576538 -0.07570431381464005 -1.0603601932525635
1790642549322011137 0.876836895942688 -0.07996656745672226 -1.0631459951400757
1790642549342157850 0.8699809312820435 -0.08396370708942413 -1.057650089263916
1790642549362084459 0.8656200766563416 -0.08742019534111023 -1.0513759851455688
1790642549382166818 0.8626104593276978 -0.09118478000164032 -1.0522408485412598
1790642549402135956 0.8597326278686523 -0.09405305236577988 -1.0590779781341553
1790642549423076749 0.858582079410553 -0.09418689459562302 -1.0658944845199585
1790642549442442152 0.8588746786117554 -0.09634100645780563 -1.069024682044983
1790642549462313238 0.8595820665359497 -0.09623236209154129 -1.0692697763442993
1790642549482377453 0.8595820665359497 -0.09623236209154129 -1.0685186386108398
1790642549504374543 0.8612586855888367 -0.09589268267154694 -1.0685261487960815
1790642549524394115 0.8629077672958374 -0.09552596509456635 -1.0680333375930786
1790642549544798439 0.8645071387290955 -0.09514147788286209 -1.0662109851837158
1790642549564541201 0.8667807579040527 -0.0945500060915947 -1.0628032684326172
1790642549584520515 0.8690671324729919 -0.09390587359666824 -1.0647449493408203
1790642549604711423 0.8709807395935059 -0.093329057097435 -1.0701100826263428
1790642549626890184 0.8719239830970764 -0.09302957355976105 -1.0731245279312134
1790642549647019937 0.8741254210472107 -0.09229831397533417 -1.0752506256103516
1790642549666654022 0.8832722306251526 -0.08914266526699066 -1.074479341506958
1790642549686854338 0.8917457461357117 -0.08611561357975006 -1.0688055753707886
1790642549706623884 0.8974483013153076 -0.08400911092758179 -1.062605619430542
1790642549730152267 0.9003806710243225 -0.0828896313905716 -1.0646307468414307
1790642549753871217 0.9015441536903381 -0.08243078738451004 -1.0667535066604614
1790642549770944818 0.9015441536903381 -0.08243078738451004 -1.0629669427871704
1790642549792898930 0.9015441536903381 -0.08243078738451004 -1.0714421272277832
1790642549813081741 0.9015441536903381 -0.08243078738451004 -1.0864006280899048
1790642549832915610 0.9015441536903381 -0.08243078738451004 -1.0799627304077148
1790642549853172888 0.9013922810554504 -0.0849149227142334 -1.0640493631362915
1790642549874597316 0.9013110995292664 -0.087242990732193 -1.052130103111267
1790642549893076604 0.9006085991859436 -0.09023484587669373 -1.0434046983718872
1790642549921617824 0.8994278311729431 -0.09081456810235977 -1.0278812646865845
1790642549941703287 0.8990307450294495 -0.09332107752561569 -1.0069304704666138
1790642549961812303 0.8982774615287781 -0.09370651841163635 -0.9845871925354004
1790642549981900998 0.8970698714256287 -0.09432672709226608 -0.9658206701278687
1790642550002424815 0.894700288772583 -0.09553228318691254 -0.9546852707862854
1790642550022527654 0.889906644821167 -0.09793232381343842 -0.9445444345474243
1790642550041927458 0.8851010203361511 -0.10032625496387482 -0.9277456998825073
1790642550062031770 0.8795861005783081 -0.10308083891868591 -0.9113016724586487
1790642550082090544 0.8752195239067078 -0.10527236014604568 -0.9020700454711914
1790642550102061731 0.8707863092422485 -0.10751286894083023 -0.896817147731781
1790642550122276863 0.8676218390464783 -0.10914092510938644 -0.8901457190513611
1790642550142469050 0.8668429851531982 -0.10955273360013962 -0.8830183148384094
1790642550163895622 0.8679510951042175 -0.11158686131238937 -0.8754915595054626
1790642550183707186 0.8693011999130249 -0.1108306273818016 -0.8687865734100342
1790642550205937342 0.8767682313919067 -0.10648069530725479 -0.856399416923523
1790642550225896208 0.8802217245101929 -0.10444843769073486 -0.8513005971908569
1790642550249891073 0.881126880645752 -0.10129701346158981 -0.8489124178886414
1790642550269847251 0.8818920850753784 -0.10086856037378311 -0.8499714136123657
1790642550289920041 0.8795862197875977 -0.09889721870422363 -0.8472264409065247
1790642550310006657 0.8754305839538574 -0.09806135296821594 -0.8463112115859985
1790642550329975987 0.8700371384620667 -0.10114529728889465 -0.8498281240463257
1790642550350332149 0.8635460138320923 -0.1048494353890419 -0.8506709933280945
1790642550374206625 0.857708215713501 -0.10812803357839584 -0.8481748104095459
1790642550395342177 0.8491004705429077 -0.11027009785175323 -0.8454186320304871
1790642550414083268 0.8407823443412781 -0.11483346670866013 -0.8461036682128906
1790642550434364898 0.8328028321266174 -0.11666356027126312 -0.8497934937477112
1790642550454165998 0.8281696438789368 -0.11920838057994843 -0.8525975346565247
1790642550474164354 0.8261700868606567 -0.12030714005231857 -0.8567686676979065
1790642550494210135 0.8240015506744385 -0.1214982196688652 -0.8607246279716492
1790642550514288366 0.823883056640625 -0.1244678646326065 -0.8533962965011597
1790642550543003705 0.823883056640625 -0.1244678646326065 -0.8382071256637573
1790642550562942922 0.8245571851730347 -0.12409257143735886 -0.8220627307891846
1790642550582935070 0.8255068063735962 -0.12356629967689514 -0.8104138374328613
1790642550603110136 0.826205313205719 -0.12318408489227295 -0.7992568612098694
1790642550623259474 0.8276365399360657 -0.122406505048275 -0.7902529835700989
1790642550643174658 0.8292900323867798 -0.1215127632021904 -0.7869551777839661
1790642550663215736 0.8303824067115784 -0.12092117965221405 -0.7823438048362732
1790642550683246989 0.8303824067115784 -0.12092117965221405 -0.7739620208740234
1790642550703263617 0.8319646716117859 -0.1200399100780487 -0.7625263929367065
1790642550723307190 0.8369776010513306 -0.11726104468107224 -0.7504538297653198
1790642550743409582 0.84099942445755 -0.11504276841878891 -0.7377710342407227
1790642550763491941 0.8440930843353271 -0.11332109570503235 -0.7253023386001587
1790642550783776260 0.8440930843353271 -0.11332109570503235 -0.7094838619232178
1790642550803535662 0.8440930843353271 -0.11332109570503235 -0.6921800971031189
1790642550824033589 0.8440930843353271 -0.11332109570503235 -0.676622211933136
1790642550843483539 0.8440930843353271 -0.11332109570503235 -0.6647462248802185
1790642550863670350 0.8449785709381104 -0.11281568557024002 -0.6556695699691772
1790642550883717604 0.8459646105766296 -0.11224137246608734 -0.6449155211448669
1790642550903799899 0.8459646105766296 -0.11224137246608734 -0.6377261877059937
1790642550925229095 0.8452181816101074 -0.11271339654922485 -0.6309970021247864
1790642550945409922 0.8447479605674744 -0.11627420037984848 -0.6194396615028381
1790642550966378684 0.843805730342865 -0.11984600871801376 -0.6076672077178955
1790642550985590384 0.8417602777481079 -0.12129426747560501 -0.5984085202217102
1790642551005469503 0.8363646268844604 -0.1251974254846573 -0.5919595956802368
1790642551025370959 0.8319905400276184 -0.12847492098808289 -0.585739016532898
1790642551045649806 0.8289194703102112 -0.13085590302944183 -0.5786336660385132
1790642551065785767 0.8256018757820129 -0.12985733151435852 -0.5684477686882019
1790642551085501103 0.8250390887260437 -0.13030682504177094 -0.5556963682174683
1790642551105639368 0.823830246925354 -0.13128569722175598 -0.5418609976768494
1790642551126501406 0.8243377208709717 -0.13086874783039093 -0.5247452855110168
1790642551145846488 0.8253442049026489 -0.13002903759479523 -0.5070351958274841
1790642551165817706 0.8288518786430359 -0.13028481602668762 -0.4869154691696167
1790642551185633431 0.8315291404724121 -0.13140462338924408 -0.46597549319267273
1790642551205688493 0.834725558757782 -0.13263863325119019 -0.4460245966911316
1790642551225906473 0.8373541831970215 -0.13313071429729462 -0.4306641221046448
1790642551245980416 0.8381117582321167 -0.1324637085199356 -0.42143353819847107
1790642551265939410 0.8381117582321167 -0.1324637085199356 -0.4138267934322357
1790642551297045339 0.8461284041404724 -0.12537117302417755 -0.37691107392311096
1790642551314192958 0.8509292006492615 -0.12115231901407242 -0.36819377541542053
1790642551333901286 0.8539401888847351 -0.11851080507040024 -0.3633415997028351
1790642551354167909 0.8549513816833496 -0.11761921644210815 -0.3607886731624603
1790642551373950832 0.8549513816833496 -0.11761921644210815 -0.3581520915031433
1790642551394174572 0.8543741106987 -0.11813033372163773 -0.3565203845500946
1790642551414235522 0.8534607887268066 -0.11893302202224731 -0.35559266805648804
1790642551434206357 0.8518105149269104 -0.12037515640258789 -0.3537871241569519
1790642551454490004 0.8496230244636536 -0.12227077037096024 -0.3511151671409607
1790642551474204700 0.8474885821342468 -0.12410563230514526 -0.34862643480300903
1790642551494259794 0.8444541692733765 -0.12675312161445618 -0.34627512097358704
1790642551514184611 0.8411905765533447 -0.12968899309635162 -0.34718039631843567
1790642551536210918 0.8378837704658508 -0.13276182115077972 -0.3516239821910858
1790642551558274699 0.8343213200569153 -0.1361503154039383 -0.35703426599502563
1790642551578353730 0.8301878571510315 -0.14017075300216675 -0.3581005930900574
1790642551600638928 0.8267573118209839 -0.14356815814971924 -0.3512089252471924
1790642551620819531 0.821840763092041 -0.1448342353105545 -0.35324856638908386
1790642551640459664 0.8154433965682983 -0.14120705425739288 -0.36427879333496094
1790642551660496997 0.8084196448326111 -0.14839330315589905 -0.37132692337036133
1790642551680731746 0.802943766117096 -0.15412555634975433 -0.36958056688308716
1790642551700564719 0.7989177703857422 -0.15844324231147766 -0.36345919966697693
1790642551720730410 0.794073760509491 -0.16377215087413788 -0.35967308282852173
1790642551740610617 0.7926387190818787 -0.16539089381694794 -0.3583717346191406
1790642551760722673 0.7913053631782532 -0.16694381833076477 -0.3586343228816986
1790642551780711236 0.7913053631782532 -0.16694381833076477 -0.35817620158195496
1790642551802971793 0.7913053631782532 -0.16694381833076477 -0.3621310889720917
1790642551822970020 0.7913053631782532 -0.16694381833076477 -0.36788102984428406
1790642551842987193 0.7920693755149841 -0.16595056653022766 -0.36789965629577637
1790642551862968140 0.7943994998931885 -0.16669167578220367 -0.3628880977630615
1790642551883195528 0.795251190662384 -0.1655423790216446 -0.35725659132003784
1790642551903179739 0.7981973886489868 -0.16588276624679565 -0.35767990350723267
1790642551928888816 0.7997643351554871 -0.16368526220321655 -0.3586101233959198
1790642551945726439 0.8007059693336487 -0.16233132779598236 -0.35724878311157227
1790642551965656568 0.8013277649879456 -0.1614193171262741 -0.3570352792739868
1790642551986158431 0.8013277649879456 -0.1614193171262741 -0.3591133654117584
1790642552005914921 0.8016839623451233 -0.1565384566783905 -0.361262708902359
1790642552028191863 0.8039136528968811 -0.14835597574710846 -0.3634380102157593
1790642552046065079 0.8078195452690125 -0.14224132895469666 -0.3647250235080719
1790642552065987399 0.8111722469329834 -0.13684219121932983 -0.3651353120803833
1790642552089478821 0.8131011128425598 -0.1335933655500412 -0.36730462312698364
1790642552109439191 0.8134900331497192 -0.13289320468902588 -0.36621737480163574
1790642552129577584 0.8139064311981201 -0.1321067065000534 -0.36425507068634033
1790642552149728522 0.8143513798713684 -0.13122200965881348 -0.36319464445114136
1790642552169777759 0.8164732456207275 -0.13223661482334137 -0.36222076416015625
1790642552189883159 0.8190032839775085 -0.13339896500110626 -0.36110809445381165
1790642552209628641 0.8184327483177185 -0.13467158377170563 -0.3600263297557831
1790642552229884766 0.8169276118278503 -0.13809874653816223 -0.35932376980781555
1790642552250449352 0.8160901069641113 -0.14011304080486298 -0.35871759057044983
1790642552269921319 0.8152899742126465 -0.1421344131231308 -0.358371376991272
1790642552291840583 0.8152899742126465 -0.1421344131231308 -0.35849863290786743
1790642552312217737 0.8152899742126465 -0.1421344131231308 -0.3584330081939697
1790642552331961747 0.8152899742126465 -0.1421344131231308 -0.3584243953227997
1790642552352191087 0.8175632357597351 -0.14199882745742798 -0.35819709300994873
1790642552371875607 0.817988932132721 -0.1408557891845703 -0.35730496048927307
1790642552392003791 0.8182769417762756 -0.14008024334907532 -0.3572175204753876
1790642552412117320 0.8187153339385986 -0.13889332115650177 -0.3579176664352417
1790642552432220927 0.8192619681358337 -0.13740086555480957 -0.35841843485832214
1790642552452214579 0.8197863698005676 -0.13595813512802124 -0.35817375779151917
1790642552472138436 0.820294201374054 -0.13455070555210114 -0.3572508692741394
1790642552492564488 0.8209348320960999 -0.1327802687883377 -0.3568476438522339
1790642552512313650 0.8214982151985168 -0.13124457001686096 -0.3569319546222687
1790642552532292517 0.8219106793403625 -0.13013873994350433 -0.35679277777671814
1790642552553126393 0.8219106793403625 -0.13013873994350433 -0.3562657833099365
1790642552572605752 0.8219106793403625 -0.13013873994350433 -0.3557676672935486
1790642552592473511 0.8217020034790039 -0.13070477545261383 -0.3560613691806793
1790642552612456890 0.8217020034790039 -0.13070477545261383 -0.3563498556613922
1790642552632473646 0.8217020034790039 -0.13070477545261383 -0.35594654083251953
1790642552652584038 0.8217020034790039 -0.13070477545261383 -0.35460764169692993
1790642552676593208 0.8217020034790039 -0.13070477545261383 -0.35320591926574707
1790642552695552067 0.8217020034790039 -0.13070477545261383 -0.3517359495162964
1790642552712670565 0.8217020034790039 -0.13070477545261383 -0.35051119327545166
1790642552732743195 0.8217020034790039 -0.13070477545261383 -0.35011130571365356
1790642552752792529 0.8217020034790039 -0.13070477545261383 -0.3506429195404053
1790642552772822662 0.8217020034790039 -0.13070477545261383 -0.35159897804260254
1790642552792983360 0.8217020034790039 -0.13070477545261383 -0.3518555164337158
1790642552813039670 0.8217020034790039 -0.13070477545261383 -0.3518870174884796
1790642552832890020 0.8217020034790039 -0.13070477545261383 -0.35208094120025635
1790642552852955354 0.8217020034790039 -0.13070477545261383 -0.35302722454071045
1790642552873227480 0.8217020034790039 -0.13070477545261383 -0.3540700674057007
1790642552893263117 0.8217020034790039 -0.13070477545261383 -0.3543688952922821
1790642552913249857 0.8217020034790039 -0.13070477545261383 -0.35398393869400024
1790642552933295574 0.8217020034790039 -0.13070477545261383 -0.35304760932922363
1790642552953419247 0.8217020034790039 -0.13070477545261383 -0.3516772389411926
1790642552973181497 0.8217020034790039 -0.13070477545261383 -0.3504866361618042
1790642552993448631 0.8217020034790039 -0.13070477545261383 -0.35059863328933716
1790642553016941748 0.8217020034790039 -0.13070477545261383 -0.3515041172504425
1790642553035969698 0.8217020034790039 -0.13070477545261383 -0.35181325674057007
1790642553056563565 0.8217020034790039 -0.13070477545261383 -0.3516440689563751
1790642553075457173 0.8217020034790039 -0.13070477545261383 -0.35151106119155884
1790642553095379558 0.8217020034790039 -0.13070477545261383 -0.3514295816421509
1790642553115715399 0.8217020034790039 -0.13070477545261383 -0.35110554099082947
1790642553137407133 0.8217020034790039 -0.13070477545261383 -0.35054969787597656
1790642553157607897 0.8217020034790039 -0.13070477545261383 -0.35015034675598145
1790642553177637581 0.8217020034790039 -0.13070477545261383 -0.3501681685447693
1790642553208313190 0.8217020034790039 -0.13070477545261383 -0.34992486238479614
1790642553228457407 0.8217020034790039 -0.13070477545261383 -0.34892353415489197
1790642553248331246 0.8217020034790039 -0.13070477545261383 -0.34779661893844604
1790642553268456934 0.8217020034790039 -0.13070477545261383 -0.3466187119483948
1790642553290051225 0.8217020034790039 -0.13070477545261383 -0.3459117114543915
1790642553310364505 0.8217020034790039 -0.13070477545261383 -0.34551432728767395
1790642553333194268 0.8217020034790039 -0.13070477545261383 -0.3452000021934509
1790642553352457875 0.8217020034790039 -0.13070477545261383 -0.34526437520980835
1790642553372005141 0.8217020034790039 -0.13070477545261383 -0.34585025906562805
1790642553393932244 0.8217020034790039 -0.13070477545261383 -0.34575027227401733
1790642553413980970 0.8217020034790039 -0.13070477545261383 -0.34556329250335693
1790642553435253200 0.8217020034790039 -0.13070477545261383 -0.3456070125102997
1790642553455407625 0.8217020034790039 -0.13070477545261383 -0.34564149379730225
1790642553474507674 0.8217020034790039 -0.13070477545261383 -0.34519821405410767
1790642553494197793 0.8217020034790039 -0.13070477545261383 -0.3446386456489563
1790642553514518497 0.8217020034790039 -0.13070477545261383 -0.34410157799720764
1790642553534248106 0.8217020034790039 -0.13070477545261383 -0.3437466323375702
1790642553554456838 0.8217020034790039 -0.13070477545261383 -0.34355440735816956
1790642553574345334 0.8217020034790039 -0.13070477545261383 -0.34366631507873535
1790642553596386650 0.8217020034790039 -0.13070477545261383 -0.34389421343803406
1790642553616517811 0.8217020034790039 -0.13070477545261383 -0.3437940180301666
1790642553636459844 0.8217020034790039 -0.13070477545261383 -0.34317508339881897
1790642553658946586 0.8217020034790039 -0.13070477545261383 -0.3423740863800049
1790642553678263602 0.8217020034790039 -0.13070477545261383 -0.3419190049171448
1790642553700667845 0.8217020034790039 -0.13070477545261383 -0.3417722284793854
1790642553721421270 0.8217020034790039 -0.13070477545261383 -0.3413817584514618
1790642553740668140 0.8217020034790039 -0.13070477545261383 -0.34083157777786255
1790642553761087184 0.8217020034790039 -0.13070477545261383 -0.3407902717590332
1790642553780839706 0.8217020034790039 -0.13070477545261383 -0.34068143367767334
1790642553800814701 0.8217020034790039 -0.13070477545261383 -0.34030166268348694
1790642553822222200 0.8217020034790039 -0.13070477545261383 -0.3398224711418152
1790642553841065086 0.8217020034790039 -0.13070477545261383 -0.3392583131790161
1790642553863300010 0.8217020034790039 -0.13070477545261383 -0.338919073343277
1790642553884149183 0.8217020034790039 -0.13070477545261383 -0.33878248929977417
1790642553902971237 0.8217020034790039 -0.13070477545261383 -0.33857181668281555
1790642553923010714 0.8217020034790039 -0.13070477545261383 -0.33852672576904297
1790642553943128434 0.8217020034790039 -0.13070477545261383 -0.338473916053772
1790642553971234245 0.8217020034790039 -0.13070477545261383 -0.3384328782558441
1790642553991385983 0.8217020034790039 -0.13070477545261383 -0.33846548199653625
1790642554011600731 0.8217020034790039 -0.13070477545261383 -0.3383873999118805
1790642554031309347 0.8217020034790039 -0.13070477545261383 -0.338052362203598
1790642554051785386 0.8217020034790039 -0.13070477545261383 -0.33797526359558105
1790642554071507602 0.8217020034790039 -0.13070477545261383 -0.3377338647842407
1790642554093670491 0.8217020034790039 -0.13070477545261383 -0.3373349606990814
1790642554113575019 0.8217020034790039 -0.13070477545261383 -0.33744415640830994
1790642554133522653 0.8217020034790039 -0.13070477545261383 -0.33725836873054504
1790642554153671990 0.8217020034790039 -0.13070477545261383 -0.33692994713783264
1790642554173556965 0.8217020034790039 -0.13070477545261383 -0.33680009841918945
1790642554195788881 0.8217020034790039 -0.13070477545261383 -0.33668678998947144
1790642554216132466 0.8217020034790039 -0.13070477545261383 -0.3365043103694916
1790642554235697973 0.8217020034790039 -0.13070477545261383 -0.33638960123062134
1790642554255875152 0.8217020034790039 -0.13070477545261383 -0.3364512622356415
1790642554275924709 0.8217020034790039 -0.13070477545261383 -0.33655697107315063
1790642554295823637 0.8217020034790039 -0.13070477545261383 -0.33656546473503113
1790642554315887787 0.8217020034790039 -0.13070477545261383 -0.33647534251213074
1790642554335897151 0.8217020034790039 -0.13070477545261383 -0.33636361360549927
1790642554355851569 0.8217020034790039 -0.13070477545261383 -0.3362599313259125
1790642554376064333 0.8217020034790039 -0.13070477545261383 -0.33615756034851074
1790642554395915003 0.8217020034790039 -0.13070477545261383 -0.3360788822174072
1790642554416127639 0.8217020034790039 -0.13070477545261383 -0.3360675871372223
1790642554436130027 0.8217020034790039 -0.13070477545261383 -0.3360931873321533
1790642554456169248 0.8217020034790039 -0.13070477545261383 -0.33615702390670776
1790642554476140019 0.8217020034790039 -0.13070477545261383 -0.33619973063468933
1790642554496270667 0.8217020034790039 -0.13070477545261383 -0.336241751909256
1790642554516214749 0.8217020034790039 -0.13070477545261383 -0.33624255657196045
1790642554536428377 0.8217020034790039 -0.13070477545261383 -0.33622458577156067
1790642554556306280 0.8217020034790039 -0.13070477545261383 -0.33622846007347107
1790642554576536805 0.8217020034790039 -0.13070477545261383 -0.33622318506240845
1790642554598362880 0.8217020034790039 -0.13070477545261383 -0.33623477816581726
1790642554624772464 0.8217020034790039 -0.13070477545261383 -0.33627232909202576
1790642554638560816 0.8217020034790039 -0.13070477545261383 -0.33630847930908203
1790642554660523921 0.8217020034790039 -0.13070477545261383 -0.33635902404785156
1790642554680628232 0.8217020034790039 -0.13070477545261383 -0.3363194763660431
1790642554700534872 0.8217020034790039 -0.13070477545261383 -0.33609530329704285
1790642554723032718 0.8217020034790039 -0.13070477545261383 -0.3355715870857239
1790642554743173608 0.8217020034790039 -0.13070477545261383 -0.3349454700946808
1790642554764756570 0.8217020034790039 -0.13070477545261383 -0.33438819646835327
1790642554784853329 0.8217020034790039 -0.13070477545261383 -0.33399200439453125
1790642554804811971 0.8217020034790039 -0.13070477545261383 -0.3337791860103607
1790642554827052271 0.8217020034790039 -0.13070477545261383 -0.3336130380630493
1790642554847199209 0.8217020034790039 -0.13070477545261383 -0.3333927392959595
1790642554866907985 0.8217020034790039 -0.13070477545261383 -0.3331755995750427
1790642554886911717 0.8217020034790039 -0.13070477545261383 -0.33287718892097473
1790642554907006844 0.8217020034790039 -0.13070477545261383 -0.3323562741279602
1790642554927116180 0.8217020034790039 -0.13070477545261383 -0.3316260874271393
1790642554947035749 0.8217020034790039 -0.13070477545261383 -0.3308084309101105
1790642554967058361 0.8217020034790039 -0.13070477545261383 -0.32988137006759644
1790642554987215347 0.8217020034790039 -0.13070477545261383 -0.32937365770339966
1790642555007328619 0.8217020034790039 -0.13070477545261383 -0.32939523458480835
1790642555027297598 0.8217020034790039 -0.13070477545261383 -0.32945042848587036
1790642555047251728 0.8217020034790039 -0.13070477545261383 -0.3295438289642334
1790642555067307974 0.8217020034790039 -0.13070477545261383 -0.3295677900314331
1790642555087358203 0.8217020034790039 -0.13070477545261383 -0.32932281494140625
1790642555107526710 0.8217020034790039 -0.13070477545261383 -0.32897916436195374
1790642555130228564 0.8217020034790039 -0.13070477545261383 -0.3286830186843872
1790642555147808264 0.8217020034790039 -0.13070477545261383 -0.3286055624485016
1790642555167456462 0.8217020034790039 -0.13070477545261383 -0.3285638988018036
1790642555189659576 0.8217020034790039 -0.13070477545261383 -0.32866141200065613
1790642555209525895 0.8217020034790039 -0.13070477545261383 -0.32872533798217773
1790642555230382748 0.8217020034790039 -0.13070477545261383 -0.32860448956489563
1790642555249858203 0.8217020034790039 -0.13070477545261383 -0.32808420062065125
1790642555269856175 0.8217020034790039 -0.13070477545261383 -0.32786017656326294
1790642555289797024 0.8217020034790039 -0.13070477545261383 -0.3276238739490509
1790642555309917657 0.8217020034790039 -0.13070477545261383 -0.3274345099925995
1790642555329903852 0.8217020034790039 -0.13070477545261383 -0.3273625075817108
1790642555350099623 0.8217020034790039 -0.13070477545261383 -0.3274560868740082
1790642555370289218 0.8217020034790039 -0.13070477545261383 -0.3275681436061859
1790642555390463901 0.8217020034790039 -0.13070477545261383 -0.32755807042121887
1790642555409992958 0.8217020034790039 -0.13070477545261383 -0.3274102807044983
1790642555429989522 0.8217020034790039 -0.13070477545261383 -0.3272773027420044
1790642555450230767 0.8217020034790039 -0.13070477545261383 -0.32719650864601135
1790642555470347591 0.8217020034790039 -0.13070477545261383 -0.3271595239639282
1790642555492896575 0.8217020034790039 -0.13070477545261383 -0.32720088958740234
1790642555512858162 0.8217020034790039 -0.13070477545261383 -0.32729652523994446
1790642555532847781 0.8217020034790039 -0.13070477545261383 -0.32722970843315125
1790642555552828344 0.8217020034790039 -0.13070477545261383 -0.32713794708251953
1790642555572882158 0.8217020034790039 -0.13070477545261383 -0.32724645733833313
1790642555595404453 0.8217020034790039 -0.13070477545261383 -0.3271141052246094
1790642555613161184 0.8217020034790039 -0.13070477545261383 -0.3270203173160553
1790642555633171476 0.8217020034790039 -0.13070477545261383 -0.3271075487136841
1790642555654854602 0.8217020034790039 -0.13070477545261383 -0.3272051215171814
1790642555674751002 0.8217020034790039 -0.13070477545261383 -0.32726702094078064
1790642555694763694 0.8217020034790039 -0.13070477545261383 -0.32727667689323425
1790642555714757601 0.8217020034790039 -0.13070477545261383 -0.327129065990448
1790642555734658545 0.8217020034790039 -0.13070477545261383 -0.32697629928588867
1790642555755788305 0.8217020034790039 -0.13070477545261383 -0.32690611481666565
1790642555775077033 0.8217020034790039 -0.13070477545261383 -0.32683268189430237
1790642555794860500 0.8217020034790039 -0.13070477545261383 -0.32665276527404785
1790642555817011421 0.8217020034790039 -0.13070477545261383 -0.32649707794189453
1790642555836941933 0.8217020034790039 -0.13070477545261383 -0.32649633288383484
1790642555857254029 0.8217020034790039 -0.13070477545261383 -0.32652905583381653
1790642555883269998 0.8217020034790039 -0.13070477545261383 -0.32650309801101685
1790642555907484488 0.8217020034790039 -0.13070477545261383 -0.32644540071487427
1790642555931121771 0.8217020034790039 -0.13070477545261383 -0.326379656791687
1790642555951253220 0.8217020034790039 -0.13070477545261383 -0.32626527547836304
1790642555971276344 0.8217020034790039 -0.13070477545261383 -0.32616251707077026
1790642555991326478 0.8217020034790039 -0.13070477545261383 -0.326158732175827
1790642556011361699 0.8217020034790039 -0.13070477545261383 -0.3261744976043701
1790642556033988862 0.8217020034790039 -0.13070477545261383 -0.32622045278549194
1790642556054126071 0.8217020034790039 -0.13070477545261383 -0.32625970244407654
1790642556073923107 0.8217020034790039 -0.13070477545261383 -0.3263491988182068
1790642556094124991 0.8217020034790039 -0.13070477545261383 -0.326372355222702
1790642556117668382 0.8217020034790039 -0.13070477545261383 -0.32632848620414734
1790642556135624097 0.8217020034790039 -0.13070477545261383 -0.3263455033302307
1790642556156586075 0.8217020034790039 -0.13070477545261383 -0.326363742351532
1790642556176750869 0.8217020034790039 -0.13070477545261383 -0.326383501291275
1790642556195725760 0.8217020034790039 -0.13070477545261383 -0.3264257311820984
1790642556215700179 0.8217020034790039 -0.13070477545261383 -0.32643499970436096
1790642556237786457 0.8217020034790039 -0.13070477545261383 -0.32644784450531006
1790642556257954771 0.8217020034790039 -0.13070477545261383 -0.32650458812713623
1790642556277879076 0.8217020034790039 -0.13070477545261383 -0.3265182673931122
1790642556297831861 0.8217020034790039 -0.13070477545261383 -0.3265117108821869
1790642556318011568 0.8217020034790039 -0.13070477545261383 -0.32652992010116577
1790642556337921216 0.8217020034790039 -0.13070477545261383 -0.32650890946388245
1790642556358096091 0.8217020034790039 -0.13070477545261383 -0.3264816701412201
1790642556378005131 0.8217020034790039 -0.13070477545261383 -0.3264492154121399
1790642556401078232 0.8217020034790039 -0.13070477545261383 -0.3264024555683136
1790642556424165189 0.8217020034790039 -0.13070477545261383 -0.3264157176017761
1790642556448811568 0.8217020034790039 -0.13070477545261383 -0.32644638419151306
1790642556468072582 0.8217020034790039 -0.13070477545261383 -0.3264179825782776
1790642556488174110 0.8217020034790039 -0.13070477545261383 -0.3264116644859314
1790642556513862066 0.8217020034790039 -0.13070477545261383 -0.32640326023101807
1790642556528217767 0.8217020034790039 -0.13070477545261383 -0.3263842761516571
1790642556548390690 0.8217020034790039 -0.13070477545261383 -0.32637718319892883
1790642556568284529 0.8217020034790039 -0.13070477545261383 -0.3263949453830719
1790642556588559792 0.8217020034790039 -0.13070477545261383 -0.32637032866477966
1790642556608309882 0.8217020034790039 -0.13070477545261383 -0.32637184858322144
1790642556628536886 0.8217020034790039 -0.13070477545261383 -0.3263404965400696
1790642556652568617 0.8217020034790039 -0.13070477545261383 -0.326325386762619
1790642556672697633 0.8217020034790039 -0.13070477545261383 -0.32637742161750793
1790642556695346878 0.8217020034790039 -0.13070477545261383 -0.32646459341049194
1790642556715366642 0.8217020034790039 -0.13070477545261383 -0.3265196681022644
1790642556736694010 0.8217020034790039 -0.13070477545261383 -0.32656165957450867
1790642556756837075 0.8217020034790039 -0.13070477545261383 -0.3265712857246399
1790642556777030639 0.8217020034790039 -0.13070477545261383 -0.32659614086151123
1790642556796910910 0.8217020034790039 -0.13070477545261383 -0.32698875665664673
1790642556816878224 0.8217020034790039 -0.13070477545261383 -0.3277236223220825
1790642556836841602 0.8217020034790039 -0.13070477545261383 -0.32871657609939575
1790642556858238029 0.8217020034790039 -0.13070477545261383 -0.32887184619903564
1790642556876785479 0.8217020034790039 -0.13070477545261383 -0.3287946879863739
1790642556897226060 0.8217020034790039 -0.13070477545261383 -0.3286786675453186
1790642556917220928 0.8217020034790039 -0.13070477545261383 -0.3288983106613159
1790642556936984106 0.8217020034790039 -0.13070477545261383 -0.3295973539352417
1790642556957119843 0.8217020034790039 -0.13070477545261383 -0.3304738700389862
1790642556976950032 0.8217020034790039 -0.13070477545261383 -0.33102765679359436
1790642556997012455 0.8217020034790039 -0.13070477545261383 -0.3315514624118805
1790642557018745118 0.8217020034790039 -0.13070477545261383 -0.3320178687572479
1790642557041273046 0.8217020034790039 -0.13070477545261383 -0.3327823877334595
1790642557061235336 0.8217020034790039 -0.13070477545261383 -0.333766371011734
1790642557081199450 0.8217020034790039 -0.13070477545261383 -0.3352523446083069
1790642557101215471 0.8217020034790039 -0.13070477545261383 -0.3359562158584595
1790642557121294437 0.8217020034790039 -0.13070477545261383 -0.33547553420066833
1790642557143380459 0.8217020034790039 -0.13070477545261383 -0.33498337864875793
1790642557171778250 0.8217020034790039 -0.13070477545261383 -0.334647536277771
1790642557185437796 0.8217020034790039 -0.13070477545261383 -0.3352101743221283
1790642557205441303 0.8217020034790039 -0.13070477545261383 -0.33685827255249023
1790642557225625010 0.8217020034790039 -0.13070477545261383 -0.3380998373031616
1790642557245584932 0.8217020034790039 -0.13070477545261383 -0.3382789194583893
1790642557274439189 0.8217020034790039 -0.13070477545261383 -0.33819901943206787
1790642557292891500 0.8217020034790039 -0.13070477545261383 -0.33781465888023376
1790642557311699792 0.8217020034790039 -0.13070477545261383 -0.3380020558834076
1790642557335750276 0.8217020034790039 -0.13070477545261383 -0.33910760283470154
1790642557355987777 0.8217020034790039 -0.13070477545261383 -0.3395116329193115
1790642557375873424 0.8217020034790039 -0.13070477545261383 -0.33944135904312134
1790642557395874148 0.8217020034790039 -0.13070477545261383 -0.339354932308197
1790642557416754330 0.8217020034790039 -0.13070477545261383 -0.3395075798034668
1790642557435846762 0.8217020034790039 -0.13070477545261383 -0.34026890993118286
1790642557456108328 0.8217020034790039 -0.13070477545261383 -0.341170996427536
1790642557476000375 0.8217020034790039 -0.13070477545261383 -0.34167882800102234
1790642557495994667 0.8217020034790039 -0.13070477545261383 -0.3423255681991577
1790642557516047553 0.8217020034790039 -0.13070477545261383 -0.3427179157733917
1790642557536064597 0.8217020034790039 -0.13070477545261383 -0.34333762526512146
1790642557556038984 0.8217020034790039 -0.13070477545261383 -0.34430044889450073
1790642557578062731 0.8217020034790039 -0.13070477545261383 -0.3445602059364319
1790642557598242790 0.8217020034790039 -0.13070477545261383 -0.34403756260871887
1790642557619856409 0.8217020034790039 -0.13070477545261383 -0.34358012676239014
1790642557638242733 0.8217020034790039 -0.13070477545261383 -0.3434991240501404
1790642557658532268 0.8217020034790039 -0.13070477545261383 -0.34427452087402344
1790642557678498111 0.8217020034790039 -0.13070477545261383 -0.34562990069389343
1790642557698221287 0.8217020034790039 -0.13070477545261383 -0.34716781973838806
1790642557718940343 0.8217020034790039 -0.13070477545261383 -0.3487350046634674
1790642557740127322 0.8217020034790039 -0.13070477545261383 -0.3496739864349365
1790642557762182943 0.8217020034790039 -0.13070477545261383 -0.3496640920639038
1790642557781949097 0.8217020034790039 -0.13070477545261383 -0.3496265411376953
1790642557800440929 0.8217020034790039 -0.13070477545261383 -0.3496060371398926
1790642557820634429 0.8217020034790039 -0.13070477545261383 -0.3494184613227844
1790642557840681490 0.8217020034790039 -0.13070477545261383 -0.3491261601448059
1790642557860816331 0.8217020034790039 -0.13070477545261383 -0.34887516498565674
1790642557880605015 0.8217020034790039 -0.13070477545261383 -0.3488377034664154
1790642557900692366 0.8217020034790039 -0.13070477545261383 -0.349408894777298
1790642557920759972 0.8217020034790039 -0.13070477545261383 -0.350441038608551
1790642557940879260 0.8217020034790039 -0.13070477545261383 -0.35160067677497864
1790642557964882670 0.8217020034790039 -0.13070477545261383 -0.3525959849357605
1790642557991732431 0.8217020034790039 -0.13070477545261383 -0.35227325558662415
1790642558011006566 0.8217020034790039 -0.13070477545261383 -0.35251253843307495
1790642558031497293 0.8217020034790039 -0.13070477545261383 -0.3527277410030365
1790642558050975085 0.8217020034790039 -0.13070477545261383 -0.35224178433418274
1790642558070927070 0.8217020034790039 -0.13070477545261383 -0.3512890934944153
1790642558090987252 0.8217020034790039 -0.13070477545261383 -0.35053664445877075
1790642558111109901 0.8217020034790039 -0.13070477545261383 -0.35062795877456665
1790642558131079743 0.8217020034790039 -0.13070477545261383 -0.3509398102760315
1790642558151099476 0.8217020034790039 -0.13070477545261383 -0.35164961218833923
1790642558173082006 0.8217020034790039 -0.13070477545261383 -0.352875292301178
1790642558195189948 0.8217020034790039 -0.13070477545261383 -0.353291779756546
1790642558215125518 0.8217020034790039 -0.13070477545261383 -0.3530330955982208
1790642558245964972 0.8217020034790039 -0.13070477545261383 -0.3530324399471283
1790642558257333004 0.8217020034790039 -0.13070477545261383 -0.3536255955696106
1790642558277229724 0.8217020034790039 -0.13070477545261383 -0.35399624705314636
1790642558297262033 0.8217020034790039 -0.13070477545261383 -0.35368669033050537
1790642558317469132 0.8217020034790039 -0.13070477545261383 -0.35288023948669434
1790642558337284761 0.8217020034790039 -0.13070477545261383 -0.352105051279068
1790642558358106701 0.8217020034790039 -0.13070477545261383 -0.35248807072639465
1790642558379881894 0.8217020034790039 -0.13070477545261383 -0.3535069525241852
1790642558401478457 0.8217020034790039 -0.13070477545261383 -0.3543684184551239
1790642558421478861 0.8217020034790039 -0.13070477545261383 -0.3552723824977875
1790642558441451455 0.8217020034790039 -0.13070477545261383 -0.3558887839317322
1790642558461596153 0.8217020034790039 -0.13070477545261383 -0.35645201802253723
1790642558481608109 0.8217020034790039 -0.13070477545261383 -0.357361376285553
1790642558503575310 0.8217020034790039 -0.13070477545261383 -0.35833093523979187
1790642558524233052 0.8217020034790039 -0.13070477545261383 -0.35891976952552795
1790642558547334666 0.8217020034790039 -0.13070477545261383 -0.3586037755012512
1790642558566182224 0.8217020034790039 -0.13070477545261383 -0.35775354504585266
1790642558585785268 0.8217020034790039 -0.13070477545261383 -0.35708069801330566
1790642558605847690 0.8217020034790039 -0.13070477545261383 -0.35661888122558594
1790642558626295759 0.8217020034790039 -0.13070477545261383 -0.35631564259529114
1790642558647249481 0.8217020034790039 -0.13070477545261383 -0.35666587948799133
1790642558665881703 0.8217020034790039 -0.13070477545261383 -0.3576818108558655
1790642558686153381 0.8217020034790039 -0.13070477545261383 -0.3588625192642212
1790642558706210907 0.8217020034790039 -0.13070477545261383 -0.3595288097858429
1790642558726824391 0.8217020034790039 -0.13070477545261383 -0.3596057891845703
1790642558746107486 0.8217020034790039 -0.13070477545261383 -0.3593285381793976
1790642558768189348 0.8217020034790039 -0.13070477545261383 -0.35927900671958923
1790642558788246138 0.8217020034790039 -0.13070477545261383 -0.3587972819805145
1790642558809896206 0.8217020034790039 -0.13070477545261383 -0.358150839805603
1790642558828228833 0.8217020034790039 -0.13070477545261383 -0.3579002618789673
1790642558848249845 0.8217020034790039 -0.13070477545261383 -0.3580878674983978
1790642558868255625 0.8217020034790039 -0.13070477545261383 -0.35838782787323
1790642558891808393 0.8217020034790039 -0.13070477545261383 -0.3586433231830597
1790642558910365859 0.8217020034790039 -0.13070477545261383 -0.35897353291511536
1790642558930451483 0.8217020034790039 -0.13070477545261383 -0.35944265127182007
1790642558952970225 0.8217020034790039 -0.13070477545261383 -0.35944804549217224
1790642558972397871 0.8217020034790039 -0.13070477545261383 -0.35922864079475403
1790642558992630603 0.8217020034790039 -0.13070477545261383 -0.3593928813934326
1790642559012537051 0.8217020034790039 -0.13070477545261383 -0.3595063388347626
1790642559032657428 0.8217020034790039 -0.13070477545261383 -0.3595767915248871
1790642559052752427 0.8217020034790039 -0.13070477545261383 -0.3597535789012909
1790642559072679580 0.8217020034790039 -0.13070477545261383 -0.3598935306072235
1790642559093301864 0.8217020034790039 -0.13070477545261383 -0.3598516583442688
1790642559112786600 0.8217020034790039 -0.13070477545261383 -0.35975924134254456
1790642559134855629 0.8217020034790039 -0.13070477545261383 -0.35957664251327515
1790642559155612190 0.8217020034790039 -0.13070477545261383 -0.35944706201553345
1790642559174795698 0.8217020034790039 -0.13070477545261383 -0.35932692885398865
1790642559194959948 0.8217020034790039 -0.13070477545261383 -0.3591149151325226
1790642559214878077 0.8217020034790039 -0.13070477545261383 -0.3588809669017792
1790642559236958914 0.8217020034790039 -0.13070477545261383 -0.3587091565132141
1790642559257078011 0.8217020034790039 -0.13070477545261383 -0.35856521129608154
1790642559277364922 0.8217020034790039 -0.13070477545261383 -0.3584873080253601
1790642559297262761 0.8217020034790039 -0.13070477545261383 -0.35844966769218445
1790642559317262589 0.8217020034790039 -0.13070477545261383 -0.3584274649620056
1790642559337152396 0.8217020034790039 -0.13070477545261383 -0.35844412446022034
1790642559357341543 0.8217020034790039 -0.13070477545261383 -0.3584955930709839
1790642559381725256 0.8217020034790039 -0.13070477545261383 -0.3585023880004883
1790642559401327052 0.8217020034790039 -0.13070477545261383 -0.3585231602191925
1790642559421603146 0.8217020034790039 -0.13070477545261383 -0.35852959752082825
1790642559441337524 0.8217020034790039 -0.13070477545261383 -0.35854876041412354
1790642559461331175 0.8217020034790039 -0.13070477545261383 -0.35859328508377075
1790642559481334107 0.8217020034790039 -0.13070477545261383 -0.35863885283470154
1790642559501372624 0.8217020034790039 -0.13070477545261383 -0.35865849256515503
1790642559521624174 0.8217020034790039 -0.13070477545261383 -0.35868608951568604
1790642559541688036 0.8217020034790039 -0.13070477545261383 -0.358704149723053
1790642559561814365 0.8217020034790039 -0.13070477545261383 -0.3587314486503601
1790642559583071202 0.8217020034790039 -0.13070477545261383 -0.35876575112342834
1790642559601528345 0.8217020034790039 -0.13070477545261383 -0.35880202054977417
1790642559622321292 0.8217020034790039 -0.13070477545261383 -0.35883593559265137
1790642559641558145 0.8217020034790039 -0.13070477545261383 -0.3588971495628357
1790642559661884866 0.8217020034790039 -0.13070477545261383 -0.3589535057544708
1790642559683004130 0.8217020034790039 -0.13070477545261383 -0.3590163588523865
1790642559701661344 0.8217020034790039 -0.13070477545261383 -0.359025776386261
1790642559721915582 0.8217020034790039 -0.13070477545261383 -0.3589993715286255
1790642559741915666 0.8217020034790039 -0.13070477545261383 -0.35893556475639343
1790642559762178992 0.8217020034790039 -0.13070477545261383 -0.35888671875
1790642559782163971 0.8217020034790039 -0.13070477545261383 -0.35887181758880615
1790642559802077331 0.8217020034790039 -0.13070477545261383 -0.3588578701019287
1790642559824267229 0.8217020034790039 -0.13070477545261383 -0.3588486611843109
1790642559841998136 0.8217020034790039 -0.13070477545261383 -0.35881662368774414
1790642559862166098 0.8217020034790039 -0.13070477545261383 -0.35879409313201904
1790642559882039425 0.8217020034790039 -0.13070477545261383 -0.3587612807750702
1790642559902093590 0.8217020034790039 -0.13070477545261383 -0.35874587297439575
1790642559922392022 0.8217020034790039 -0.13070477545261383 -0.35875484347343445
1790642559942078461 0.8217020034790039 -0.13070477545261383 -0.3587668240070343
1790642559962427167 0.8217020034790039 -0.13070477545261383 -0.3587602376937866
1790642559982366032 0.8217020034790039 -0.13070477545261383 -0.35875487327575684
1790642560002189981 0.8217020034790039 -0.13070477545261383 -0.35877788066864014
1790642560022760775 0.8217020034790039 -0.13070477545261383 -0.3587876558303833
1790642560042458351 0.8217020034790039 -0.13070477545261383 -0.3588090240955353
1790642560062934229 0.8217020034790039 -0.13070477545261383 -0.3588411509990692
1790642560082626845 0.8217020034790039 -0.13070477545261383 -0.3588412404060364
1790642560102520908 0.8217020034790039 -0.13070477545261383 -0.3588496148586273
1790642560122554913 0.8217020034790039 -0.13070477545261383 -0.3588545024394989
1790642560142613815 0.8217020034790039 -0.13070477545261383 -0.35885271430015564
1790642560178841130 0.8217020034790039 -0.13070477545261383 -0.358871728181839
1790642560198623413 0.8217020034790039 -0.13070477545261383 -0.3588634133338928
1790642560219207552 0.8217020034790039 -0.13070477545261383 -0.3588567078113556
1790642560238677087 0.8217020034790039 -0.13070477545261383 -0.35884615778923035
1790642560258687283 0.8217020034790039 -0.13070477545261383 -0.35882219672203064
1790642560280028475 0.8217020034790039 -0.13070477545261383 -0.3588176667690277
1790642560304835340 0.8217020034790039 -0.13070477545261383 -0.35881027579307556
1790642560327034487 0.8217020034790039 -0.13070477545261383 -0.35879775881767273
1790642560347084620 0.8217020034790039 -0.13070477545261383 -0.35878950357437134
1790642560369144561 0.8217020034790039 -0.13070477545261383 -0.3587568402290344
1790642560390940204 0.8217020034790039 -0.13070477545261383 -0.3587426245212555
1790642560411067588 0.8217020034790039 -0.13070477545261383 -0.35874876379966736
1790642560434168498 0.8217020034790039 -0.13070477545261383 -0.35872581601142883
1790642560452994263 0.8217020034790039 -0.13070477545261383 -0.3587290048599243
1790642560473163154 0.8217020034790039 -0.13070477545261383 -0.3587438762187958
1790642560493179654 0.8217020034790039 -0.13070477545261383 -0.3587334454059601
1790642560513781842 0.8217020034790039 -0.13070477545261383 -0.3587576448917389
1790642560533234864 0.8217020034790039 -0.13070477545261383 -0.35879600048065186
1790642560554053508 0.8217020034790039 -0.13070477545261383 -0.35881125926971436
1790642560573334363 0.8217020034790039 -0.13070477545261383 -0.3588210344314575
1790642560593399185 0.8217020034790039 -0.13070477545261383 -0.3588332533836365
1790642560613207805 0.8217020034790039 -0.13070477545261383 -0.35883671045303345
1790642560633468955 0.8217020034790039 -0.13070477545261383 -0.35884860157966614
1790642560653585876 0.8217020034790039 -0.13070477545261383 -0.35888364911079407
1790642560673324445 0.8217020034790039 -0.13070477545261383 -0.35890063643455505
1790642560693596636 0.8217020034790039 -0.13070477545261383 -0.3588854968547821
1790642560713475210 0.8217020034790039 -0.13070477545261383 -0.35889381170272827
1790642560733519968 0.8217020034790039 -0.13070477545261383 -0.3588741719722748
1790642560753544981 0.8217020034790039 -0.13070477545261383 -0.3589128255844116
1790642560775590201 0.8217020034790039 -0.13070477545261383 -0.3589055836200714
1790642560795861207 0.8217020034790039 -0.13070477545261383 -0.35888150334358215
1790642560815887820 0.8217020034790039 -0.13070477545261383 -0.35886043310165405
1790642560835607989 0.8217020034790039 -0.13070477545261383 -0.35885173082351685
1790642560855802544 0.8217020034790039 -0.13070477545261383 -0.35884419083595276
1790642560875821508 0.8217020034790039 -0.13070477545261383 -0.3588416576385498
1790642560897888394 0.8217020034790039 -0.13070477545261383 -0.3588022291660309
1790642560917844828 0.8217020034790039 -0.13070477545261383 -0.35878726840019226
1790642560937876688 0.8217020034790039 -0.13070477545261383 -0.3587959110736847
1790642560958018922 0.8217020034790039 -0.13070477545261383 -0.35880008339881897
1790642560977991164 0.8217020034790039 -0.13070477545261383 -0.35877081751823425
1790642560997973967 0.8217020034790039 -0.13070477545261383 -0.3587682247161865
1790642561017965091 0.8217020034790039 -0.13070477545261383 -0.35874900221824646
1790642561038041401 0.8217020034790039 -0.13070477545261383 -0.35874491930007935
1790642561064638641 0.8217020034790039 -0.13070477545261383 -0.3587745428085327
1790642561078262986 0.8217020034790039 -0.13070477545261383 -0.35879239439964294
1790642561098229372 0.8217020034790039 -0.13070477545261383 -0.3588002026081085
1790642561118199342 0.8217020034790039 -0.13070477545261383 -0.35882368683815
1790642561138239972 0.8217020034790039 -0.13070477545261383 -0.35881561040878296
1790642561158439935 0.8217020034790039 -0.13070477545261383 -0.3588445484638214
1790642561178332399 0.8217020034790039 -0.13070477545261383 -0.3588651120662689
1790642561198349667 0.8217020034790039 -0.13070477545261383 -0.35888147354125977
1790642561218402969 0.8217020034790039 -0.13070477545261383 -0.35888394713401794
1790642561238431278 0.8217020034790039 -0.13070477545261383 -0.3589043915271759
1790642561258678443 0.8217020034790039 -0.13070477545261383 -0.3589213788509369
1790642561279958097 0.8217020034790039 -0.13070477545261383 -0.3589326739311218
1790642561298509196 0.8217020034790039 -0.13070477545261383 -0.35893672704696655
1790642561318650693 0.8217020034790039 -0.13070477545261383 -0.35895735025405884
1790642561338610583 0.8217020034790039 -0.13070477545261383 -0.35902005434036255
1790642561358734032 0.8217020034790039 -0.13070477545261383 -0.35904496908187866
1790642561378588798 0.8217020034790039 -0.13070477545261383 -0.35903629660606384
1790642561398654388 0.8217020034790039 -0.13070477545261383 -0.3590072989463806
1790642561418729899 0.8217020034790039 -0.13070477545261383 -0.35894104838371277
1790642561450014971 0.8217020034790039 -0.13070477545261383 -0.3589366376399994
1790642561469109835 0.8217020034790039 -0.13070477545261383 -0.3589463233947754
1790642561490882180 0.8217020034790039 -0.13070477545261383 -0.35894617438316345
1790642561511015069 0.8217020034790039 -0.13070477545261383 -0.35890811681747437
1790642561531538150 0.8217020034790039 -0.13070477545261383 -0.35888153314590454
1790642561553129272 0.8217020034790039 -0.13070477545261383 -0.3589216470718384
1790642561573095338 0.8217020034790039 -0.13070477545261383 -0.35893964767456055
1790642561601875352 0.8217020034790039 -0.13070477545261383 -0.35896116495132446
1790642561612972941 0.8217020034790039 -0.13070477545261383 -0.35896044969558716
1790642561633144455 0.8217020034790039 -0.13070477545261383 -0.3589246869087219
1790642561655123913 0.8217020034790039 -0.13070477545261383 -0.3589194715023041
1790642561675254146 0.8217020034790039 -0.13070477545261383 -0.3589550852775574
1790642561703334708 0.8217020034790039 -0.13070477545261383 -0.35897886753082275
1790642561723528847 0.8217020034790039 -0.13070477545261383 -0.3589729070663452
1790642561747331161 0.8217020034790039 -0.13070477545261383 -0.35895049571990967
1790642561769298138 0.8217020034790039 -0.13070477545261383 -0.3589736819267273
1790642561789484693 0.8217020034790039 -0.13070477545261383 -0.35897573828697205
1790642561809472520 0.8217020034790039 -0.13070477545261383 -0.3589811325073242
1790642561832914531 0.8217020034790039 -0.13070477545261383 -0.35895127058029175
1790642561851944529 0.8217020034790039 -0.13070477545261383 -0.35892313718795776
1790642561871907747 0.8217020034790039 -0.13070477545261383 -0.3589312732219696
1790642561891509287 0.8217020034790039 -0.13070477545261383 -0.35892894864082336
1790642561911662881 0.8217020034790039 -0.13070477545261383 -0.3589198589324951
1790642561931674581 0.8217020034790039 -0.13070477545261383 -0.35888954997062683
1790642561951652776 0.8217020034790039 -0.13070477545261383 -0.3588726222515106
1790642561972223826 0.8217020034790039 -0.13070477545261383 -0.35885384678840637
1790642561991909017 0.8217020034790039 -0.13070477545261383 -0.35885998606681824
1790642562011702821 0.8217020034790039 -0.13070477545261383 -0.3588719367980957
1790642562031805597 0.8217020034790039 -0.13070477545261383 -0.35885974764823914
1790642562051829105 0.8217020034790039 -0.13070477545261383 -0.358858197927475
1790642562071877831 0.8217020034790039 -0.13070477545261383 -0.3588460087776184
1790642562092106724 0.8217020034790039 -0.13070477545261383 -0.358845591545105
1790642562113104927 0.8217020034790039 -0.13070477545261383 -0.3588355779647827
1790642562131961317 0.8217020034790039 -0.13070477545261383 -0.35885512828826904
1790642562154853387 0.8217020034790039 -0.13070477545261383 -0.3588516116142273
1790642562174041887 0.8217020034790039 -0.13070477545261383 -0.35885879397392273
1790642562194022321 0.8217020034790039 -0.13070477545261383 -0.3588659167289734
1790642562218265740 0.8217020034790039 -0.13070477545261383 -0.3588678538799286
1790642562240690911 0.8217020034790039 -0.13070477545261383 -0.35888391733169556
1790642562260157630 0.8217020034790039 -0.13070477545261383 -0.3588869273662567
1790642562280266806 0.8217020034790039 -0.13070477545261383 -0.35889607667922974
1790642562300202279 0.8217020034790039 -0.13070477545261383 -0.358905166387558
1790642562321716119 0.8217020034790039 -0.13070477545261383 -0.35889551043510437
1790642562342320994 0.8217020034790039 -0.13070477545261383 -0.3589150905609131
1790642562362463003 0.8217020034790039 -0.13070477545261383 -0.3589116036891937
1790642562382492112 0.8217020034790039 -0.13070477545261383 -0.3589193820953369
1790642562402498884 0.8217020034790039 -0.13070477545261383 -0.3589106798171997
1790642562423631493 0.8217020034790039 -0.13070477545261383 -0.35892990231513977
1790642562442598192 0.8217020034790039 -0.13070477545261383 -0.3589373230934143
1790642562462504480 0.8217020034790039 -0.13070477545261383 -0.3589364290237427
1790642562482625304 0.8217020034790039 -0.13070477545261383 -0.35892561078071594
1790642562502699119 0.8217020034790039 -0.13070477545261383 -0.35891416668891907
1790642562522755044 0.8217020034790039 -0.13070477545261383 -0.3589189946651459
1790642562542815643 0.8217020034790039 -0.13070477545261383 -0.3589441478252411
1790642562564611605 0.8217020034790039 -0.13070477545261383 -0.3589111268520355
1790642562582899045 0.8217020034790039 -0.13070477545261383 -0.3588966727256775
1790642562608884901 0.8217020034790039 -0.13070477545261383 -0.35887452960014343
1790642562628747507 0.8217020034790039 -0.13070477545261383 -0.3588792383670807
1790642562648771432 0.8217020034790039 -0.13070477545261383 -0.3588738441467285
1790642562669382675 0.8217020034790039 -0.13070477545261383 -0.35888832807540894
1790642562688996184 0.8217020034790039 -0.13070477545261383 -0.35888296365737915
1790642562709174771 0.8217020034790039 -0.13070477545261383 -0.3588888645172119
1790642562737174017 0.8217020034790039 -0.13070477545261383 -0.3588939607143402
1790642562757027759 0.8217020034790039 -0.13070477545261383 -0.35890069603919983
1790642562777229515 0.8217020034790039 -0.13070477545261383 -0.3589071035385132
1790642562797190557 0.8217020034790039 -0.13070477545261383 -0.35889971256256104
1790642562817208881 0.8217020034790039 -0.13070477545261383 -0.35887613892555237
1790642562837142659 0.8217020034790039 -0.13070477545261383 -0.3588597774505615
1790642562857531366 0.8217020034790039 -0.13070477545261383 -0.35888248682022095
1790642562877249646 0.8217020034790039 -0.13070477545261383 -0.3588716685771942
1790642562897300644 0.8217020034790039 -0.13070477545261383 -0.3588736355304718
1790642562917373434 0.8217020034790039 -0.13070477545261383 -0.3588668704032898
1790642562937309708 0.8217020034790039 -0.13070477545261383 -0.3588704466819763
1790642562957947320 0.8217020034790039 -0.13070477545261383 -0.35886067152023315
1790642562978119699 0.8217020034790039 -0.13070477545261383 -0.3588918149471283
1790642562997636340 0.8217020034790039 -0.13070477545261383 -0.3588714003562927
1790642563017401342 0.8217020034790039 -0.13070477545261383 -0.358873188495636
1790642563037635291 0.8217020034790039 -0.13070477545261383 -0.35889098048210144
1790642563057556747 0.8217020034790039 -0.13070477545261383 -0.35888105630874634
1790642563077539423 0.8217020034790039 -0.13070477545261383 -0.35888364911079407
1790642563097658455 0.8217020034790039 -0.13070477545261383 -0.3588646650314331
1790642563117977303 0.8217020034790039 -0.13070477545261383 -0.3588896095752716
1790642563137780099 0.8217020034790039 -0.13070477545261383 -0.3589029312133789
1790642563157721940 0.8217020034790039 -0.13070477545261383 -0.3589123487472534
1790642563177735849 0.8217020034790039 -0.13070477545261383 -0.35891684889793396
1790642563197688507 0.8217020034790039 -0.13070477545261383 -0.35890769958496094
1790642563217944952 0.8217020034790039 -0.13070477545261383 -0.3589133322238922
1790642563242014860 0.8217020034790039 -0.13070477545261383 -0.35892200469970703
1790642563261985823 0.8217020034790039 -0.13070477545261383 -0.3589393198490143
1790642563282058005 0.8217020034790039 -0.13070477545261383 -0.3589352071285248
1790642563301934148 0.8217020034790039 -0.13070477545261383 -0.35892727971076965
1790642563324036843 0.8217020034790039 -0.13070477545261383 -0.35890135169029236
1790642563348189890 0.8217020034790039 -0.13070477545261383 -0.35888969898223877
1790642563366145765 0.8217020034790039 -0.13070477545261383 -0.35888877511024475
1790642563386529704 0.8217020034790039 -0.13070477545261383 -0.3588947653770447
1790642563406270385 0.8217020034790039 -0.13070477545261383 -0.3588963747024536
1790642563426162433 0.8217020034790039 -0.13070477545261383 -0.3588970899581909
1790642563446135764 0.8217020034790039 -0.13070477545261383 -0.3588746190071106
1790642563466192970 0.8217020034790039 -0.13070477545261383 -0.3588734269142151
1790642563486370564 0.8217020034790039 -0.13070477545261383 -0.3588784635066986
1790642563506736294 0.8217020034790039 -0.13070477545261383 -0.35886895656585693
1790642563528304152 0.8217020034790039 -0.13070477545261383 -0.3588586151599884
1790642563548346253 0.8217020034790039 -0.13070477545261383 -0.3588448166847229
1790642563570644219 0.8217020034790039 -0.13070477545261383 -0.3588390052318573
1790642563590372260 0.8217020034790039 -0.13070477545261383 -0.3588424623012543
1790642563610530302 0.8217020034790039 -0.13070477545261383 -0.3588283360004425
1790642563632478623 0.8217020034790039 -0.13070477545261383 -0.3588400185108185
1790642563652623000 0.8217020034790039 -0.13070477545261383 -0.3588254451751709
1790642563672623212 0.8217020034790039 -0.13070477545261383 -0.35881921648979187
1790642563693805742 0.8217020034790039 -0.13070477545261383 -0.3588229715824127
1790642563718795910 0.8217020034790039 -0.13070477545261383 -0.35882535576820374
1790642563739754240 0.8217020034790039 -0.13070477545261383 -0.35884809494018555
1790642563758885937 0.8217020034790039 -0.13070477545261383 -0.35885828733444214
1790642563780858579 0.8217020034790039 -0.13070477545261383 -0.35884392261505127
1790642563800869671 0.8217020034790039 -0.13070477545261383 -0.35886654257774353
1790642563820886907 0.8217020034790039 -0.13070477545261383 -0.35898739099502563
1790642563841039061 0.8217020034790039 -0.13070477545261383 -0.3589973449707031
1790642563861127276 0.8217020034790039 -0.13070477545261383 -0.3589926064014435
1790642563881947808 0.8217020034790039 -0.13070477545261383 -0.3589826822280884
1790642563900994286 0.8217020034790039 -0.13070477545261383 -0.358996719121933
1790642563921023555 0.8217020034790039 -0.13070477545261383 -0.35899654030799866
1790642563941036663 0.8217020034790039 -0.13070477545261383 -0.3590000867843628
1790642563961304245 0.8217020034790039 -0.13070477545261383 -0.35898929834365845
1790642563981275752 0.8217020034790039 -0.13070477545261383 -0.35900068283081055
1790642564001641162 0.8217020034790039 -0.13070477545261383 -0.3589957654476166
1790642564021250638 0.8217020034790039 -0.13070477545261383 -0.3589896261692047
1790642564041316197 0.8217020034790039 -0.13070477545261383 -0.3589693009853363
1790642564061277047 0.8217020034790039 -0.13070477545261383 -0.3589698374271393
1790642564081308236 0.8217020034790039 -0.13070477545261383 -0.3589577078819275
1790642564101405283 0.8217020034790039 -0.13070477545261383 -0.3589385151863098
1790642564123669296 0.8217020034790039 -0.13070477545261383 -0.35892313718795776
1790642564143859723 0.8217020034790039 -0.13070477545261383 -0.35890501737594604
1790642564163504817 0.8217020034790039 -0.13070477545261383 -0.35890528559684753
1790642564183560647 0.8217020034790039 -0.13070477545261383 -0.35890936851501465
1790642564203604348 0.8217020034790039 -0.13070477545261383 -0.3589141070842743
1790642564223856090 0.8217020034790039 -0.13070477545261383 -0.3589079976081848
1790642564243629445 0.8217020034790039 -0.13070477545261383 -0.3589121103286743
1790642564267729722 0.8217020034790039 -0.13070477545261383 -0.3589039444923401
1790642564287787856 0.8217020034790039 -0.13070477545261383 -0.35888415575027466
1790642564309845877 0.8217020034790039 -0.13070477545261383 -0.3588797450065613
1790642564329782886 0.8217020034790039 -0.13070477545261383 -0.3588874936103821
1790642564349870973 0.8217020034790039 -0.13070477545261383 -0.35887786746025085
1790642564369990997 0.8217020034790039 -0.13070477545261383 -0.3588685989379883
1790642564390196273 0.8217020034790039 -0.13070477545261383 -0.35888442397117615
1790642564410183044 0.8217020034790039 -0.13070477545261383 -0.3588794767856598
1790642564430096373 0.8217020034790039 -0.13070477545261383 -0.3588787019252777
1790642564450443382 0.8217020034790039 -0.13070477545261383 -0.35886573791503906
1790642564470082235 0.8217020034790039 -0.13070477545261383 -0.35885465145111084
1790642564493039012 0.8217020034790039 -0.13070477545261383 -0.35887083411216736
1790642564510158982 0.8217020034790039 -0.13070477545261383 -0.35886305570602417
1790642564530440837 0.8217020034790039 -0.13070477545261383 -0.35886555910110474
1790642564550405175 0.8217020034790039 -0.13070477545261383 -0.3588680028915405
1790642564570346312 0.8217020034790039 -0.13070477545261383 -0.35886961221694946
1790642564591077113 0.8217020034790039 -0.13070477545261383 -0.3588709533214569
1790642564610323567 0.8217020034790039 -0.13070477545261383 -0.3588681221008301
1790642564630219102 0.8217020034790039 -0.13070477545261383 -0.3588525950908661
1790642564650402937 0.8217020034790039 -0.13070477545261383 -0.3588397204875946
1790642564673061142 0.8217020034790039 -0.13070477545261383 -0.3588542938232422
1790642564694788141 0.8217020034790039 -0.13070477545261383 -0.35883286595344543
1790642564718362318 0.8217020034790039 -0.13070477545261383 -0.35883450508117676
1790642564738346561 0.8217020034790039 -0.13070477545261383 -0.3588198721408844
1790642564758536188 0.8217020034790039 -0.13070477545261383 -0.35883989930152893
1790642564778456013 0.8217020034790039 -0.13070477545261383 -0.3588319420814514
1790642564798560580 0.8217020034790039 -0.13070477545261383 -0.35883593559265137
1790642564832885548 0.8217020034790039 -0.13070477545261383 -0.35884690284729004
1790642564846695660 0.8217020034790039 -0.13070477545261383 -0.3588590621948242
1790642564867108848 0.8217020034790039 -0.13070477545261383 -0.3588663637638092
1790642564886780951 0.8217020034790039 -0.13070477545261383 -0.3588642179965973
1790642564906610692 0.8217020034790039 -0.13070477545261383 -0.3588607907295227
1790642564927069290 0.8217020034790039 -0.13070477545261383 -0.358862042427063
1790642564946916471 0.8217020034790039 -0.13070477545261383 -0.35887694358825684
1790642564966804839 0.8217020034790039 -0.13070477545261383 -0.35886210203170776
1790642564987157512 0.8217020034790039 -0.13070477545261383 -0.35886090993881226
1790642565006907090 0.8217020034790039 -0.13070477545261383 -0.35886114835739136
1790642565027064684 0.8217020034790039 -0.13070477545261383 -0.35886096954345703
1790642565049404860 0.8217020034790039 -0.13070477545261383 -0.35884013772010803
1790642565067017874 0.8217020034790039 -0.13070477545261383 -0.35882705450057983
1790642565087247310 0.8217020034790039 -0.13070477545261383 -0.3588230311870575
1790642565107139838 0.8217020034790039 -0.13070477545261383 -0.35883331298828125
1790642565127241686 0.8217020034790039 -0.13070477545261383 -0.3588210344314575
1790642565154019284 0.8217020034790039 -0.13070477545261383 -0.35882216691970825
1790642565173446577 0.8217020034790039 -0.13070477545261383 -0.35881468653678894
1790642565193252381 0.8217020034790039 -0.13070477545261383 -0.35881778597831726
1790642565213420152 0.8217020034790039 -0.13070477545261383 -0.3588196635246277
1790642565233212547 0.8217020034790039 -0.13070477545261383 -0.3587908148765564
1790642565253407423 0.8217020034790039 -0.13070477545261383 -0.3587867319583893
1790642565273436883 0.8217020034790039 -0.13070477545261383 -0.3587893545627594
1790642565293613486 0.8217020034790039 -0.13070477545261383 -0.3587891459465027
1790642565315517389 0.8217020034790039 -0.13070477545261383 -0.3587944507598877
1790642565335719752 0.8217020034790039 -0.13070477545261383 -0.35878267884254456
1790642565355670714 0.8217020034790039 -0.13070477545261383 -0.3587808609008789
1790642565375571690 0.8217020034790039 -0.13070477545261383 -0.3587867021560669
1790642565395552733 0.8217020034790039 -0.13070477545261383 -0.3588098883628845
1790642565415749752 0.8217020034790039 -0.13070477545261383 -0.3588207960128784
1790642565435633063 0.8217020034790039 -0.13070477545261383 -0.3588259816169739
1790642565455762912 0.8217020034790039 -0.13070477545261383 -0.3588452637195587
1790642565475729683 0.8217020034790039 -0.13070477545261383 -0.35884469747543335
1790642565495708485 0.8217020034790039 -0.13070477545261383 -0.3588401973247528
1790642565515999429 0.8217020034790039 -0.13070477545261383 -0.3588509261608124
1790642565541446927 0.8217020034790039 -0.13070477545261383 -0.3588434159755707
1790642565555969899 0.8217020034790039 -0.13070477545261383 -0.35886600613594055
1790642565575977215 0.8217020034790039 -0.13070477545261383 -0.3589419424533844
1790642565595996979 0.8217020034790039 -0.13070477545261383 -0.3589419722557068
1790642565616067530 0.8217020034790039 -0.13070477545261383 -0.35894209146499634
1790642565635916824 0.8217020034790039 -0.13070477545261383 -0.3589421212673187
1790642565656043920 0.8217020034790039 -0.13070477545261383 -0.3589421510696411
1790642565676169769 0.8217020034790039 -0.13070477545261383 -0.3589421212673187
1790642565698106761 0.8217020034790039 -0.13070477545261383 -0.3589421808719635
1790642565718233506 0.8217020034790039 -0.13070477545261383 -0.3589421808719635
1790642565738125809 0.8217020034790039 -0.13070477545261383 -0.3589422404766083
1790642565758166214 0.8217020034790039 -0.13070477545261383 -0.3589422106742859
1790642565778351521 0.8217020034790039 -0.13070477545261383 -0.3589421808719635
1790642565798308883 0.8217020034790039 -0.13070477545261383 -0.3589421808719635
1790642565818538640 0.8217020034790039 -0.13070477545261383 -0.35894227027893066
1790642565844282182 0.8217020034790039 -0.13070477545261383 -0.3589422404766083
1790642565864473185 0.8217020034790039 -0.13070477545261383 -0.3589422404766083
1790642565885421242 0.8217020034790039 -0.13070477545261383 -0.35894227027893066
1790642565904452648 0.8217020034790039 -0.13070477545261383 -0.3589422404766083
1790642565926799032 0.8217020034790039 -0.13070477545261383 -0.3589422404766083
1790642565946674887 0.8217020034790039 -0.13070477545261383 -0.3589422404766083
1790642565966580919 0.8217020034790039 -0.13070477545261383 -0.3589422404766083
1790642565986759473 0.8217020034790039 -0.13070477545261383 -0.3589422404766083
1790642566006729444 0.8217020034790039 -0.13070477545261383 -0.3589422106742859
1790642566026790298 0.8217020034790039 -0.13070477545261383 -0.3589421808719635
1790642566046845904 0.8217020034790039 -0.13070477545261383 -0.3589422106742859
1790642566066855748 0.8217020034790039 -0.13070477545261383 -0.3589422106742859
1790642566086926842 0.8217020034790039 -0.13070477545261383 -0.3589421808719635
1790642566106834667 0.8217020034790039 -0.13070477545261383 -0.3589421808719635
1790642566127078856 0.8217020034790039 -0.13070477545261383 -0.3589422106742859
1790642566147425385 0.8217020034790039 -0.13070477545261383 -0.3589421808719635
1790642566167044142 0.8217020034790039 -0.13070477545261383 -0.3589422106742859
1790642566189360509 0.8217020034790039 -0.13070477545261383 -0.3589421808719635
1790642566209148552 0.8217020034790039 -0.13070477545261383 -0.3589422106742859
1790642566229184509 0.8217020034790039 -0.13070477545261383 -0.35894227027893066
1790642566249593345 0.8217020034790039 -0.13070477545261383 -0.35894227027893066
1790642566269074432 0.8217020034790039 -0.13070477545261383 -0.35894232988357544
1790642566289250171 0.8217020034790039 -0.13070477545261383 -0.35894232988357544
1790642566309285424 0.8217020034790039 -0.13070477545261383 -0.3589423596858978
1790642566329350246 0.8217020034790039 -0.13070477545261383 -0.3589423596858978
1790642566349228469 0.8217020034790039 -0.13070477545261383 -0.3589423596858978
1790642566369376111 0.8217020034790039 -0.13070477545261383 -0.35894232988357544
1790642566389511560 0.8217020034790039 -0.13070477545261383 -0.35894232988357544
1790642566409479418 0.8217020034790039 -0.13070477545261383 -0.35894232988357544
1790642566438085409 0.8217020034790039 -0.13070477545261383 -0.35894232988357544
1790642566456078277 0.8217020034790039 -0.13070477545261383 -0.35894232988357544
1790642566475500034 0.8217020034790039 -0.13070477545261383 -0.35894232988357544
1790642566495469749 0.8217020034790039 -0.13070477545261383 -0.3589423596858978
1790642566515615310 0.8217020034790039 -0.13070477545261383 -0.3589423596858978
1790642566535650755 0.8217020034790039 -0.13070477545261383 -0.3589423596858978
1790642566555698137 0.8217020034790039 -0.13070477545261383 -0.3589423596858978
1790642566575994904 0.8217020034790039 -0.13070477545261383 -0.3589423596858978
1790642566595890344 0.8217020034790039 -0.13070477545261383 -0.3589423894882202
1790642566615830585 0.8217020034790039 -0.13070477545261383 -0.3589423894882202
1790642566635832781 0.8217020034790039 -0.13070477545261383 -0.3589423596858978
1790642566655839585 0.8217020034790039 -0.13070477545261383 -0.3589423596858978
1790642566675874806 0.8217020034790039 -0.13070477545261383 -0.35894232988357544
1790642566695971790 0.8217020034790039 -0.13070477545261383 -0.35894232988357544
1790642566716342992 0.8217020034790039 -0.13070477545261383 -0.35894232988357544
1790642566739811596 0.8217020034790039 -0.13070477545261383 -0.35894232988357544
1790642566760477434 0.8217020034790039 -0.13070477545261383 -0.35894232988357544
1790642566777952298 0.8217020034790039 -0.13070477545261383 -0.35894227027893066
1790642566797956414 0.8217020034790039 -0.13070477545261383 -0.35894232988357544
1790642566818355554 0.8217020034790039 -0.13070477545261383 -0.35894232988357544
1790642566838134477 0.8217020034790039 -0.13070477545261383 -0.35894232988357544
1790642566862352454 0.8217020034790039 -0.13070477545261383 -0.3589423596858978
1790642566882598980 0.8217020034790039 -0.13070477545261383 -0.3589423596858978
1790642566902329485 0.8217020034790039 -0.13070477545261383 -0.3589424192905426
1790642566923581714 0.8217020034790039 -0.13070477545261383 -0.358942449092865
1790642566944598894 0.8217020034790039 -0.13070477545261383 -0.358942449092865
1790642566964342775 0.8217020034790039 -0.13070477545261383 -0.3589424192905426
1790642566984319306 0.8217020034790039 -0.13070477545261383 -0.3589424788951874
1790642567004381504 0.8217020034790039 -0.13070477545261383 -0.35894250869750977
1790642567024385748 0.8217020034790039 -0.13070477545261383 -0.35894250869750977
1790642567045168167 0.8217020034790039 -0.13070477545261383 -0.35894250869750977
1790642567064587043 0.8217020034790039 -0.13070477545261383 -0.35894250869750977
1790642567084914724 0.8217020034790039 -0.13070477545261383 -0.3589426279067993
1790642567104520968 0.8217020034790039 -0.13070477545261383 -0.3589426577091217
1790642567124964525 0.8217020034790039 -0.13070477545261383 -0.3589426577091217
1790642567144698263 0.8217020034790039 -0.13070477545261383 -0.3589426577091217
1790642567164629768 0.8217020034790039 -0.13070477545261383 -0.3589426875114441
1790642567184876485 0.8217020034790039 -0.13070477545261383 -0.3589426875114441
1790642567204816278 0.8217020034790039 -0.13070477545261383 -0.35894274711608887
1790642567224944591 0.8217020034790039 -0.13070477545261383 -0.3589426875114441
1790642567244873952 0.8217020034790039 -0.13070477545261383 -0.35894274711608887
1790642567264857747 0.8217020034790039 -0.13070477545261383 -0.35894274711608887
1790642567285070511 0.8217020034790039 -0.13070477545261383 -0.35894283652305603
1790642567304872731 0.8217020034790039 -0.13070477545261383 -0.35894283652305603
1790642567327311183 0.8217020034790039 -0.13070477545261383 -0.35902079939842224
1790642567348108258 0.8217020034790039 -0.13070477545261383 -0.35902076959609985
1790642567371105451 0.8217020034790039 -0.13070477545261383 -0.35902076959609985
1790642567391401259 0.8217020034790039 -0.13070477545261383 -0.35902076959609985
1790642567411369597 0.8217020034790039 -0.13070477545261383 -0.35902079939842224
1790642567431250444 0.8217020034790039 -0.13070477545261383 -0.35902079939842224
1790642567457980233 0.8217020034790039 -0.13070477545261383 -0.3590208888053894
1790642567475614720 0.8217020034790039 -0.13070477545261383 -0.3590208888053894
1790642567495198083 0.8217020034790039 -0.13070477545261383 -0.3590209484100342
1790642567515233560 0.8217020034790039 -0.13070477545261383 -0.3590208888053894
1790642567535868933 0.8217020034790039 -0.13070477545261383 -0.3590208888053894
1790642567556011966 0.8217020034790039 -0.13070477545261383 -0.3590208888053894
1790642567577425257 0.8217020034790039 -0.13070477545261383 -0.3590208888053894
1790642567597508224 0.8217020034790039 -0.13070477545261383 -0.3590209484100342
1790642567617474227 0.8217020034790039 -0.13070477545261383 -0.3590209484100342
1790642567637457798 0.8217020034790039 -0.13070477545261383 -0.35902097821235657
1790642567657749669 0.8217020034790039 -0.13070477545261383 -0.35902097821235657
1790642567679549984 0.8217020034790039 -0.13070477545261383 -0.35902097821235657
1790642567699616054 0.8217020034790039 -0.13070477545261383 -0.35902097821235657
1790642567727816172 0.8217020034790039 -0.13070477545261383 -0.35902097821235657
1790642567747834177 0.8217020034790039 -0.13070477545261383 -0.35902097821235657
1790642567767615820 0.8217020034790039 -0.13070477545261383 -0.35902097821235657
1790642567787914827 0.8217020034790039 -0.13070477545261383 -0.35902097821235657
1790642567807762329 0.8217020034790039 -0.13070477545261383 -0.35902097821235657
1790642567827960437 0.8217020034790039 -0.13070477545261383 -0.35902100801467896
1790642567850227874 0.8217020034790039 -0.13070477545261383 -0.35902097821235657
1790642567868045215 0.8217020034790039 -0.13070477545261383 -0.35902100801467896
1790642567888061428 0.8217020034790039 -0.13070477545261383 -0.35902100801467896
1790642567908085544 0.8217020034790039 -0.13070477545261383 -0.35902100801467896
1790642567930113612 0.8217020034790039 -0.13070477545261383 -0.35902100801467896
1790642567950856637 0.8217020034790039 -0.13070477545261383 -0.3590211272239685
1790642567970572357 0.8217020034790039 -0.13070477545261383 -0.3590211272239685
1790642567992647787 0.8217020034790039 -0.13070477545261383 -0.3590211272239685
1790642568012293329 0.8217020034790039 -0.13070477545261383 -0.3590211272239685
1790642568032254979 0.8217020034790039 -0.13070477545261383 -0.3590211272239685
1790642568052488672 0.8217020034790039 -0.13070477545261383 -0.3590211570262909
1790642568072353838 0.8217020034790039 -0.13070477545261383 -0.3590211570262909
1790642568094441652 0.8217020034790039 -0.13070477545261383 -0.3590211570262909
1790642568115040159 0.8217020034790039 -0.13070477545261383 -0.3590211868286133
1790642568134397178 0.8217020034790039 -0.13070477545261383 -0.3590211868286133
1790642568157362146 0.8217020034790039 -0.13070477545261383 -0.3590211868286133
1790642568179592014 0.8217020034790039 -0.13070477545261383 -0.3590211868286133
1790642568196615628 0.8217020034790039 -0.13070477545261383 -0.3590211868286133
1790642568217002607 0.8217020034790039 -0.13070477545261383 -0.35902124643325806
1790642568237315567 0.8217020034790039 -0.13070477545261383 -0.35902124643325806
1790642568256761261 0.8217020034790039 -0.13070477545261383 -0.35902127623558044
1790642568276994250 0.8217020034790039 -0.13070477545261383 -0.35902130603790283
1790642568298158443 0.8217020034790039 -0.13070477545261383 -0.35902130603790283
1790642568316863180 0.8217020034790039 -0.13070477545261383 -0.35902130603790283
1790642568336840959 0.8217020034790039 -0.13070477545261383 -0.35902130603790283
1790642568357517005 0.8217020034790039 -0.13070477545261383 -0.3590213656425476
1790642568377046254 0.8217020034790039 -0.13070477545261383 -0.3590213656425476
1790642568396877947 0.8217020034790039 -0.13070477545261383 -0.3590213656425476
1790642568422192992 0.8217020034790039 -0.13070477545261383 -0.3590213656425476
1790642568436871810 0.8217020034790039 -0.13070477545261383 -0.3590213656425476
1790642568457231812 0.8217020034790039 -0.13070477545261383 -0.3590213358402252
1790642568477231288 0.8217020034790039 -0.13070477545261383 -0.3590213358402252
1790642568497445652 0.8217020034790039 -0.13070477545261383 -0.3590213656425476
1790642568517299554 0.8217020034790039 -0.13070477545261383 -0.3590214252471924
1790642568537289621 0.8217020034790039 -0.13070477545261383 -0.3590214252471924
1790642568557208198 0.8217020034790039 -0.13070477545261383 -0.3590214252471924
1790642568577457763 0.8217020034790039 -0.13070477545261383 -0.35902145504951477
1790642568597159307 0.8217020034790039 -0.13070477545261383 -0.35902145504951477
1790642568617430570 0.8217020034790039 -0.13070477545261383 -0.3590214252471924
1790642568637332698 0.8217020034790039 -0.13070477545261383 -0.3590213656425476
1790642568657363438 0.8217020034790039 -0.13070477545261383 -0.35902148485183716
1790642568677622828 0.8217020034790039 -0.13070477545261383 -0.35902148485183716
1790642568697554269 0.8217020034790039 -0.13070477545261383 -0.35902148485183716
1790642568717560241 0.8217020034790039 -0.13070477545261383 -0.35902154445648193
1790642568737469761 0.8217020034790039 -0.13070477545261383 -0.35902151465415955
1790642568759399489 0.8217020034790039 -0.13070477545261383 -0.35902151465415955
1790642568779460759 0.8217020034790039 -0.13070477545261383 -0.35902154445648193
1790642568799446250 0.8217020034790039 -0.13070477545261383 -0.35902154445648193
1790642568819748618 0.8217020034790039 -0.13070477545261383 -0.35902151465415955
1790642568839662714 0.8217020034790039 -0.13070477545261383 -0.3590215742588043
1790642568859620716 0.8217020034790039 -0.13070477545261383 -0.35902154445648193
1790642568879661410 0.8217020034790039 -0.13070477545261383 -0.3590216040611267
1790642568900792322 0.8217020034790039 -0.13070477545261383 -0.3590216040611267
1790642568919804527 0.8217020034790039 -0.13070477545261383 -0.3590215742588043
1790642568939839300 0.8217020034790039 -0.13070477545261383 -0.3590216040611267
1790642568959924699 0.8217020034790039 -0.13070477545261383 -0.3590216040611267
1790642568980094741 0.8217020034790039 -0.13070477545261383 -0.3590216338634491
1790642569002201788 0.8217020034790039 -0.13070477545261383 -0.3590216040611267
1790642569022094987 0.8217020034790039 -0.13070477545261383 -0.3590216338634491
1790642569043043908 0.8217020034790039 -0.13070477545261383 -0.3590216338634491
1790642569062083186 0.8217020034790039 -0.13070477545261383 -0.35902169346809387
1790642569084311582 0.8217020034790039 -0.13070477545261383 -0.35881173610687256
1790642569104075848 0.8217020034790039 -0.13070477545261383 -0.35881173610687256
1790642569124166271 0.8217020034790039 -0.13070477545261383 -0.35881176590919495
1790642569144244822 0.8217020034790039 -0.13070477545261383 -0.35881176590919495
1790642569164249098 0.8217020034790039 -0.13070477545261383 -0.35881179571151733
1790642569187011562 0.8217020034790039 -0.13070477545261383 -0.35881173610687256
1790642569208592764 0.8217020034790039 -0.13070477545261383 -0.35881173610687256
1790642569228467051 0.8217020034790039 -0.13070477545261383 -0.35881173610687256
1790642569248716009 0.8217020034790039 -0.13070477545261383 -0.35881176590919495
1790642569268417297 0.8217020034790039 -0.13070477545261383 -0.35881173610687256
1790642569288634861 0.8217020034790039 -0.13070477545261383 -0.35881173610687256
1790642569308477434 0.8217020034790039 -0.13070477545261383 -0.35881173610687256
1790642569328596339 0.8217020034790039 -0.13070477545261383 -0.35881173610687256
1790642569349858008 0.8217020034790039 -0.13070477545261383 -0.35881179571151733
1790642569368629435 0.8217020034790039 -0.13070477545261383 -0.35881179571151733
1790642569388605070 0.8217020034790039 -0.13070477545261383 -0.3588118255138397
1790642569408808522 0.8217020034790039 -0.13070477545261383 -0.3588118255138397
1790642569428770780 0.8217020034790039 -0.13070477545261383 -0.3588118255138397
1790642569448853779 0.8217020034790039 -0.13070477545261383 -0.35881179571151733
1790642569468766595 0.8217020034790039 -0.13070477545261383 -0.3588118255138397
1790642569490689635 0.8217020034790039 -0.13070477545261383 -0.3588118553161621
1790642569508960818 0.8217020034790039 -0.13070477545261383 -0.3588118553161621
1790642569528894915 0.8217020034790039 -0.13070477545261383 -0.3588118255138397
1790642569548910360 0.8217020034790039 -0.13070477545261383 -0.35881173610687256
1790642569569156053 0.8217020034790039 -0.13070477545261383 -0.35881173610687256
1790642569589090790 0.8217020034790039 -0.13070477545261383 -0.35881173610687256
1790642569609017303 0.8217020034790039 -0.13070477545261383 -0.35881173610687256
1790642569631062075 0.8217020034790039 -0.13070477545261383 -0.35881179571151733
1790642569651074992 0.8217020034790039 -0.13070477545261383 -0.3588118255138397
1790642569673171094 0.8217020034790039 -0.13070477545261383 -0.3588118255138397
1790642569693241068 0.8217020034790039 -0.13070477545261383 -0.3588118255138397
1790642569717458374 0.8217020034790039 -0.13070477545261383 -0.3588118851184845
1790642569737158574 0.8217020034790039 -0.13070477545261383 -0.3588118553161621
1790642569759352472 0.8217020034790039 -0.13070477545261383 -0.3588118851184845
1790642569779943075 0.8217020034790039 -0.13070477545261383 -0.3588118553161621
1790642569799432835 0.8217020034790039 -0.13070477545261383 -0.3588118851184845
1790642569819388468 0.8217020034790039 -0.13070477545261383 -0.3588119149208069
1790642569839349863 0.8217020034790039 -0.13070477545261383 -0.3588118553161621
1790642569859456831 0.8217020034790039 -0.13070477545261383 -0.35881197452545166
1790642569879577111 0.8217020034790039 -0.13070477545261383 -0.35881197452545166
1790642569899625773 0.8217020034790039 -0.13070477545261383 -0.3588119447231293
1790642569921415591 0.8217020034790039 -0.13070477545261383 -0.35881197452545166
1790642569941517375 0.8217020034790039 -0.13070477545261383 -0.35881197452545166
1790642569961729019 0.8217020034790039 -0.13070477545261383 -0.35881197452545166
1790642569981805777 0.8217020034790039 -0.13070477545261383 -0.35881197452545166
1790642570001709473 0.8217020034790039 -0.13070477545261383 -0.35881203413009644
1790642570021687156 0.8217020034790039 -0.13070477545261383 -0.35881203413009644
1790642570042031253 0.8217020034790039 -0.13070477545261383 -0.3588120937347412
1790642570061910596 0.8217020034790039 -0.13070477545261383 -0.3588120937347412
1790642570082286535 0.8217020034790039 -0.13070477545261383 -0.3588120937347412
1790642570101879786 0.8217020034790039 -0.13070477545261383 -0.3588120937347412
1790642570122125480 0.8217020034790039 -0.13070477545261383 -0.3588120937347412
1790642570141953973 0.8217020034790039 -0.13070477545261383 -0.3588120937347412
1790642570161985226 0.8217020034790039 -0.13070477545261383 -0.3588120937347412
1790642570182109730 0.8217020034790039 -0.13070477545261383 -0.358812153339386
1790642570201978385 0.8217020034790039 -0.13070477545261383 -0.3588121235370636
1790642570222253871 0.8217020034790039 -0.13070477545261383 -0.358812153339386
1790642570242199393 0.8217020034790039 -0.13070477545261383 -0.3588121831417084
1790642570262245558 0.8217020034790039 -0.13070477545261383 -0.3588121831417084
1790642570284206807 0.8217020034790039 -0.13070477545261383 -0.3588121831417084
1790642570302264222 0.8217020034790039 -0.13070477545261383 -0.35881221294403076
1790642570322300116 0.8217020034790039 -0.13070477545261383 -0.35881224274635315
1790642570342294215 0.8217020034790039 -0.13070477545261383 -0.35881224274635315
1790642570362394911 0.8217020034790039 -0.13070477545261383 -0.35881224274635315
1790642570382498710 0.8217020034790039 -0.13070477545261383 -0.35881224274635315
1790642570402421959 0.8217020034790039 -0.13070477545261383 -0.35881224274635315
1790642570422543072 0.8217020034790039 -0.13070477545261383 -0.35881224274635315
1790642570442547731 0.8217020034790039 -0.13070477545261383 -0.35881224274635315
1790642570462619914 0.8217020034790039 -0.13070477545261383 -0.35881224274635315
1790642570484099992 0.8217020034790039 -0.13070477545261383 -0.35881224274635315
1790642570502665459 0.8217020034790039 -0.13070477545261383 -0.35881224274635315
1790642570522692936 0.8217020034790039 -0.13070477545261383 -0.35881224274635315
1790642570542760894 0.8217020034790039 -0.13070477545261383 -0.35881224274635315
1790642570562658734 0.8217020034790039 -0.13070477545261383 -0.35881224274635315
1790642570582833641 0.8217020034790039 -0.13070477545261383 -0.35881224274635315
1790642570602859389 0.8217020034790039 -0.13070477545261383 -0.3588123023509979
1790642570622799279 0.8217020034790039 -0.13070477545261383 -0.3588123321533203
1790642570642924423 0.8217020034790039 -0.13070477545261383 -0.35881224274635315
1790642570662876121 0.8217020034790039 -0.13070477545261383 -0.35881224274635315
1790642570682985649 0.8217020034790039 -0.13070477545261383 -0.35881224274635315
1790642570703142379 0.8217020034790039 -0.13070477545261383 -0.35881224274635315
1790642570725070347 0.8217020034790039 -0.13070477545261383 -0.35881224274635315
1790642570745400331 0.8217020034790039 -0.13070477545261383 -0.35881224274635315
1790642570765124148 0.8217020034790039 -0.13070477545261383 -0.35881224274635315
1790642570785190794 0.8217020034790039 -0.13070477545261383 -0.3588123023509979
1790642570805198014 0.8217020034790039 -0.13070477545261383 -0.3588123023509979
1790642570826332447 0.8217020034790039 -0.13070477545261383 -0.3586750030517578
1790642570845359500 0.8217020034790039 -0.13070477545261383 -0.3586750030517578
1790642570865288989 0.8217020034790039 -0.13070477545261383 -0.3586750030517578
1790642570885992524 0.8217020034790039 -0.13070477545261383 -0.3586750626564026
1790642570905379560 0.8217020034790039 -0.13070477545261383 -0.3586750030517578
1790642570925302233 0.8217020034790039 -0.13070477545261383 -0.3586750626564026
1790642570945353422 0.8217020034790039 -0.13070477545261383 -0.3586750328540802
1790642570965446662 0.8217020034790039 -0.13070477545261383 -0.3586750030517578
1790642570985604960 0.8217020034790039 -0.13070477545261383 -0.3586750328540802
1790642571005545425 0.8217020034790039 -0.13070477545261383 -0.3586750328540802
1790642571026227424 0.8217020034790039 -0.13070477545261383 -0.358675092458725
1790642571045869445 0.8217020034790039 -0.13070477545261383 -0.358675092458725
1790642571065922171 0.8217020034790039 -0.13070477545261383 -0.358675092458725
1790642571086044659 0.8217020034790039 -0.13070477545261383 -0.35867512226104736
1790642571105756732 0.8217020034790039 -0.13070477545261383 -0.35867512226104736
1790642571126117310 0.8217020034790039 -0.13070477545261383 -0.35867512226104736
1790642571145705057 0.8217020034790039 -0.13070477545261383 -0.358675092458725
1790642571165922461 0.8217020034790039 -0.13070477545261383 -0.35867512226104736
1790642571185781516 0.8217020034790039 -0.13070477545261383 -0.35867518186569214
1790642571205835617 0.8217020034790039 -0.13070477545261383 -0.35867518186569214
1790642571230615857 0.8217020034790039 -0.13070477545261383 -0.35867518186569214
1790642571246270266 0.8217020034790039 -0.13070477545261383 -0.35867518186569214
1790642571265970978 0.8217020034790039 -0.13070477545261383 -0.35867518186569214
1790642571286041624 0.8217020034790039 -0.13070477545261383 -0.35867518186569214
1790642571307987449 0.8217020034790039 -0.13070477545261383 -0.35867512226104736
1790642571328376668 0.8217020034790039 -0.13070477545261383 -0.35867512226104736
1790642571348028002 0.8217020034790039 -0.13070477545261383 -0.35867512226104736
1790642571368082391 0.8217020034790039 -0.13070477545261383 -0.35867518186569214
1790642571389366590 0.8217020034790039 -0.13070477545261383 -0.35867518186569214
1790642571408197379 0.8217020034790039 -0.13070477545261383 -0.35867518186569214
1790642571428285978 0.8217020034790039 -0.13070477545261383 -0.35867518186569214
1790642571448303695 0.8217020034790039 -0.13070477545261383 -0.35867518186569214
1790642571468303107 0.8217020034790039 -0.13070477545261383 -0.35867518186569214
1790642571494305475 0.8217020034790039 -0.13070477545261383 -0.35867518186569214
1790642571514480029 0.8217020034790039 -0.13070477545261383 -0.35867518186569214
1790642571536419133 0.8217020034790039 -0.13070477545261383 -0.35867518186569214
1790642571556391024 0.8217020034790039 -0.13070477545261383 -0.35867518186569214
1790642571576495336 0.8217020034790039 -0.13070477545261383 -0.35867518186569214
1790642571596534845 0.8217020034790039 -0.13070477545261383 -0.35867518186569214
1790642571616633653 0.8217020034790039 -0.13070477545261383 -0.35867518186569214
1790642571636591271 0.8217020034790039 -0.13070477545261383 -0.35867518186569214
1790642571656810243 0.8217020034790039 -0.13070477545261383 -0.3586752116680145
1790642571676660209 0.8217020034790039 -0.13070477545261383 -0.3586752116680145
1790642571696792234 0.8217020034790039 -0.13070477545261383 -0.3586752116680145
1790642571716711482 0.8217020034790039 -0.13070477545261383 -0.3586752116680145
1790642571736737423 0.8217020034790039 -0.13070477545261383 -0.3586752712726593
1790642571758019605 0.8217020034790039 -0.13070477545261383 -0.3586752414703369
1790642571776950943 0.8217020034790039 -0.13070477545261383 -0.3586752414703369
1790642571796912369 0.8217020034790039 -0.13070477545261383 -0.3586752414703369
1790642571816852226 0.8217020034790039 -0.13070477545261383 -0.3586752414703369
1790642571837002908 0.8217020034790039 -0.13070477545261383 -0.3586752414703369
1790642571857102003 0.8217020034790039 -0.13070477545261383 -0.3586752414703369
1790642571877010211 0.8217020034790039 -0.13070477545261383 -0.35886749625205994
1790642571899295089 0.8217020034790039 -0.13070477545261383 -0.3590376377105713
1790642571919188705 0.8217020034790039 -0.13070477545261383 -0.358711838722229
1790642571939253111 0.8217020034790039 -0.13070477545261383 -0.3589378297328949
1790642571959237834 0.8217020034790039 -0.13070477545261383 -0.3587609827518463
1790642571979304608 0.8217020034790039 -0.13070477545261383 -0.3585744798183441
1790642572005256574 0.8217020034790039 -0.13070477545261383 -0.35884150862693787
1790642572027734772 0.8217020034790039 -0.13070477545261383 -0.3587888777256012
1790642572047461917 0.8217020034790039 -0.13070477545261383 -0.3588130474090576
1790642572067287593 0.8217020034790039 -0.13070477545261383 -0.35880497097969055
1790642572089675067 0.8217020034790039 -0.13070477545261383 -0.35864347219467163
1790642572109353698 0.8217020034790039 -0.13070477545261383 -0.35870692133903503
1790642572133636671 0.8217020034790039 -0.13070477545261383 -0.3587462306022644
1790642572163089895 0.8217020034790039 -0.13070477545261383 -0.35871201753616333
1790642572173510625 0.8217020034790039 -0.13070477545261383 -0.3587099611759186
1790642572193682171 0.8217020034790039 -0.13070477545261383 -0.35863563418388367
1790642572213843253 0.8217020034790039 -0.13070477545261383 -0.35860002040863037
1790642572233817192 0.8217020034790039 -0.13070477545261383 -0.35864636301994324
1790642572255753640 0.8217020034790039 -0.13070477545261383 -0.3586350083351135
1790642572275745883 0.8217020034790039 -0.13070477545261383 -0.35860300064086914
1790642572299818512 0.8217020034790039 -0.13070477545261383 -0.35856422781944275
1790642572320201394 0.8217020034790039 -0.13070477545261383 -0.3585401773452759
1790642572339843736 0.8217020034790039 -0.13070477545261383 -0.3585326671600342
1790642572360998489 0.8217020034790039 -0.13070477545261383 -0.35858243703842163
1790642572379791165 0.8217020034790039 -0.13070477545261383 -0.35861915349960327
1790642572400059100 0.8217020034790039 -0.13070477545261383 -0.3586095869541168
1790642572419971116 0.8217020034790039 -0.13070477545261383 -0.358676552772522
1790642572440010337 0.8217020034790039 -0.13070477545261383 -0.3587682247161865
1790642572459994612 0.8217020034790039 -0.13070477545261383 -0.3589126467704773
1790642572480008712 0.8217020034790039 -0.13070477545261383 -0.35902148485183716
1790642572500363178 0.8217020034790039 -0.13070477545261383 -0.35907411575317383
1790642572522705402 0.8217020034790039 -0.13070477545261383 -0.35896235704421997
1790642572542275677 0.8217020034790039 -0.13070477545261383 -0.3588036894798279
1790642572562274096 0.8217020034790039 -0.13070477545261383 -0.3586742579936981
1790642572582230178 0.8217020034790039 -0.13070477545261383 -0.35854312777519226
1790642572602205493 0.8217020034790039 -0.13070477545261383 -0.35842829942703247
1790642572622511637 0.8217020034790039 -0.13070477545261383 -0.3583393692970276
1790642572646612266 0.8217020034790039 -0.13070477545261383 -0.3581896722316742
1790642572666476024 0.8217020034790039 -0.13070477545261383 -0.35793939232826233
1790642572686681364 0.8217020034790039 -0.13070477545261383 -0.35792145133018494
1790642572706529602 0.8217020034790039 -0.13070477545261383 -0.3580647110939026
1790642572726746366 0.8217020034790039 -0.13070477545261383 -0.35819926857948303
1790642572746683055 0.8217020034790039 -0.13070477545261383 -0.3583703637123108
1790642572767103187 0.8217020034790039 -0.13070477545261383 -0.3584231436252594
1790642572786997379 0.8217020034790039 -0.13070477545261383 -0.35830157995224
1790642572807454473 0.8217020034790039 -0.13070477545261383 -0.3581826686859131
1790642572826580282 0.8217020034790039 -0.13070477545261383 -0.35811808705329895
1790642572846758805 0.8217020034790039 -0.13070477545261383 -0.35807472467422485
1790642572866747752 0.8217020034790039 -0.13070477545261383 -0.3580809533596039
1790642572886917218 0.8217020034790039 -0.13070477545261383 -0.3581693768501282
1790642572913110634 0.8217020034790039 -0.13070477545261383 -0.35828691720962524
1790642572934873059 0.8217020034790039 -0.13070477545261383 -0.3580240309238434
1790642572954861590 0.8217020034790039 -0.13070477545261383 -0.35782355070114136
1790642572975120884 0.8217020034790039 -0.13070477545261383 -0.35758116841316223
1790642572996949104 0.8217020034790039 -0.13070477545261383 -0.3573860228061676
1790642573021085382 0.8217020034790039 -0.13070477545261383 -0.3569220006465912
1790642573063423114 0.8217020034790039 -0.13070477545261383 -0.3567979335784912
1790642573083318938 0.8217020034790039 -0.13070477545261383 -0.3569706976413727
1790642573103273163 0.8217020034790039 -0.13070477545261383 -0.3573114275932312
1790642573123159579 0.8217020034790039 -0.13070477545261383 -0.3576352000236511
1790642573143259026 0.8217020034790039 -0.13070477545261383 -0.3576435446739197
1790642573163444973 0.8217020034790039 -0.13070477545261383 -0.35733094811439514
1790642573183423936 0.8217020034790039 -0.13070477545261383 -0.35688161849975586
1790642573203242765 0.8217020034790039 -0.13070477545261383 -0.35648611187934875
1790642573223442504 0.8217020034790039 -0.13070477545261383 -0.3562048077583313
1790642573243398874 0.8217020034790039 -0.13070477545261383 -0.3558668792247772
1790642573263681369 0.8217020034790039 -0.13070477545261383 -0.35576990246772766
1790642573284800185 0.8217020034790039 -0.13070477545261383 -0.35583820939064026
1790642573305510985 0.8217020034790039 -0.13070477545261383 -0.3558582365512848
1790642573327655249 0.8217020034790039 -0.13070477545261383 -0.35580506920814514
1790642573347518463 0.8217020034790039 -0.13070477545261383 -0.3555746376514435
1790642573367732667 0.8217020034790039 -0.13070477545261383 -0.3551105260848999
1790642573394151020 0.8217020034790039 -0.13070477545261383 -0.35443538427352905
1790642573414066748 0.8217020034790039 -0.13070477545261383 -0.35413187742233276
1790642573435226653 0.8217020034790039 -0.13070477545261383 -0.3540314733982086
1790642573477678789 0.8217020034790039 -0.13070477545261383 -0.35412341356277466
1790642573542031916 0.8217020034790039 -0.13070477545261383 -0.35419636964797974
1790642573563891465 0.8217020034790039 -0.13070477545261383 -0.35394594073295593
1790642573590296889 0.8217020034790039 -0.13070477545261383 -0.35336950421333313
1790642573610579352 0.8217020034790039 -0.13070477545261383 -0.35284850001335144
1790642573630115513 0.8217020034790039 -0.13070477545261383 -0.3523474931716919
1790642573650262610 0.8217020034790039 -0.13070477545261383 -0.35196611285209656
1790642573670283943 0.8217020034790039 -0.13070477545261383 -0.35164761543273926
1790642573692620375 0.8217020034790039 -0.13070477545261383 -0.3512008488178253
1790642573714736446 0.8217020034790039 -0.13070477545261383 -0.3506210446357727
1790642573736767809 0.8217020034790039 -0.13070477545261383 -0.34980660676956177
1790642573758638623 0.8217020034790039 -0.13070477545261383 -0.3485044836997986
1790642573778368776 0.8217020034790039 -0.13070477545261383 -0.3468816578388214
1790642573798384764 0.8217020034790039 -0.13070477545261383 -0.34496212005615234
1790642573818572567 0.8217020034790039 -0.13070477545261383 -0.3433564603328705
1790642573849047784 0.8217020034790039 -0.13070477545261383 -0.34205883741378784
1790642573867258869 0.8217020034790039 -0.13070477545261383 -0.3409585952758789
1790642573886701267 0.8217020034790039 -0.13070477545261383 -0.3405158519744873
1790642573906639620 0.8217020034790039 -0.13070477545261383 -0.3401641249656677
1790642573929935801 0.8217020034790039 -0.13070477545261383 -0.3400722146034241
1790642573946634091 0.8217020034790039 -0.13070477545261383 -0.33951330184936523
1790642573976866546 0.8217020034790039 -0.13070477545261383 -0.3382536768913269
1790642573997600162 0.8217020034790039 -0.13070477545261383 -0.33751797676086426
1790642574027904460 0.8217020034790039 -0.13070477545261383 -0.33727791905403137
1790642574080452097 0.8217020034790039 -0.13070477545261383 -0.3378711938858032
1790642574099127457 0.8217020034790039 -0.13070477545261383 -0.3377595543861389
1790642574121574581 0.8217020034790039 -0.13070477545261383 -0.337539941072464
1790642574141009618 0.8217020034790039 -0.13070477545261383 -0.33744755387306213
1790642574161064328 0.8217020034790039 -0.13070477545261383 -0.3375079929828644
1790642574181112350 0.8217020034790039 -0.13070477545261383 -0.33773279190063477
1790642574248079723 0.8217020034790039 -0.13070477545261383 -0.3378666937351227
1790642574274357046 0.8217020034790039 -0.13070477545261383 -0.3378482460975647
1790642574283651524 0.8217020034790039 -0.13070477545261383 -0.33811649680137634
1790642574323995609 0.8217020034790039 -0.13070477545261383 -0.3381190299987793
1790642574336806418 0.8217020034790039 -0.13070477545261383 -0.3378429114818573
1790642574347677854 0.8217020034790039 -0.13070477545261383 -0.33759036660194397
1790642574368160517 0.8217020034790039 -0.13070477545261383 -0.33737748861312866
1790642574387591970 0.8217020034790039 -0.13070477545261383 -0.33731386065483093
1790642574408141547 0.8217020034790039 -0.13070477545261383 -0.337506502866745
1790642574429952998 0.8217020034790039 -0.13070477545261383 -0.33753737807273865
1790642574449776755 0.8217020034790039 -0.13070477545261383 -0.3374093472957611
1790642574469645794 0.8217020034790039 -0.13070477545261383 -0.3372730314731598
1790642574494770975 0.8217020034790039 -0.13070477545261383 -0.33710360527038574
1790642574511938083 0.8217020034790039 -0.13070477545261383 -0.3370661735534668
1790642574535678506 0.8217020034790039 -0.13070477545261383 -0.3370440602302551
1790642574557823251 0.8217020034790039 -0.13070477545261383 -0.33688706159591675
1790642574579943482 0.8217020034790039 -0.13070477545261383 -0.3367425799369812
1790642574599772711 0.8217020034790039 -0.13070477545261383 -0.3366497755050659
1790642574620110248 0.8217020034790039 -0.13070477545261383 -0.33665478229522705
1790642574641684441 0.8217020034790039 -0.13070477545261383 -0.33670246601104736
1790642574668461272 0.8217020034790039 -0.13070477545261383 -0.33667466044425964
1790642574688461964 0.8217020034790039 -0.13070477545261383 -0.3366318941116333
1790642574710579123 0.8217020034790039 -0.13070477545261383 -0.33659765124320984
1790642574730188407 0.8217020034790039 -0.13070477545261383 -0.33659061789512634
1790642574750133545 0.8217020034790039 -0.13070477545261383 -0.33663538098335266
1790642574770420232 0.8217020034790039 -0.13070477545261383 -0.33667656779289246
1790642574790441628 0.8217020034790039 -0.13070477545261383 -0.3366955816745758
1790642574810250792 0.8217020034790039 -0.13070477545261383 -0.3367382884025574
1790642574830450468 0.8217020034790039 -0.13070477545261383 -0.3368249833583832
1790642574850570588 0.8217020034790039 -0.13070477545261383 -0.33688750863075256
1790642574870478156 0.8217020034790039 -0.13070477545261383 -0.3369234800338745
1790642574890333466 0.8217020034790039 -0.13070477545261383 -0.3369545042514801
1790642574910590744 0.8217020034790039 -0.13070477545261383 -0.3369741141796112
1790642574930473159 0.8217020034790039 -0.13070477545261383 -0.3370170295238495
1790642574950762182 0.8217020034790039 -0.13070477545261383 -0.3370458781719208
1790642574970794875 0.8217020034790039 -0.13070477545261383 -0.33706891536712646
1790642574990589159 0.8217020034790039 -0.13070477545261383 -0.3370635211467743
1790642575012607050 0.8217020034790039 -0.13070477545261383 -0.3370303213596344
1790642575069650545 0.8217020034790039 -0.13070477545261383 -0.33702579140663147
1790642575078791833 0.8217020034790039 -0.13070477545261383 -0.3369886875152588
1790642575099125658 0.8217020034790039 -0.13070477545261383 -0.3369382619857788
1790642575119137134 0.8217020034790039 -0.13070477545261383 -0.33688655495643616
1790642575141551296 0.8217020034790039 -0.13070477545261383 -0.3368615210056305
1790642575160834392 0.8217020034790039 -0.13070477545261383 -0.3368260860443115
1790642575184449338 0.8217020034790039 -0.13070477545261383 -0.33678770065307617
1790642575202071152 0.8217020034790039 -0.13070477545261383 -0.33676496148109436
1790642575221588497 0.8217020034790039 -0.13070477545261383 -0.3367425799369812
1790642575245332760 0.8217020034790039 -0.13070477545261383 -0.3367660641670227
1790642575267826702 0.8217020034790039 -0.13070477545261383 -0.33677998185157776
1790642575289795151 0.8217020034790039 -0.13070477545261383 -0.33680176734924316
1790642575313142599 0.8217020034790039 -0.13070477545261383 -0.33682090044021606
1790642575335305199 0.8217020034790039 -0.13070477545261383 -0.33682781457901
1790642575355491498 0.8217020034790039 -0.13070477545261383 -0.33687928318977356
1790642575375907343 0.8217020034790039 -0.13070477545261383 -0.33692172169685364
1790642575405964622 0.8217020034790039 -0.13070477545261383 -0.33694329857826233
1790642575427720359 0.8217020034790039 -0.13070477545261383 -0.33697986602783203
1790642575447722907 0.8217020034790039 -0.13070477545261383 -0.33699265122413635
1790642575467622443 0.8217020034790039 -0.13070477545261383 -0.3370005190372467
1790642575488224886 0.8217020034790039 -0.13070477545261383 -0.3370199203491211
1790642575508226954 0.8217020034790039 -0.13070477545261383 -0.33702340722084045
1790642575529975586 0.8217020034790039 -0.13070477545261383 -0.33703944087028503
1790642575552929131 0.8217020034790039 -0.13070477545261383 -0.3370240032672882
1790642575581236293 0.8217020034790039 -0.13070477545261383 -0.33700257539749146
1790642575597770225 0.8217020034790039 -0.13070477545261383 -0.336961030960083
1790642575618342459 0.8217020034790039 -0.13070477545261383 -0.3369229733943939
1790642575638597817 0.8217020034790039 -0.13070477545261383 -0.3368932604789734
1790642575658148539 0.8217020034790039 -0.13070477545261383 -0.33687177300453186
1790642575677929478 0.8217020034790039 -0.13070477545261383 -0.3368409276008606
1790642575697946298 0.8217020034790039 -0.13070477545261383 -0.33682847023010254
1790642575717776007 0.8217020034790039 -0.13070477545261383 -0.3368145227432251
1790642575742393232 0.8217020034790039 -0.13070477545261383 -0.3367973864078522
1790642575759863457 0.8217020034790039 -0.13070477545261383 -0.3368149399757385
1790642575779867508 0.8217020034790039 -0.13070477545261383 -0.3368123173713684
1790642575799911530 0.8217020034790039 -0.13070477545261383 -0.33683905005455017
1790642575819910429 0.8217020034790039 -0.13070477545261383 -0.3368470370769501
1790642575840283456 0.8217020034790039 -0.13070477545261383 -0.3368508219718933
1790642575860210865 0.8217020034790039 -0.13070477545261383 -0.3368906080722809
1790642575882931504 0.8217020034790039 -0.13070477545261383 -0.3369135558605194
1790642575902843200 0.8217020034790039 -0.13070477545261383 -0.33692798018455505
1790642575922869332 0.8217020034790039 -0.13070477545261383 -0.33696553111076355
1790642575942223983 0.8217020034790039 -0.13070477545261383 -0.33698731660842896
1790642575962310950 0.8217020034790039 -0.13070477545261383 -0.3370024561882019
1790642575986481022 0.8217020034790039 -0.13070477545261383 -0.3370082974433899
1790642576006640024 0.8217020034790039 -0.13070477545261383 -0.33701586723327637
1790642576164378332 0.8217020034790039 -0.13070477545261383 -0.3369298577308655
1790642576187088571 0.8217020034790039 -0.13070477545261383 -0.3368905484676361
1790642576207309879 0.8217020034790039 -0.13070477545261383 -0.33686596155166626
1790642576227689050 0.8217020034790039 -0.13070477545261383 -0.3368724286556244
1790642576250952846 0.8217020034790039 -0.13070477545261383 -0.3368801176548004
1790642576276917485 0.8217020034790039 -0.13070477545261383 -0.3369007110595703
1790642576312264605 0.8217020034790039 -0.13070477545261383 -0.3369140326976776
1790642576344167909 0.8217020034790039 -0.13070477545261383 -0.3369605839252472
1790642576355267098 0.8217020034790039 -0.13070477545261383 -0.33698132634162903
1790642576376612899 0.8217020034790039 -0.13070477545261383 -0.3369692265987396
1790642576398483424 0.8217020034790039 -0.13070477545261383 -0.3369710445404053
1790642576417728438 0.8217020034790039 -0.13070477545261383 -0.33699944615364075
1790642576437987892 0.8217020034790039 -0.13070477545261383 -0.3370104134082794
1790642576464774867 0.8217020034790039 -0.13070477545261383 -0.3369889259338379
1790642576482272292 0.8217020034790039 -0.13070477545261383 -0.3369905650615692
1790642576512354725 0.8217020034790039 -0.13070477545261383 -0.3369660973548889
1790642576544736513 0.8217020034790039 -0.13070477545261383 -0.33698195219039917
1790642576564621776 0.8217020034790039 -0.13070477545261383 -0.33697831630706787
1790642576592405590 0.8217020034790039 -0.13070477545261383 -0.33694249391555786
1790642576612147872 0.8217020034790039 -0.13070477545261383 -0.33690720796585083
1790642576633590668 0.8217020034790039 -0.13070477545261383 -0.3368963599205017
1790642576653730757 0.8217020034790039 -0.13070477545261383 -0.33689019083976746
1790642576679770759 0.8217020034790039 -0.13070477545261383 -0.33689188957214355
1790642576702537192 0.8217020034790039 -0.13070477545261383 -0.33688706159591675
1790642576719684139 0.8217020034790039 -0.13070477545261383 -0.3368917405605316
1790642576739892903 0.8217020034790039 -0.13070477545261383 -0.3369091749191284
1790642576759743029 0.8217020034790039 -0.13070477545261383 -0.33692753314971924
1790642576779950928 0.8217020034790039 -0.13070477545261383 -0.3369465470314026
1790642576804595995 0.8217020034790039 -0.13070477545261383 -0.33696773648262024
1790642576821886852 0.8217020034790039 -0.13070477545261383 -0.3369666337966919
1790642576841959771 0.8217020034790039 -0.13070477545261383 -0.336966335773468
1790642576862110740 0.8217020034790039 -0.13070477545261383 -0.3369581997394562
1790642576881987651 0.8217020034790039 -0.13070477545261383 -0.3369678556919098
1790642576902907675 0.8217020034790039 -0.13070477545261383 -0.3369958996772766
1790642576921853861 0.8217020034790039 -0.13070477545261383 -0.33701154589653015
1790642576942074338 0.8217020034790039 -0.13070477545261383 -0.3369937539100647
1790642576961961553 0.8217020034790039 -0.13070477545261383 -0.33697137236595154
1790642576982137868 0.8217020034790039 -0.13070477545261383 -0.3369612693786621
1790642577002255876 0.8217020034790039 -0.13070477545261383 -0.3369506299495697
1790642577035246775 0.8217020034790039 -0.13070477545261383 -0.33692917227745056
1790642577138121387 0.8217020034790039 -0.13070477545261383 -0.33688417077064514
1790642577157208379 0.8217020034790039 -0.13070477545261383 -0.33687567710876465
1790642577180457262 0.8217020034790039 -0.13070477545261383 -0.33687546849250793
1790642577197104926 0.8217020034790039 -0.13070477545261383 -0.33687177300453186
1790642577216413334 0.8217020034790039 -0.13070477545261383 -0.3368902802467346
1790642577236695893 0.8217020034790039 -0.13070477545261383 -0.33688658475875854
1790642577256513186 0.8217020034790039 -0.13070477545261383 -0.3368830680847168
1790642577276540054 0.8217020034790039 -0.13070477545261383 -0.3368808627128601
1790642577296659759 0.8217020034790039 -0.13070477545261383 -0.336891770362854
1790642577316790024 0.8217020034790039 -0.13070477545261383 -0.33688682317733765
1790642577336647382 0.8217020034790039 -0.13070477545261383 -0.33689337968826294
1790642577356685323 0.8217020034790039 -0.13070477545261383 -0.3368724584579468
1790642577376721120 0.8217020034790039 -0.13070477545261383 -0.3368764817714691
1790642577397021184 0.8217020034790039 -0.13070477545261383 -0.33687159419059753
1790642577416988818 0.8217020034790039 -0.13070477545261383 -0.3368501663208008
1790642577437186221 0.8217020034790039 -0.13070477545261383 -0.3368673324584961
1790642577456929719 0.8217020034790039 -0.13070477545261383 -0.3368527293205261
1790642577476875945 0.8217020034790039 -0.13070477545261383 -0.33684241771698
1790642577496890109 0.8217020034790039 -0.13070477545261383 -0.3368206024169922
1790642577516911729 0.8217020034790039 -0.13070477545261383 -0.3368174731731415
1790642577537024074 0.8217020034790039 -0.13070477545261383 -0.3368227183818817
1790642577556964315 0.8217020034790039 -0.13070477545261383 -0.33682143688201904
1790642577577290747 0.8217020034790039 -0.13070477545261383 -0.33680590987205505
1790642577597368178 0.8217020034790039 -0.13070477545261383 -0.3368224799633026
1790642577617113436 0.8217020034790039 -0.13070477545261383 -0.3368055522441864
1790642577637180818 0.8217020034790039 -0.13070477545261383 -0.33680474758148193
1790642577657238312 0.8217020034790039 -0.13070477545261383 -0.3368106186389923
1790642577677261757 0.8217020034790039 -0.13070477545261383 -0.3367822766304016
1790642577697256976 0.8217020034790039 -0.13070477545261383 -0.33678022027015686
1790642577717801209 0.8217020034790039 -0.13070477545261383 -0.33680230379104614
1790642577737488321 0.8217020034790039 -0.13070477545261383 -0.3368108868598938
1790642577757396273 0.8217020034790039 -0.13070477545261383 -0.336812287569046
1790642577777555883 0.8217020034790039 -0.13070477545261383 -0.3368103802204132
1790642577797470043 0.8217020034790039 -0.13070477545261383 -0.3368208408355713
1790642577817569747 0.8217020034790039 -0.13070477545261383 -0.3368323743343353
1790642577837545830 0.8217020034790039 -0.13070477545261383 -0.33704158663749695
1790642577857586715 0.8217020034790039 -0.13070477545261383 -0.33703067898750305
1790642577877571054 0.8217020034790039 -0.13070477545261383 -0.3370136022567749
1790642577897640932 0.8217020034790039 -0.13070477545261383 -0.3370089828968048
1790642577917791422 0.8217020034790039 -0.13070477545261383 -0.33701735734939575
1790642577937645452 0.8217020034790039 -0.13070477545261383 -0.3370179235935211
1790642577959445479 0.8217020034790039 -0.13070477545261383 -0.3369876444339752
1790642577978010498 0.8217020034790039 -0.13070477545261383 -0.3369976878166199
1790642577998244319 0.8217020034790039 -0.13070477545261383 -0.33698323369026184
1790642578018066667 0.8217020034790039 -0.13070477545261383 -0.3369835913181305
1790642578039395059 0.8217020034790039 -0.13070477545261383 -0.3369778096675873
1790642578058378591 0.8217020034790039 -0.13070477545261383 -0.3369665741920471
1790642578084504068 0.8217020034790039 -0.13070477545261383 -0.3369678854942322
1790642578098210048 0.8217020034790039 -0.13070477545261383 -0.33695605397224426
1790642578120086045 0.8217020034790039 -0.13070477545261383 -0.33693280816078186
1790642578140172084 0.8217020034790039 -0.13070477545261383 -0.33694398403167725
1790642578160096293 0.8217020034790039 -0.13070477545261383 -0.3369532823562622
1790642578180330626 0.8217020034790039 -0.13070477545261383 -0.33694177865982056
1790642578200118253 0.8217020034790039 -0.13070477545261383 -0.3369649648666382
1790642578220263655 0.8217020034790039 -0.13070477545261383 -0.336976021528244
1790642578240375743 0.8217020034790039 -0.13070477545261383 -0.33698520064353943
1790642578260412948 0.8217020034790039 -0.13070477545261383 -0.3369903266429901
1790642578280376006 0.8217020034790039 -0.13070477545261383 -0.3369947671890259
1790642578300555969 0.8217020034790039 -0.13070477545261383 -0.3369905352592468
1790642578320428048 0.8217020034790039 -0.13070477545261383 -0.3370003402233124
1790642578340559081 0.8217020034790039 -0.13070477545261383 -0.33699020743370056
1790642578360634687 0.8217020034790039 -0.13070477545261383 -0.3369937539100647
1790642578380712246 0.8217020034790039 -0.13070477545261383 -0.33697348833084106
1790642578400846543 0.8217020034790039 -0.13070477545261383 -0.33697110414505005
1790642578420565752 0.8217020034790039 -0.13070477545261383 -0.33697205781936646
1790642578440498569 0.8217020034790039 -0.13070477545261383 -0.3369527757167816
1790642578460751270 0.8217020034790039 -0.13070477545261383 -0.3369426429271698
1790642578480652566 0.8217020034790039 -0.13070477545261383 -0.33693957328796387
1790642578504798029 0.8217020034790039 -0.13070477545261383 -0.3369133174419403
1790642578525019690 0.8217020034790039 -0.13070477545261383 -0.33692485094070435
1790642578544799477 0.8217020034790039 -0.13070477545261383 -0.33691099286079407
1790642578564808969 0.8217020034790039 -0.13070477545261383 -0.33692026138305664
1790642578584972547 0.8217020034790039 -0.13070477545261383 -0.33691737055778503
1790642578611228493 0.8217020034790039 -0.13070477545261383 -0.3369111120700836
1790642578630896051 0.8217020034790039 -0.13070477545261383 -0.336905837059021
1790642578651351033 0.8217020034790039 -0.13070477545261383 -0.3369283676147461
1790642578670948925 0.8217020034790039 -0.13070477545261383 -0.33692482113838196
1790642578694691204 0.8217020034790039 -0.13070477545261383 -0.3369274139404297
1790642578711027367 0.8217020034790039 -0.13070477545261383 -0.33692675828933716
1790642578735234977 0.8217020034790039 -0.13070477545261383 -0.33695635199546814
1790642578753313961 0.8217020034790039 -0.13070477545261383 -0.33695727586746216
1790642578773174775 0.8217020034790039 -0.13070477545261383 -0.33694931864738464
1790642578795197018 0.8217020034790039 -0.13070477545261383 -0.3369395434856415
1790642578815430519 0.8217020034790039 -0.13070477545261383 -0.33693769574165344
1790642578835377033 0.8217020034790039 -0.13070477545261383 -0.336932510137558
1790642578855485729 0.8217020034790039 -0.13070477545261383 -0.33694562315940857
1790642578875354895 0.8217020034790039 -0.13070477545261383 -0.33695337176322937
1790642578900614706 0.8217020034790039 -0.13070477545261383 -0.33695438504219055
1790642578925224603 0.8217020034790039 -0.13070477545261383 -0.33695805072784424
1790642578945960108 0.8217020034790039 -0.13070477545261383 -0.33697450160980225
1790642578966076100 0.8217020034790039 -0.13070477545261383 -0.33697423338890076
1790642578990246716 0.8217020034790039 -0.13070477545261383 -0.336973637342453
1790642579011672328 0.8217020034790039 -0.13070477545261383 -0.336948424577713
1790642579031813825 0.8217020034790039 -0.13070477545261383 -0.33694344758987427
1790642579053040933 0.8217020034790039 -0.13070477545261383 -0.3369390368461609
1790642579074213383 0.8217020034790039 -0.13070477545261383 -0.33695507049560547
1790642579097818025 0.8217020034790039 -0.13070477545261383 -0.3369687497615814
1790642579118077639 0.8217020034790039 -0.13070477545261383 -0.3369826078414917
1790642579140525659 0.8217020034790039 -0.13070477545261383 -0.33696863055229187
1790642579160225955 0.8217020034790039 -0.13070477545261383 -0.3369942009449005
1790642579181142715 0.8217020034790039 -0.13070477545261383 -0.3369792699813843
1790642579208366219 0.8217020034790039 -0.13070477545261383 -0.3369695842266083
1790642579228874067 0.8217020034790039 -0.13070477545261383 -0.33696606755256653
1790642579251334183 0.8217020034790039 -0.13070477545261383 -0.3369769752025604
1790642579270498362 0.8217020034790039 -0.13070477545261383 -0.3369932770729065
1790642579290584497 0.8217020034790039 -0.13070477545261383 -0.3369864523410797
1790642579312614645 0.8217020034790039 -0.13070477545261383 -0.3369869291782379
1790642579330417938 0.8217020034790039 -0.13070477545261383 -0.33698511123657227
1790642579350850999 0.8217020034790039 -0.13070477545261383 -0.33698156476020813
1790642579382564472 0.8217020034790039 -0.13070477545261383 -0.3369871973991394
1790642579403579603 0.8217020034790039 -0.13070477545261383 -0.3369823694229126
1790642579422668835 0.8217020034790039 -0.13070477545261383 -0.3369927406311035
1790642579442908096 0.8217020034790039 -0.13070477545261383 -0.33696678280830383
1790642579466973780 0.8217020034790039 -0.13070477545261383 -0.3369911313056946
1790642579486488629 0.8217020034790039 -0.13070477545261383 -0.33701300621032715
1790642579506611245 0.8217020034790039 -0.13070477545261383 -0.3370009958744049
1790642579529650617 0.8217020034790039 -0.13070477545261383 -0.33701279759407043
1790642579555190983 0.8217020034790039 -0.13070477545261383 -0.33703237771987915
1790642579570646119 0.8217020034790039 -0.13070477545261383 -0.3369319438934326
1790642579602922142 0.8217020034790039 -0.13070477545261383 -0.33690935373306274
1790642579622938547 0.8217020034790039 -0.13070477545261383 -0.33693256974220276
1790642579643189104 0.8217020034790039 -0.13070477545261383 -0.3369499742984772
1790642579663650326 0.8217020034790039 -0.13070477545261383 -0.33694860339164734
1790642579683160311 0.8217020034790039 -0.13070477545261383 -0.33695149421691895
1790642579702919457 0.8217020034790039 -0.13070477545261383 -0.33693927526474
1790642579726877296 0.8217020034790039 -0.13070477545261383 -0.33693525195121765
1790642579747192976 0.8217020034790039 -0.13070477545261383 -0.3369345963001251
1790642579767352970 0.8217020034790039 -0.13070477545261383 -0.3369233310222626
1790642579787734317 0.8217020034790039 -0.13070477545261383 -0.3369373381137848
1790642579807230125 0.8217020034790039 -0.13070477545261383 -0.3369213938713074
1790642579835926967 0.8217020034790039 -0.13070477545261383 -0.3368985056877136
1790642579856792589 0.8217020034790039 -0.13070477545261383 -0.3368847370147705
1790642579875724727 0.8217020034790039 -0.13070477545261383 -0.3368722200393677
1790642579895539587 0.8217020034790039 -0.13070477545261383 -0.33687716722488403
1790642579915194953 0.8217020034790039 -0.13070477545261383 -0.33687135577201843
1790642579935566156 0.8217020034790039 -0.13070477545261383 -0.33688080310821533
1790642579955551359 0.8217020034790039 -0.13070477545261383 -0.3368864059448242
1790642579976306800 0.8217020034790039 -0.13070477545261383 -0.3368835151195526
1790642579995616585 0.8217020034790039 -0.13070477545261383 -0.33689549565315247
1790642580015912200 0.8217020034790039 -0.13070477545261383 -0.33690765500068665
1790642580035430633 0.8217020034790039 -0.13070477545261383 -0.3369220793247223
1790642580055464542 0.8217020034790039 -0.13070477545261383 -0.3369240462779999
1790642580077687529 0.8217020034790039 -0.13070477545261383 -0.336924284696579
1790642580095697134 0.8217020034790039 -0.13070477545261383 -0.33693790435791016
1790642580115516731 0.8217020034790039 -0.13070477545261383 -0.3369550108909607
1790642580135587249 0.8217020034790039 -0.13070477545261383 -0.33695659041404724
1790642580155863024 0.8217020034790039 -0.13070477545261383 -0.3369552493095398
1790642580175580248 0.8217020034790039 -0.13070477545261383 -0.336944043636322
1790642580196057599 0.8217020034790039 -0.13070477545261383 -0.33695852756500244
1790642580215735430 0.8217020034790039 -0.13070477545261383 -0.33694419264793396
1790642580235919169 0.8217020034790039 -0.13070477545261383 -0.3369353115558624
1790642580257896546 0.8217020034790039 -0.13070477545261383 -0.3369026184082031
1790642580275817764 0.8217020034790039 -0.13070477545261383 -0.33688807487487793
1790642580295853529 0.8217020034790039 -0.13070477545261383 -0.33689066767692566
1790642580316041556 0.8217020034790039 -0.13070477545261383 -0.3368893265724182
1790642580335855457 0.8217020034790039 -0.13070477545261383 -0.336893230676651
1790642580355888918 0.8217020034790039 -0.13070477545261383 -0.33689582347869873
1790642580376010030 0.8217020034790039 -0.13070477545261383 -0.33689796924591064
1790642580395991105 0.8217020034790039 -0.13070477545261383 -0.3368971645832062
1790642580416307297 0.8217020034790039 -0.13070477545261383 -0.33690768480300903
1790642580436063915 0.8217020034790039 -0.13070477545261383 -0.3369266390800476
1790642580456250599 0.8217020034790039 -0.13070477545261383 -0.33691808581352234
1790642580476068083 0.8217020034790039 -0.13070477545261383 -0.3369242250919342
1790642580496940169 0.8217020034790039 -0.13070477545261383 -0.3369094431400299
1790642580516162110 0.8217020034790039 -0.13070477545261383 -0.33693572878837585
1790642580536335577 0.8217020034790039 -0.13070477545261383 -0.3369550108909607
1790642580556561877 0.8217020034790039 -0.13070477545261383 -0.3369678556919098
1790642580576363521 0.8217020034790039 -0.13070477545261383 -0.3369680345058441
1790642580628806483 0.8217020034790039 -0.13070477545261383 -0.33697056770324707
1790642580648965101 0.8217020034790039 -0.13070477545261383 -0.3369957506656647
1790642580668835355 0.8217020034790039 -0.13070477545261383 -0.33698880672454834
1790642580688525411 0.8217020034790039 -0.13070477545261383 -0.336972713470459
1790642580708558520 0.8217020034790039 -0.13070477545261383 -0.3369767963886261
1790642580728613133 0.8217020034790039 -0.13070477545261383 -0.3369806110858917
1790642580748669571 0.8217020034790039 -0.13070477545261383 -0.3370100259780884
1790642580773908741 0.8217020034790039 -0.13070477545261383 -0.3370075821876526
1790642580791252272 0.8217020034790039 -0.13070477545261383 -0.3369985818862915
1790642580810830164 0.8217020034790039 -0.13070477545261383 -0.33698201179504395
1790642580834096072 0.8217020034790039 -0.13070477545261383 -0.3369620442390442
1790642580853071155 0.8217020034790039 -0.13070477545261383 -0.33698317408561707
1790642580873415700 0.8217020034790039 -0.13070477545261383 -0.33698374032974243
1790642580898079680 0.8217020034790039 -0.13070477545261383 -0.3369785249233246
1790642580912904008 0.8217020034790039 -0.13070477545261383 -0.3369847238063812
1790642580932896027 0.8217020034790039 -0.13070477545261383 -0.33700165152549744
1790642580952946417 0.8217020034790039 -0.13070477545261383 -0.3370048403739929
1790642580973019111 0.8217020034790039 -0.13070477545261383 -0.33702462911605835
1790642580993206978 0.8217020034790039 -0.13070477545261383 -0.337014377117157
1790642581013219735 0.8217020034790039 -0.13070477545261383 -0.33701640367507935
1790642581033274060 0.8217020034790039 -0.13070477545261383 -0.33702361583709717
1790642581053134747 0.8217020034790039 -0.13070477545261383 -0.3370164632797241
1790642581073340310 0.8217020034790039 -0.13070477545261383 -0.3370339274406433
1790642581093195652 0.8217020034790039 -0.13070477545261383 -0.3370365500450134
1790642581113534373 0.8217020034790039 -0.13070477545261383 -0.3370263874530792
1790642581133511672 0.8217020034790039 -0.13070477545261383 -0.3370265066623688
1790642581157702737 0.8217020034790039 -0.13070477545261383 -0.3370307683944702
1790642581177438426 0.8217020034790039 -0.13070477545261383 -0.33703985810279846
1790642581199845325 0.8217020034790039 -0.13070477545261383 -0.33701205253601074
1790642581219635960 0.8217020034790039 -0.13070477545261383 -0.3369934558868408
1790642581239494310 0.8217020034790039 -0.13070477545261383 -0.33699846267700195
1790642581259541052 0.8217020034790039 -0.13070477545261383 -0.33699551224708557
1790642581280260268 0.8217020034790039 -0.13070477545261383 -0.3370039463043213
1790642581301594036 0.8217020034790039 -0.13070477545261383 -0.33700674772262573
1790642581324825287 0.8217020034790039 -0.13070477545261383 -0.3368716537952423
1790642581341694880 0.8217020034790039 -0.13070477545261383 -0.3368716537952423
1790642581361831033 0.8217020034790039 -0.13070477545261383 -0.3368716537952423
1790642581381848365 0.8217020034790039 -0.13070477545261383 -0.3368716537952423
1790642581401914723 0.8217020034790039 -0.13070477545261383 -0.3368716537952423
1790642581422112223 0.8217020034790039 -0.13070477545261383 -0.3368716537952423
1790642581445939625 0.8217020034790039 -0.13070477545261383 -0.3368716537952423
1790642581465940701 0.8217020034790039 -0.13070477545261383 -0.3368716537952423
1790642581485949585 0.8217020034790039 -0.13070477545261383 -0.3368716537952423
1790642581506007079 0.8217020034790039 -0.13070477545261383 -0.3368717432022095
1790642581529280508 0.8217020034790039 -0.13070477545261383 -0.3368716537952423
1790642581548297065 0.8217020034790039 -0.13070477545261383 -0.3368716537952423
1790642581568090388 0.8217020034790039 -0.13070477545261383 -0.3368716537952423
1790642581632241203 0.8217020034790039 -0.13070477545261383 -0.3368716537952423
1790642581652158723 0.8217020034790039 -0.13070477545261383 -0.3368716537952423
1790642581672227065 0.8217020034790039 -0.13070477545261383 -0.3368716537952423
1790642581692382259 0.8217020034790039 -0.13070477545261383 -0.3368716537952423
1790642581712297604 0.8217020034790039 -0.13070477545261383 -0.3368716537952423
1790642581732404540 0.8217020034790039 -0.13070477545261383 -0.3368716537952423
1790642581754465696 0.8217020034790039 -0.13070477545261383 -0.3368717133998871
1790642581774458548 0.8217020034790039 -0.13070477545261383 -0.3368717133998871
1790642581794678416 0.8217020034790039 -0.13070477545261383 -0.3368717133998871
1790642581814775336 0.8217020034790039 -0.13070477545261383 -0.3368717133998871
1790642581834531698 0.8217020034790039 -0.13070477545261383 -0.3368717133998871
1790642581854810896 0.8217020034790039 -0.13070477545261383 -0.3368716537952423
1790642581874650974 0.8217020034790039 -0.13070477545261383 -0.3368717133998871
1790642581894906524 0.8217020034790039 -0.13070477545261383 -0.3368717133998871
1790642581914738569 0.8217020034790039 -0.13070477545261383 -0.3368717133998871
1790642581937605773 0.8217020034790039 -0.13070477545261383 -0.3368717133998871
1790642581960963909 0.8217020034790039 -0.13070477545261383 -0.3368717133998871
1790642581980896342 0.8217020034790039 -0.13070477545261383 -0.3368717133998871
1790642582000924363 0.8217020034790039 -0.13070477545261383 -0.3368717133998871
1790642582021048228 0.8217020034790039 -0.13070477545261383 -0.3368717133998871
1790642582041018454 0.8217020034790039 -0.13070477545261383 -0.3368717133998871
1790642582060924742 0.8217020034790039 -0.13070477545261383 -0.3368717133998871
1790642582081041054 0.8217020034790039 -0.13070477545261383 -0.3368716537952423
1790642582101140470 0.8217020034790039 -0.13070477545261383 -0.3368717133998871
1790642582121148010 0.8217020034790039 -0.13070477545261383 -0.3368716537952423
1790642582141092988 0.8217020034790039 -0.13070477545261383 -0.3368716537952423
1790642582161017452 0.8217020034790039 -0.13070477545261383 -0.3368716537952423
1790642582181172550 0.8217020034790039 -0.13070477545261383 -0.3368717133998871
1790642582201385666 0.8217020034790039 -0.13070477545261383 -0.3368716537952423
1790642582222198806 0.8217020034790039 -0.13070477545261383 -0.3368717133998871
1790642582241303750 0.8217020034790039 -0.13070477545261383 -0.3368716537952423
1790642582261263320 0.8217020034790039 -0.13070477545261383 -0.3368716537952423
1790642582281381201 0.8217020034790039 -0.13070477545261383 -0.3368716537952423
1790642582301574092 0.8217020034790039 -0.13070477545261383 -0.3368716537952423
1790642582321535198 0.8217020034790039 -0.13070477545261383 -0.3368716537952423
1790642582341406157 0.8217020034790039 -0.13070477545261383 -0.3368716537952423
1790642582362968062 0.8217020034790039 -0.13070477545261383 -0.3368716537952423
1790642582381635837 0.8217020034790039 -0.13070477545261383 -0.3368716537952423
1790642582401676851 0.8217020034790039 -0.13070477545261383 -0.3368716537952423
1790642582423535056 0.8217020034790039 -0.13070477545261383 -0.3368716537952423
1790642582443890225 0.8217020034790039 -0.13070477545261383 -0.3368716537952423
1790642582463741887 0.8217020034790039 -0.13070477545261383 -0.3368716537952423
1790642582483858583 0.8217020034790039 -0.13070477545261383 -0.3368716537952423
1790642582503691748 0.8217020034790039 -0.13070477545261383 -0.3368716537952423
1790642582523746426 0.8217020034790039 -0.13070477545261383 -0.3368716537952423
1790642582543745166 0.8217020034790039 -0.13070477545261383 -0.3368716537952423
1790642582564541921 0.8217020034790039 -0.13070477545261383 -0.3368716537952423
1790642582618035932 0.8217020034790039 -0.13070477545261383 -0.3368716537952423
1790642582650668609 0.8217020034790039 -0.13070477545261383 -0.3368716239929199
1790642582670076606 0.8217020034790039 -0.13070477545261383 -0.3368716239929199
1790642582690120019 0.8217020034790039 -0.13070477545261383 -0.3368716239929199
1790642582710042372 0.8217020034790039 -0.13070477545261383 -0.3368716239929199
1790642582730139835 0.8217020034790039 -0.13070477545261383 -0.3368716239929199
1790642582750279028 0.8217020034790039 -0.13070477545261383 -0.3368716239929199
1790642582770424878 0.8217020034790039 -0.13070477545261383 -0.3368716239929199
1790642582790192120 0.8217020034790039 -0.13070477545261383 -0.3368716239929199
1790642582810232878 0.8217020034790039 -0.13070477545261383 -0.3368716239929199
1790642582830618928 0.8217020034790039 -0.13070477545261383 -0.3368716239929199
1790642582850383899 0.8217020034790039 -0.13070477545261383 -0.3368716239929199
1790642582870317804 0.8217020034790039 -0.13070477545261383 -0.3368716239929199
1790642582892535927 0.8217020034790039 -0.13070477545261383 -0.3368716239929199
1790642582912818006 0.8217020034790039 -0.13070477545261383 -0.3368716239929199
1790642582934700980 0.8217020034790039 -0.13070477545261383 -0.3368716239929199
1790642582954588035 0.8217020034790039 -0.13070477545261383 -0.3368716239929199
1790642582974544725 0.8217020034790039 -0.13070477545261383 -0.3368716239929199
1790642582994570826 0.8217020034790039 -0.13070477545261383 -0.3368716239929199
1790642583019174419 0.8217020034790039 -0.13070477545261383 -0.3368716239929199
1790642583038731413 0.8217020034790039 -0.13070477545261383 -0.3368716239929199
1790642583058817100 0.8217020034790039 -0.13070477545261383 -0.3368716239929199
1790642583078774366 0.8217020034790039 -0.13070477545261383 -0.3370205760002136
1790642583098859925 0.8217020034790039 -0.13070477545261383 -0.3370205760002136
1790642583118906635 0.8217020034790039 -0.13070477545261383 -0.3370205760002136
1790642583138852796 0.8217020034790039 -0.13070477545261383 -0.3370205760002136
1790642583160968195 0.8217020034790039 -0.13070477545261383 -0.3370205760002136
1790642583183145677 0.8217020034790039 -0.13070477545261383 -0.3370205760002136
1790642583202909367 0.8217020034790039 -0.13070477545261383 -0.3370205760002136
1790642583222973741 0.8217020034790039 -0.13070477545261383 -0.3370205760002136
1790642583245802608 0.8217020034790039 -0.13070477545261383 -0.3370205760002136
1790642583262992469 0.8217020034790039 -0.13070477545261383 -0.3370205760002136
1790642583283183889 0.8217020034790039 -0.13070477545261383 -0.3370205760002136
1790642583303322154 0.8217020034790039 -0.13070477545261383 -0.3370205760002136
1790642583323177624 0.8217020034790039 -0.13070477545261383 -0.3370205760002136
1790642583343377171 0.8217020034790039 -0.13070477545261383 -0.3370205760002136
1790642583363424201 0.8217020034790039 -0.13070477545261383 -0.3370205760002136
1790642583383398459 0.8217020034790039 -0.13070477545261383 -0.3370205760002136
1790642583403472082 0.8217020034790039 -0.13070477545261383 -0.3370205760002136
1790642583423562377 0.8217020034790039 -0.13070477545261383 -0.3370205760002136
1790642583443488218 0.8217020034790039 -0.13070477545261383 -0.3370205760002136
1790642583473571451 0.8217020034790039 -0.13070477545261383 -0.3370205760002136
1790642583493436009 0.8217020034790039 -0.13070477545261383 -0.3370205760002136
1790642583513624644 0.8217020034790039 -0.13070477545261383 -0.33702054619789124
1790642583533494963 0.8217020034790039 -0.13070477545261383 -0.3370205760002136
1790642583553483814 0.8217020034790039 -0.13070477545261383 -0.3370205760002136
1790642583575696241 0.8217020034790039 -0.13070477545261383 -0.3370205760002136
1790642583623197728 0.8217020034790039 -0.13070477545261383 -0.3370205760002136
1790642583641970595 0.8217020034790039 -0.13070477545261383 -0.3370205760002136
1790642583666135227 0.8217020034790039 -0.13070477545261383 -0.3370205760002136
1790642583691725035 0.8217020034790039 -0.13070477545261383 -0.3370205760002136
1790642583710007067 0.8217020034790039 -0.13070477545261383 -0.3370205760002136
1790642583729825351 0.8217020034790039 -0.13070477545261383 -0.3370205760002136
1790642583749923295 0.8217020034790039 -0.13070477545261383 -0.3370205760002136
1790642583769985589 0.8217020034790039 -0.13070477545261383 -0.3370205760002136
1790642583790266644 0.8217020034790039 -0.13070477545261383 -0.33702054619789124
1790642583810113282 0.8217020034790039 -0.13070477545261383 -0.33702054619789124
1790642583830038002 0.8217020034790039 -0.13070477545261383 -0.33702054619789124
1790642583850137738 0.8217020034790039 -0.13070477545261383 -0.33702054619789124
1790642583870100796 0.8217020034790039 -0.13070477545261383 -0.33702054619789124
1790642583890339705 0.8217020034790039 -0.13070477545261383 -0.33702054619789124
1790642583910734300 0.8217020034790039 -0.13070477545261383 -0.33702054619789124
1790642583930345121 0.8217020034790039 -0.13070477545261383 -0.33702054619789124
1790642583950272818 0.8217020034790039 -0.13070477545261383 -0.33702054619789124
1790642583970419691 0.8217020034790039 -0.13070477545261383 -0.33702054619789124
1790642583990424191 0.8217020034790039 -0.13070477545261383 -0.33702054619789124
1790642584013601552 0.8217020034790039 -0.13070477545261383 -0.33702054619789124
1790642584030507434 0.8217020034790039 -0.13070477545261383 -0.33702054619789124
1790642584050846123 0.8217020034790039 -0.13070477545261383 -0.3370205760002136
1790642584070566483 0.8217020034790039 -0.13070477545261383 -0.3370205760002136
1790642584090861619 0.8217020034790039 -0.13070477545261383 -0.3370205760002136
1790642584110554234 0.8217020034790039 -0.13070477545261383 -0.3370205760002136
1790642584130631185 0.8217020034790039 -0.13070477545261383 -0.3370205760002136
1790642584150721832 0.8217020034790039 -0.13070477545261383 -0.3370205760002136
1790642584172292954 0.8217020034790039 -0.13070477545261383 -0.3370205760002136
1790642584191669429 0.8217020034790039 -0.13070477545261383 -0.3370205760002136
1790642584210850184 0.8217020034790039 -0.13070477545261383 -0.3370205760002136
1790642584230784538 0.8217020034790039 -0.13070477545261383 -0.3370205760002136
1790642584250910034 0.8217020034790039 -0.13070477545261383 -0.33702054619789124
1790642584270765312 0.8217020034790039 -0.13070477545261383 -0.3370205760002136
1790642584300963910 0.8217020034790039 -0.13070477545261383 -0.33702054619789124
1790642584320951353 0.8217020034790039 -0.13070477545261383 -0.33702054619789124
1790642584340965549 0.8217020034790039 -0.13070477545261383 -0.33702048659324646
1790642584361089030 0.8217020034790039 -0.13070477545261383 -0.33702048659324646
1790642584380988437 0.8217020034790039 -0.13070477545261383 -0.33702048659324646
1790642584401040587 0.8217020034790039 -0.13070477545261383 -0.33702048659324646
1790642584421560627 0.8217020034790039 -0.13070477545261383 -0.33702051639556885
1790642584441217305 0.8217020034790039 -0.13070477545261383 -0.33702048659324646
1790642584461275951 0.8217020034790039 -0.13070477545261383 -0.33702051639556885
1790642584481435465 0.8217020034790039 -0.13070477545261383 -0.33702051639556885
1790642584501229685 0.8217020034790039 -0.13070477545261383 -0.33702048659324646
1790642584521551829 0.8217020034790039 -0.13070477545261383 -0.33702048659324646
1790642584541830420 0.8217020034790039 -0.13070477545261383 -0.33702048659324646
1790642584561901515 0.8217020034790039 -0.13070477545261383 -0.33702048659324646
1790642584619681550 0.8217020034790039 -0.13070477545261383 -0.33702048659324646
1790642584635566016 0.8217020034790039 -0.13070477545261383 -0.33702048659324646
1790642584655550259 0.8217020034790039 -0.13070477545261383 -0.33702048659324646
1790642584679979477 0.8217020034790039 -0.13070477545261383 -0.3370204269886017
1790642584701670411 0.8217020034790039 -0.13070477545261383 -0.33702048659324646
1790642584721646334 0.8217020034790039 -0.13070477545261383 -0.3370204269886017
1790642584741628817 0.8217020034790039 -0.13070477545261383 -0.3370204269886017
1790642584762345697 0.8217020034790039 -0.13070477545261383 -0.3370204269886017
1790642584781953189 0.8217020034790039 -0.13070477545261383 -0.3370204269886017
1790642584805896500 0.8217020034790039 -0.13070477545261383 -0.3370204269886017
1790642584822391966 0.8217020034790039 -0.13070477545261383 -0.337024062871933
1790642584841863421 0.8217020034790039 -0.13070477545261383 -0.337024062871933
1790642584861928019 0.8217020034790039 -0.13070477545261383 -0.337024062871933
1790642584882224946 0.8217020034790039 -0.13070477545261383 -0.337024062871933
1790642584902128194 0.8217020034790039 -0.13070477545261383 -0.337024062871933
1790642584922549735 0.8217020034790039 -0.13070477545261383 -0.337024062871933
1790642584942286416 0.8217020034790039 -0.13070477545261383 -0.337024062871933
1790642584966449384 0.8217020034790039 -0.13070477545261383 -0.33702409267425537
1790642584986209874 0.8217020034790039 -0.13070477545261383 -0.33702409267425537
1790642585006185605 0.8217020034790039 -0.13070477545261383 -0.33702409267425537
1790642585026193529 0.8217020034790039 -0.13070477545261383 -0.33702409267425537
1790642585046250959 0.8217020034790039 -0.13070477545261383 -0.3370240330696106
1790642585068611743 0.8217020034790039 -0.13070477545261383 -0.337024062871933
1790642585088262021 0.8217020034790039 -0.13070477545261383 -0.337024062871933
1790642585108449920 0.8217020034790039 -0.13070477545261383 -0.337024062871933
1790642585128573721 0.8217020034790039 -0.13070477545261383 -0.3370240330696106
1790642585148611182 0.8217020034790039 -0.13070477545261383 -0.337024062871933
1790642585168447003 0.8217020034790039 -0.13070477545261383 -0.3370240330696106
1790642585190727497 0.8217020034790039 -0.13070477545261383 -0.3370240330696106
1790642585210658586 0.8217020034790039 -0.13070477545261383 -0.3370240032672882
1790642585230758609 0.8217020034790039 -0.13070477545261383 -0.3370240032672882
1790642585250715011 0.8217020034790039 -0.13070477545261383 -0.3370240330696106
1790642585270723991 0.8217020034790039 -0.13070477545261383 -0.3370240032672882
1790642585290710955 0.8217020034790039 -0.13070477545261383 -0.3370240330696106
1790642585310893253 0.8217020034790039 -0.13070477545261383 -0.3370240330696106
1790642585330694769 0.8217020034790039 -0.13070477545261383 -0.3370240330696106
1790642585350723462 0.8217020034790039 -0.13070477545261383 -0.3370240330696106
1790642585370897633 0.8217020034790039 -0.13070477545261383 -0.3370240032672882
1790642585391187616 0.8217020034790039 -0.13070477545261383 -0.3370240330696106
1790642585410769859 0.8217020034790039 -0.13070477545261383 -0.3370240330696106
1790642585430960958 0.8217020034790039 -0.13070477545261383 -0.3370240330696106
1790642585451014388 0.8217020034790039 -0.13070477545261383 -0.3370240330696106
1790642585471081834 0.8217020034790039 -0.13070477545261383 -0.3370240032672882
1790642585491120768 0.8217020034790039 -0.13070477545261383 -0.3370240032672882
1790642585511283418 0.8217020034790039 -0.13070477545261383 -0.3370240032672882
1790642585531810018 0.8217020034790039 -0.13070477545261383 -0.3370240032672882
1790642585551157756 0.8217020034790039 -0.13070477545261383 -0.3370240032672882
1790642585571255700 0.8217020034790039 -0.13070477545261383 -0.3370240032672882
1790642585643528530 0.8217020034790039 -0.13070477545261383 -0.3370239734649658
1790642585663501445 0.8217020034790039 -0.13070477545261383 -0.3370239734649658
1790642585683624797 0.8217020034790039 -0.13070477545261383 -0.3370239734649658
1790642585703449866 0.8217020034790039 -0.13070477545261383 -0.3370239734649658
1790642585723645126 0.8217020034790039 -0.13070477545261383 -0.3370239734649658
1790642585743466898 0.8217020034790039 -0.13070477545261383 -0.3370239734649658
1790642585763520264 0.8217020034790039 -0.13070477545261383 -0.3370239734649658
1790642585783621024 0.8217020034790039 -0.13070477545261383 -0.3370239734649658
1790642585803453197 0.8217020034790039 -0.13070477545261383 -0.3370239734649658
1790642585823694506 0.8217020034790039 -0.13070477545261383 -0.3370239734649658
1790642585843638523 0.8217020034790039 -0.13070477545261383 -0.3370239734649658
1790642585863656336 0.8217020034790039 -0.13070477545261383 -0.3370239734649658
1790642585883747559 0.8217020034790039 -0.13070477545261383 -0.3370239734649658
1790642585903798525 0.8217020034790039 -0.13070477545261383 -0.3370239734649658
1790642585923871731 0.8217020034790039 -0.13070477545261383 -0.3370239734649658
1790642585943993708 0.8217020034790039 -0.13070477545261383 -0.3370239734649658
1790642585963916221 0.8217020034790039 -0.13070477545261383 -0.3370239734649658
1790642585984061238 0.8217020034790039 -0.13070477545261383 -0.3370239734649658
1790642586003992167 0.8217020034790039 -0.13070477545261383 -0.3370239734649658
1790642586034324402 0.8217020034790039 -0.13070477545261383 -0.3370239734649658
1790642586054159135 0.8217020034790039 -0.13070477545261383 -0.3370239734649658
1790642586074012045 0.8217020034790039 -0.13070477545261383 -0.3370239734649658
1790642586094248490 0.8217020034790039 -0.13070477545261383 -0.3370239734649658
1790642586114152602 0.8217020034790039 -0.13070477545261383 -0.3370239734649658
1790642586134169518 0.8217020034790039 -0.13070477545261383 -0.3370239734649658
1790642586154330152 0.8217020034790039 -0.13070477545261383 -0.3370239734649658
1790642586174197174 0.8217020034790039 -0.13070477545261383 -0.3370239734649658
1790642586196284060 0.8217020034790039 -0.13070477545261383 -0.3370239734649658
1790642586216537978 0.8217020034790039 -0.13070477545261383 -0.3370239734649658
1790642586236389224 0.8217020034790039 -0.13070477545261383 -0.3370239734649658
1790642586256520961 0.8217020034790039 -0.13070477545261383 -0.3370239734649658
1790642586276458130 0.8217020034790039 -0.13070477545261383 -0.3370239734649658
1790642586296311712 0.8217020034790039 -0.13070477545261383 -0.3370239734649658
1790642586316453433 0.8217020034790039 -0.13070477545261383 -0.3370239734649658
1790642586336382602 0.8217020034790039 -0.13070477545261383 -0.3370239734649658
1790642586360570883 0.8217020034790039 -0.13070477545261383 -0.3370239734649658
1790642586380811808 0.8217020034790039 -0.13070477545261383 -0.3370239734649658
1790642586400763794 0.8217020034790039 -0.13070477545261383 -0.3370239734649658
1790642586420757541 0.8217020034790039 -0.13070477545261383 -0.3370239734649658
1790642586440739544 0.8217020034790039 -0.13070477545261383 -0.3370239734649658
1790642586460804590 0.8217020034790039 -0.13070477545261383 -0.3370239734649658
1790642586480824803 0.8217020034790039 -0.13070477545261383 -0.3370239734649658
1790642586500791381 0.8217020034790039 -0.13070477545261383 -0.3370239734649658
1790642586520828938 0.8217020034790039 -0.13070477545261383 -0.3370239734649658
1790642586540885760 0.8217020034790039 -0.13070477545261383 -0.3370239734649658
1790642586561058235 0.8217020034790039 -0.13070477545261383 -0.33702394366264343
1790642586581214261 0.8217020034790039 -0.13070477545261383 -0.33696165680885315
1790642586625852979 0.8217020034790039 -0.13070477545261383 -0.33696165680885315
1790642586645216909 0.8217020034790039 -0.13070477545261383 -0.33696165680885315
1790642586665154783 0.8217020034790039 -0.13070477545261383 -0.33696162700653076
1790642586689187889 0.8217020034790039 -0.13070477545261383 -0.33696165680885315
1790642586709677816 0.8217020034790039 -0.13070477545261383 -0.33696162700653076
1790642586729289277 0.8217020034790039 -0.13070477545261383 -0.33696162700653076
1790642586749210669 0.8217020034790039 -0.13070477545261383 -0.33696162700653076
1790642586769180800 0.8217020034790039 -0.13070477545261383 -0.33696162700653076
1790642586792353040 0.8217020034790039 -0.13070477545261383 -0.33696162700653076
1790642586810254993 0.8217020034790039 -0.13070477545261383 -0.33696162700653076
1790642586831388754 0.8217020034790039 -0.13070477545261383 -0.33696162700653076
1790642586851279809 0.8217020034790039 -0.13070477545261383 -0.33696162700653076
1790642586871342711 0.8217020034790039 -0.13070477545261383 -0.3369615972042084
1790642586891634934 0.8217020034790039 -0.13070477545261383 -0.33696162700653076
1790642586911812145 0.8217020034790039 -0.13070477545261383 -0.33696162700653076
1790642586931513817 0.8217020034790039 -0.13070477545261383 -0.33696162700653076
1790642586951676275 0.8217020034790039 -0.13070477545261383 -0.3369615972042084
1790642586971544322 0.8217020034790039 -0.13070477545261383 -0.3369615972042084
1790642586991609336 0.8217020034790039 -0.13070477545261383 -0.3369615972042084
1790642587011568874 0.8217020034790039 -0.13070477545261383 -0.3369615972042084
1790642587031673826 0.8217020034790039 -0.13070477545261383 -0.3369615972042084
1790642587051781242 0.8217020034790039 -0.13070477545261383 -0.3369615972042084
1790642587073666616 0.8217020034790039 -0.13070477545261383 -0.3369615972042084
1790642587094000185 0.8217020034790039 -0.13070477545261383 -0.3369615972042084
1790642587116006299 0.8217020034790039 -0.13070477545261383 -0.33696162700653076
1790642587135757509 0.8217020034790039 -0.13070477545261383 -0.3369615972042084
1790642587155878302 0.8217020034790039 -0.13070477545261383 -0.3369615972042084
1790642587180085495 0.8217020034790039 -0.13070477545261383 -0.33696162700653076
1790642587199978182 0.8217020034790039 -0.13070477545261383 -0.3369615972042084
1790642587220271174 0.8217020034790039 -0.13070477545261383 -0.3369615972042084
1790642587240029296 0.8217020034790039 -0.13070477545261383 -0.33696162700653076
1790642587259969697 0.8217020034790039 -0.13070477545261383 -0.3369615972042084
1790642587281055392 0.8217020034790039 -0.13070477545261383 -0.33696162700653076
1790642587302157375 0.8217020034790039 -0.13070477545261383 -0.33696162700653076
1790642587322658566 0.8217020034790039 -0.13070477545261383 -0.33696162700653076
1790642587342313804 0.8217020034790039 -0.13070477545261383 -0.33696162700653076
1790642587362233981 0.8217020034790039 -0.13070477545261383 -0.3369615972042084
1790642587382374006 0.8217020034790039 -0.13070477545261383 -0.3369615972042084
1790642587402382698 0.8217020034790039 -0.13070477545261383 -0.3369615972042084
1790642587422406559 0.8217020034790039 -0.13070477545261383 -0.3369615972042084
1790642587444490085 0.8217020034790039 -0.13070477545261383 -0.3369615972042084
1790642587464452599 0.8217020034790039 -0.13070477545261383 -0.3369615972042084
1790642587484576687 0.8217020034790039 -0.13070477545261383 -0.3369615972042084
1790642587504843630 0.8217020034790039 -0.13070477545261383 -0.3369615375995636
1790642587524646649 0.8217020034790039 -0.13070477545261383 -0.3369615375995636
1790642587554042367 0.8217020034790039 -0.13070477545261383 -0.3369615375995636
1790642587574841298 0.8217020034790039 -0.13070477545261383 -0.3369615375995636
1790642587645971364 0.8217020034790039 -0.13070477545261383 -0.3369615972042084
1790642587667072163 0.8217020034790039 -0.13070477545261383 -0.3369615972042084
1790642587686898320 0.8217020034790039 -0.13070477545261383 -0.3369615972042084
1790642587706946149 0.8217020034790039 -0.13070477545261383 -0.3369615972042084
1790642587726910808 0.8217020034790039 -0.13070477545261383 -0.3369615972042084
1790642587747925427 0.8217020034790039 -0.13070477545261383 -0.3369615972042084
1790642587767831523 0.8217020034790039 -0.13070477545261383 -0.3369615972042084
1790642587787128891 0.8217020034790039 -0.13070477545261383 -0.3369615972042084
1790642587807153328 0.8217020034790039 -0.13070477545261383 -0.3369615375995636
1790642587831543793 0.8217020034790039 -0.13070477545261383 -0.3369615375995636
1790642587851232536 0.8217020034790039 -0.13070477545261383 -0.3369615375995636
1790642587871396466 0.8217020034790039 -0.13070477545261383 -0.3369615375995636
1790642587891202910 0.8217020034790039 -0.13070477545261383 -0.3369615375995636
1790642587911153616 0.8217020034790039 -0.13070477545261383 -0.3369615375995636
1790642587931273096 0.8217020034790039 -0.13070477545261383 -0.3369615375995636
1790642587951387969 0.8217020034790039 -0.13070477545261383 -0.3369615375995636
1790642587971384308 0.8217020034790039 -0.13070477545261383 -0.3369615375995636
1790642587991436746 0.8217020034790039 -0.13070477545261383 -0.3369615375995636
1790642588011396540 0.8217020034790039 -0.13070477545261383 -0.3369615375995636
1790642588031469363 0.8217020034790039 -0.13070477545261383 -0.3369615077972412
1790642588051601835 0.8217020034790039 -0.13070477545261383 -0.3369615077972412
1790642588071413272 0.8217020034790039 -0.13070477545261383 -0.3369615077972412
1790642588091747449 0.8217020034790039 -0.13070477545261383 -0.3369615375995636
1790642588113471728 0.8217020034790039 -0.13070477545261383 -0.3369615375995636
1790642588133615530 0.8217020034790039 -0.13070477545261383 -0.3369615375995636
1790642588153875655 0.8217020034790039 -0.13070477545261383 -0.3369615375995636
1790642588173559919 0.8217020034790039 -0.13070477545261383 -0.3369615375995636
1790642588194118936 0.8217020034790039 -0.13070477545261383 -0.3369615375995636
1790642588213823329 0.8217020034790039 -0.13070477545261383 -0.3369615375995636
1790642588233663950 0.8217020034790039 -0.13070477545261383 -0.3369615375995636
1790642588256973892 0.8217020034790039 -0.13070477545261383 -0.3369615375995636
1790642588273867581 0.8217020034790039 -0.13070477545261383 -0.3369615077972412
1790642588293985494 0.8217020034790039 -0.13070477545261383 -0.3369615375995636
1790642588314039116 0.8217020034790039 -0.13070477545261383 -0.3369615077972412
1790642588334034047 0.8217020034790039 -0.13070477545261383 -0.336971640586853
1790642588356438641 0.8217020034790039 -0.13070477545261383 -0.336971640586853
1790642588376114264 0.8217020034790039 -0.13070477545261383 -0.336971640586853
1790642588398077369 0.8217020034790039 -0.13070477545261383 -0.336971640586853
1790642588418284021 0.8217020034790039 -0.13070477545261383 -0.336971640586853
1790642588438275689 0.8217020034790039 -0.13070477545261383 -0.336971640586853
1790642588458269212 0.8217020034790039 -0.13070477545261383 -0.336971640586853
1790642588478339922 0.8217020034790039 -0.13070477545261383 -0.336971640586853
1790642588498341382 0.8217020034790039 -0.13070477545261383 -0.33697161078453064
1790642588518341786 0.8217020034790039 -0.13070477545261383 -0.33697161078453064
1790642588538302668 0.8217020034790039 -0.13070477545261383 -0.33697161078453064
1790642588558406020 0.8217020034790039 -0.13070477545261383 -0.33697161078453064
1790642588578835304 0.8217020034790039 -0.13070477545261383 -0.33697161078453064
1790642588626520350 0.8217020034790039 -0.13070477545261383 -0.33697158098220825
1790642588646635735 0.8217020034790039 -0.13070477545261383 -0.33697161078453064
1790642588667471883 0.8217020034790039 -0.13070477545261383 -0.33697161078453064
1790642588686678304 0.8217020034790039 -0.13070477545261383 -0.33697158098220825
1790642588706550350 0.8217020034790039 -0.13070477545261383 -0.33697158098220825
1790642588726690632 0.8217020034790039 -0.13070477545261383 -0.33697158098220825
1790642588746685051 0.8217020034790039 -0.13070477545261383 -0.33697158098220825
1790642588766675854 0.8217020034790039 -0.13070477545261383 -0.33697158098220825
1790642588787231768 0.8217020034790039 -0.13070477545261383 -0.33697161078453064
1790642588806805723 0.8217020034790039 -0.13070477545261383 -0.33697158098220825
1790642588826963317 0.8217020034790039 -0.13070477545261383 -0.33697161078453064
1790642588846920519 0.8217020034790039 -0.13070477545261383 -0.33697158098220825
1790642588866914106 0.8217020034790039 -0.13070477545261383 -0.33697161078453064
1790642588887087157 0.8217020034790039 -0.13070477545261383 -0.33697161078453064
1790642588907178412 0.8217020034790039 -0.13070477545261383 -0.33697161078453064
1790642588927278180 0.8217020034790039 -0.13070477545261383 -0.33697161078453064
1790642588947224373 0.8217020034790039 -0.13070477545261383 -0.33697161078453064
1790642588967052674 0.8217020034790039 -0.13070477545261383 -0.33697158098220825
1790642588987037557 0.8217020034790039 -0.13070477545261383 -0.33697161078453064
1790642589007232401 0.8217020034790039 -0.13070477545261383 -0.33697158098220825
1790642589027262214 0.8217020034790039 -0.13070477545261383 -0.33697161078453064
1790642589047165237 0.8217020034790039 -0.13070477545261383 -0.33697161078453064
1790642589067453077 0.8217020034790039 -0.13070477545261383 -0.33697158098220825
1790642589087399270 0.8217020034790039 -0.13070477545261383 -0.33697158098220825
1790642589107459132 0.8217020034790039 -0.13070477545261383 -0.33697158098220825
1790642589128415574 0.8217020034790039 -0.13070477545261383 -0.33697158098220825
1790642589148344646 0.8217020034790039 -0.13070477545261383 -0.33697158098220825
1790642589169550698 0.8217020034790039 -0.13070477545261383 -0.33697158098220825
1790642589187488652 0.8217020034790039 -0.13070477545261383 -0.33697158098220825
1790642589207606084 0.8217020034790039 -0.13070477545261383 -0.33697158098220825
1790642589227637657 0.8217020034790039 -0.13070477545261383 -0.33697158098220825
1790642589247499496 0.8217020034790039 -0.13070477545261383 -0.33697158098220825
1790642589267537885 0.8217020034790039 -0.13070477545261383 -0.33697158098220825
1790642589287751065 0.8217020034790039 -0.13070477545261383 -0.33697155117988586
1790642589307773549 0.8217020034790039 -0.13070477545261383 -0.33697158098220825
1790642589327799042 0.8217020034790039 -0.13070477545261383 -0.33697158098220825
1790642589347687249 0.8217020034790039 -0.13070477545261383 -0.33697158098220825
1790642589367862732 0.8217020034790039 -0.13070477545261383 -0.33697155117988586
1790642589388362931 0.8217020034790039 -0.13070477545261383 -0.33697155117988586
1790642589407831314 0.8217020034790039 -0.13070477545261383 -0.33697158098220825
1790642589428485600 0.8217020034790039 -0.13070477545261383 -0.33697158098220825
1790642589447931678 0.8217020034790039 -0.13070477545261383 -0.33697158098220825
1790642589468021589 0.8217020034790039 -0.13070477545261383 -0.33697158098220825
1790642589490054009 0.8217020034790039 -0.13070477545261383 -0.33697161078453064
1790642589510129871 0.8217020034790039 -0.13070477545261383 -0.33697158098220825
1790642589530059040 0.8217020034790039 -0.13070477545261383 -0.33697161078453064
1790642589550491205 0.8217020034790039 -0.13070477545261383 -0.33697161078453064
1790642589570066664 0.8217020034790039 -0.13070477545261383 -0.33697161078453064
1790642589593052145 0.8217020034790039 -0.13070477545261383 -0.33697161078453064
1790642589631948685 0.8217020034790039 -0.13070477545261383 -0.33697161078453064
1790642589647160900 0.8217020034790039 -0.13070477545261383 -0.33697161078453064
1790642589666382841 0.8217020034790039 -0.13070477545261383 -0.33697161078453064
1790642589688516161 0.8217020034790039 -0.13070477545261383 -0.33697161078453064
1790642589708348334 0.8217020034790039 -0.13070477545261383 -0.3369716703891754
1790642589728362626 0.8217020034790039 -0.13070477545261383 -0.33697161078453064
1790642589748469466 0.8217020034790039 -0.13070477545261383 -0.3369716703891754
1790642589768597011 0.8217020034790039 -0.13070477545261383 -0.3369716703891754
1790642589788709067 0.8217020034790039 -0.13070477545261383 -0.33697161078453064
1790642589808593818 0.8217020034790039 -0.13070477545261383 -0.33697161078453064
1790642589828701618 0.8217020034790039 -0.13070477545261383 -0.33697161078453064
1790642589849444803 0.8217020034790039 -0.13070477545261383 -0.33697161078453064
1790642589868666776 0.8217020034790039 -0.13070477545261383 -0.33697161078453064
1790642589888701965 0.8217020034790039 -0.13070477545261383 -0.3369716703891754
1790642589908989100 0.8217020034790039 -0.13070477545261383 -0.3369716703891754
1790642589931225912 0.8217020034790039 -0.13070477545261383 -0.3369716703891754
1790642589952991889 0.8217020034790039 -0.13070477545261383 -0.3369716703891754
1790642589972928770 0.8217020034790039 -0.13070477545261383 -0.3369716703891754
1790642589992903733 0.8217020034790039 -0.13070477545261383 -0.3369716703891754
1790642590013032622 0.8217020034790039 -0.13070477545261383 -0.3369716703891754
1790642590033215913 0.8217020034790039 -0.13070477545261383 -0.33697161078453064
1790642590057927414 0.8217020034790039 -0.13070477545261383 -0.33697161078453064
1790642590077282512 0.8217020034790039 -0.13070477545261383 -0.3369281589984894
1790642590097200929 0.8217020034790039 -0.13070477545261383 -0.3369281589984894
1790642590117309017 0.8217020034790039 -0.13070477545261383 -0.3369281589984894
1790642590137092484 0.8217020034790039 -0.13070477545261383 -0.336928129196167
1790642590157158746 0.8217020034790039 -0.13070477545261383 -0.336928129196167
1790642590177473722 0.8217020034790039 -0.13070477545261383 -0.3369280993938446
1790642590199523295 0.8217020034790039 -0.13070477545261383 -0.3369280993938446
1790642590219266824 0.8217020034790039 -0.13070477545261383 -0.3369280993938446
1790642590239273244 0.8217020034790039 -0.13070477545261383 -0.3369280993938446
1790642590259382868 0.8217020034790039 -0.13070477545261383 -0.3369280993938446
1790642590283575661 0.8217020034790039 -0.13070477545261383 -0.3369280993938446
1790642590303364057 0.8217020034790039 -0.13070477545261383 -0.336928129196167
1790642590325423965 0.8217020034790039 -0.13070477545261383 -0.336928129196167
1790642590345450290 0.8217020034790039 -0.13070477545261383 -0.3369280993938446
1790642590367473237 0.8217020034790039 -0.13070477545261383 -0.3369280993938446
1790642590387551820 0.8217020034790039 -0.13070477545261383 -0.336928129196167
1790642590407554912 0.8217020034790039 -0.13070477545261383 -0.336928129196167
1790642590427742395 0.8217020034790039 -0.13070477545261383 -0.336928129196167
1790642590447593225 0.8217020034790039 -0.13070477545261383 -0.336928129196167
1790642590467669664 0.8217020034790039 -0.13070477545261383 -0.336928129196167
1790642590487730198 0.8217020034790039 -0.13070477545261383 -0.336928129196167
1790642590507724297 0.8217020034790039 -0.13070477545261383 -0.3369281589984894
1790642590528651617 0.8217020034790039 -0.13070477545261383 -0.3369281589984894
1790642590548015644 0.8217020034790039 -0.13070477545261383 -0.3369281589984894
1790642590568075602 0.8217020034790039 -0.13070477545261383 -0.336928129196167
1790642590632425689 0.8217020034790039 -0.13070477545261383 -0.3369281589984894
1790642590652150529 0.8217020034790039 -0.13070477545261383 -0.336928129196167
1790642590672529508 0.8217020034790039 -0.13070477545261383 -0.336928129196167
1790642590692272718 0.8217020034790039 -0.13070477545261383 -0.336928129196167
1790642590712316099 0.8217020034790039 -0.13070477545261383 -0.336928129196167
1790642590732171761 0.8217020034790039 -0.13070477545261383 -0.336928129196167
1790642590752314026 0.8217020034790039 -0.13070477545261383 -0.336928129196167
1790642590772324414 0.8217020034790039 -0.13070477545261383 -0.336928129196167
1790642590796495382 0.8217020034790039 -0.13070477545261383 -0.336928129196167
1790642590812363975 0.8217020034790039 -0.13070477545261383 -0.336928129196167
1790642590832406301 0.8217020034790039 -0.13070477545261383 -0.336928129196167
1790642590852388912 0.8217020034790039 -0.13070477545261383 -0.336928129196167
1790642590872450822 0.8217020034790039 -0.13070477545261383 -0.336928129196167
1790642590892444505 0.8217020034790039 -0.13070477545261383 -0.336928129196167
1790642590912708631 0.8217020034790039 -0.13070477545261383 -0.336928129196167
1790642590932503875 0.8217020034790039 -0.13070477545261383 -0.336928129196167
1790642590952665149 0.8217020034790039 -0.13070477545261383 -0.336928129196167
1790642590972567917 0.8217020034790039 -0.13070477545261383 -0.336928129196167
1790642590992549664 0.8217020034790039 -0.13070477545261383 -0.336928129196167
1790642591012610582 0.8217020034790039 -0.13070477545261383 -0.336928129196167
1790642591032673036 0.8217020034790039 -0.13070477545261383 -0.336928129196167
1790642591052708993 0.8217020034790039 -0.13070477545261383 -0.3369281589984894
1790642591072739830 0.8217020034790039 -0.13070477545261383 -0.336928129196167
1790642591092725993 0.8217020034790039 -0.13070477545261383 -0.336928129196167
1790642591112771743 0.8217020034790039 -0.13070477545261383 -0.336928129196167
1790642591133051998 0.8217020034790039 -0.13070477545261383 -0.336928129196167
1790642591153133076 0.8217020034790039 -0.13070477545261383 -0.336928129196167
1790642591172928416 0.8217020034790039 -0.13070477545261383 -0.336928129196167
1790642591192974902 0.8217020034790039 -0.13070477545261383 -0.3369281589984894
1790642591213261845 0.8217020034790039 -0.13070477545261383 -0.3369281589984894
1790642591233108130 0.8217020034790039 -0.13070477545261383 -0.336928129196167
1790642591253210394 0.8217020034790039 -0.13070477545261383 -0.336928129196167
1790642591273242959 0.8217020034790039 -0.13070477545261383 -0.3369280993938446
1790642591293092125 0.8217020034790039 -0.13070477545261383 -0.3369280993938446
1790642591313279096 0.8217020034790039 -0.13070477545261383 -0.3369280993938446
1790642591333400304 0.8217020034790039 -0.13070477545261383 -0.3369280993938446
1790642591353772659 0.8217020034790039 -0.13070477545261383 -0.3369280993938446
1790642591373193744 0.8217020034790039 -0.13070477545261383 -0.3369280993938446
1790642591393420236 0.8217020034790039 -0.13070477545261383 -0.336928129196167
1790642591413978294 0.8217020034790039 -0.13070477545261383 -0.3369280993938446
1790642591433469141 0.8217020034790039 -0.13070477545261383 -0.336928129196167
1790642591453300642 0.8217020034790039 -0.13070477545261383 -0.336928129196167
1790642591473539040 0.8217020034790039 -0.13070477545261383 -0.336928129196167
1790642591493566836 0.8217020034790039 -0.13070477545261383 -0.336928129196167
1790642591513499557 0.8217020034790039 -0.13070477545261383 -0.336928129196167
1790642591535770931 0.8217020034790039 -0.13070477545261383 -0.336928129196167
1790642591555980975 0.8217020034790039 -0.13070477545261383 -0.336928129196167
1790642591575566034 0.8217020034790039 -0.13070477545261383 -0.336928129196167
1790642591629816715 0.8217020034790039 -0.13070477545261383 -0.336928129196167
1790642591649777565 0.8217020034790039 -0.13070477545261383 -0.3369280993938446
1790642591665847702 0.8217020034790039 -0.13070477545261383 -0.3369280993938446
1790642591686179222 0.8217020034790039 -0.13070477545261383 -0.3369280993938446
1790642591705876190 0.8217020034790039 -0.13070477545261383 -0.336928129196167
1790642591725844881 0.8217020034790039 -0.13070477545261383 -0.3369281589984894
1790642591746056973 0.8217020034790039 -0.13070477545261383 -0.336928129196167
1790642591766018751 0.8217020034790039 -0.13070477545261383 -0.336928129196167
1790642591786189721 0.8217020034790039 -0.13070477545261383 -0.3369280993938446
1790642591806235279 0.8217020034790039 -0.13070477545261383 -0.336928129196167
1790642591826109213 0.8217020034790039 -0.13070477545261383 -0.33686354756355286
1790642591846138418 0.8217020034790039 -0.13070477545261383 -0.33686354756355286
1790642591866412849 0.8217020034790039 -0.13070477545261383 -0.33686354756355286
1790642591888125928 0.8217020034790039 -0.13070477545261383 -0.33686354756355286
1790642591908471753 0.8217020034790039 -0.13070477545261383 -0.33686354756355286
1790642591928745928 0.8217020034790039 -0.13070477545261383 -0.33686354756355286
1790642591948343948 0.8217020034790039 -0.13070477545261383 -0.33686354756355286
1790642591968244283 0.8217020034790039 -0.13070477545261383 -0.33686351776123047
1790642591988346419 0.8217020034790039 -0.13070477545261383 -0.33686351776123047
1790642592008375336 0.8217020034790039 -0.13070477545261383 -0.33686354756355286
1790642592032552800 0.8217020034790039 -0.13070477545261383 -0.33686354756355286
1790642592048662075 0.8217020034790039 -0.13070477545261383 -0.33686354756355286
1790642592068588843 0.8217020034790039 -0.13070477545261383 -0.33686354756355286
1790642592089810831 0.8217020034790039 -0.13070477545261383 -0.33686354756355286
1790642592108571186 0.8217020034790039 -0.13070477545261383 -0.33686354756355286
1790642592128846641 0.8217020034790039 -0.13070477545261383 -0.33686354756355286
1790642592148611515 0.8217020034790039 -0.13070477545261383 -0.33686354756355286
1790642592168777845 0.8217020034790039 -0.13070477545261383 -0.33686354756355286
1790642592188953968 0.8217020034790039 -0.13070477545261383 -0.33686354756355286
1790642592208799806 0.8217020034790039 -0.13070477545261383 -0.33686354756355286
1790642592228852595 0.8217020034790039 -0.13070477545261383 -0.33686354756355286
1790642592248811782 0.8217020034790039 -0.13070477545261383 -0.33686357736587524
1790642592268854171 0.8217020034790039 -0.13070477545261383 -0.33686354756355286
1790642592294128638 0.8217020034790039 -0.13070477545261383 -0.33686354756355286
1790642592308912005 0.8217020034790039 -0.13070477545261383 -0.33686354756355286
1790642592329172450 0.8217020034790039 -0.13070477545261383 -0.33686354756355286
1790642592348914700 0.8217020034790039 -0.13070477545261383 -0.33686354756355286
1790642592368984770 0.8217020034790039 -0.13070477545261383 -0.33686354756355286
1790642592389162301 0.8217020034790039 -0.13070477545261383 -0.33686354756355286
1790642592409070925 0.8217020034790039 -0.13070477545261383 -0.33686354756355286
1790642592433087359 0.8217020034790039 -0.13070477545261383 -0.33686354756355286
1790642592453288091 0.8217020034790039 -0.13070477545261383 -0.33686360716819763
1790642592473239789 0.8217020034790039 -0.13070477545261383 -0.33686354756355286
1790642592493210431 0.8217020034790039 -0.13070477545261383 -0.33686354756355286
1790642592513266453 0.8217020034790039 -0.13070477545261383 -0.33686354756355286
1790642592533253992 0.8217020034790039 -0.13070477545261383 -0.33686357736587524
1790642592554978592 0.8217020034790039 -0.13070477545261383 -0.33686357736587524
1790642592573653791 0.8217020034790039 -0.13070477545261383 -0.33686354756355286
1790642592596511044 0.8217020034790039 -0.13070477545261383 -0.33686354756355286
1790642592629571066 0.8217020034790039 -0.13070477545261383 -0.33686354756355286
1790642592649565357 0.8217020034790039 -0.13070477545261383 -0.33686360716819763
1790642592669545728 0.8217020034790039 -0.13070477545261383 -0.33686354756355286
1790642592689969444 0.8217020034790039 -0.13070477545261383 -0.33686354756355286
1790642592709476741 0.8217020034790039 -0.13070477545261383 -0.33686360716819763
1790642592729760388 0.8217020034790039 -0.13070477545261383 -0.33686360716819763
1790642592749882556 0.8217020034790039 -0.13070477545261383 -0.33686360716819763
1790642592769646982 0.8217020034790039 -0.13070477545261383 -0.33686360716819763
1790642592789710941 0.8217020034790039 -0.13070477545261383 -0.33686360716819763
1790642592809968795 0.8217020034790039 -0.13070477545261383 -0.33686354756355286
1790642592829786439 0.8217020034790039 -0.13070477545261383 -0.33686354756355286
1790642592849775418 0.8217020034790039 -0.13070477545261383 -0.33686354756355286
1790642592869900819 0.8217020034790039 -0.13070477545261383 -0.33686354756355286
1790642592890161393 0.8217020034790039 -0.13070477545261383 -0.33686351776123047
1790642592909990494 0.8217020034790039 -0.13070477545261383 -0.33686351776123047
1790642592934055250 0.8217020034790039 -0.13070477545261383 -0.33686354756355286
1790642592954228972 0.8217020034790039 -0.13070477545261383 -0.33686354756355286
1790642592974064377 0.8217020034790039 -0.13070477545261383 -0.33686354756355286
1790642592994115215 0.8217020034790039 -0.13070477545261383 -0.33686351776123047
1790642593014236072 0.8217020034790039 -0.13070477545261383 -0.33686351776123047
1790642593034198426 0.8217020034790039 -0.13070477545261383 -0.33686351776123047
1790642593054475032 0.8217020034790039 -0.13070477545261383 -0.33686351776123047
1790642593074406441 0.8217020034790039 -0.13070477545261383 -0.33686351776123047
1790642593094311161 0.8217020034790039 -0.13070477545261383 -0.33686351776123047
1790642593114448882 0.8217020034790039 -0.13070477545261383 -0.33686351776123047
1790642593136491095 0.8217020034790039 -0.13070477545261383 -0.33686351776123047
1790642593154630913 0.8217020034790039 -0.13070477545261383 -0.33686351776123047
1790642593174553426 0.8217020034790039 -0.13070477545261383 -0.33686351776123047
1790642593194394143 0.8217020034790039 -0.13070477545261383 -0.33686354756355286
1790642593215013867 0.8217020034790039 -0.13070477545261383 -0.33686351776123047
1790642593234563821 0.8217020034790039 -0.13070477545261383 -0.33686351776123047
1790642593255113654 0.8217020034790039 -0.13070477545261383 -0.33686354756355286
1790642593274720283 0.8217020034790039 -0.13070477545261383 -0.33686351776123047
1790642593294772848 0.8217020034790039 -0.13070477545261383 -0.33686351776123047
1790642593314776132 0.8217020034790039 -0.13070477545261383 -0.33686351776123047
1790642593335705437 0.8217020034790039 -0.13070477545261383 -0.33686351776123047
1790642593355361795 0.8217020034790039 -0.13070477545261383 -0.33686351776123047
1790642593374873347 0.8217020034790039 -0.13070477545261383 -0.33686351776123047
1790642593397030124 0.8217020034790039 -0.13070477545261383 -0.33686351776123047
1790642593417062113 0.8217020034790039 -0.13070477545261383 -0.33686351776123047
1790642593437156504 0.8217020034790039 -0.13070477545261383 -0.33686351776123047
1790642593456917314 0.8217020034790039 -0.13070477545261383 -0.33686351776123047
1790642593477351079 0.8217020034790039 -0.13070477545261383 -0.33686351776123047
1790642593497191925 0.8217020034790039 -0.13070477545261383 -0.33686351776123047
1790642593519217816 0.8217020034790039 -0.13070477545261383 -0.33686351776123047
1790642593539195691 0.8217020034790039 -0.13070477545261383 -0.33686351776123047
1790642593559185054 0.8217020034790039 -0.13070477545261383 -0.33686351776123047
1790642593621825473 0.8217020034790039 -0.13070477545261383 -0.3368632197380066
1790642593657571489 0.8217020034790039 -0.13070477545261383 -0.336863249540329
1790642593678827910 0.8217020034790039 -0.13070477545261383 -0.336863249540329
1790642593699420497 0.8217020034790039 -0.13070477545261383 -0.336863249540329
1790642593719491400 0.8217020034790039 -0.13070477545261383 -0.336863249540329
1790642593739433113 0.8217020034790039 -0.13070477545261383 -0.336863249540329
1790642593763713013 0.8217020034790039 -0.13070477545261383 -0.336863249540329
1790642593793821687 0.8217020034790039 -0.13070477545261383 -0.336863249540329
1790642593813592322 0.8217020034790039 -0.13070477545261383 -0.336863249540329
1790642593833610518 0.8217020034790039 -0.13070477545261383 -0.336863249540329
1790642593853724751 0.8217020034790039 -0.13070477545261383 -0.336863249540329
1790642593873634271 0.8217020034790039 -0.13070477545261383 -0.336863249540329
1790642593895778887 0.8217020034790039 -0.13070477545261383 -0.336863249540329
1790642593915906080 0.8217020034790039 -0.13070477545261383 -0.336863249540329
1790642593935759405 0.8217020034790039 -0.13070477545261383 -0.336863249540329
1790642593955797891 0.8217020034790039 -0.13070477545261383 -0.336863249540329
1790642593975883866 0.8217020034790039 -0.13070477545261383 -0.33686327934265137
1790642593995879085 0.8217020034790039 -0.13070477545261383 -0.33686330914497375
1790642594015952196 0.8217020034790039 -0.13070477545261383 -0.33686330914497375
1790642594035923574 0.8217020034790039 -0.13070477545261383 -0.33686330914497375
1790642594056082768 0.8217020034790039 -0.13070477545261383 -0.33686327934265137
1790642594075991232 0.8217020034790039 -0.13070477545261383 -0.33686327934265137
1790642594098422324 0.8217020034790039 -0.13070477545261383 -0.33686327934265137
1790642594116198032 0.8217020034790039 -0.13070477545261383 -0.33686327934265137
1790642594136120033 0.8217020034790039 -0.13070477545261383 -0.33686330914497375
1790642594162238789 0.8217020034790039 -0.13070477545261383 -0.33686330914497375
1790642594182149045 0.8217020034790039 -0.13070477545261383 -0.33686327934265137
1790642594202182538 0.8217020034790039 -0.13070477545261383 -0.33686330914497375
1790642594222543084 0.8217020034790039 -0.13070477545261383 -0.33686330914497375
1790642594242277782 0.8217020034790039 -0.13070477545261383 -0.33686327934265137
1790642594262356876 0.8217020034790039 -0.13070477545261383 -0.33686327934265137
1790642594282522343 0.8217020034790039 -0.13070477545261383 -0.33686327934265137
1790642594302495481 0.8217020034790039 -0.13070477545261383 -0.336863249540329
1790642594322579216 0.8217020034790039 -0.13070477545261383 -0.336863249540329
1790642594342578532 0.8217020034790039 -0.13070477545261383 -0.336863249540329
1790642594362535574 0.8217020034790039 -0.13070477545261383 -0.33686327934265137
1790642594383956034 0.8217020034790039 -0.13070477545261383 -0.336863249540329
1790642594402572511 0.8217020034790039 -0.13070477545261383 -0.33686327934265137
1790642594425971480 0.8217020034790039 -0.13070477545261383 -0.336863249540329
1790642594444798494 0.8217020034790039 -0.13070477545261383 -0.33686327934265137
1790642594464686413 0.8217020034790039 -0.13070477545261383 -0.336863249540329
1790642594484815814 0.8217020034790039 -0.13070477545261383 -0.336863249540329
1790642594505261355 0.8217020034790039 -0.13070477545261383 -0.336863249540329
1790642594524755083 0.8217020034790039 -0.13070477545261383 -0.336863249540329
1790642594544781984 0.8217020034790039 -0.13070477545261383 -0.336863249540329
1790642594566797667 0.8217020034790039 -0.13070477545261383 -0.336863249540329
1790642594597170127 0.8217020034790039 -0.13070477545261383 -0.336863249540329
1790642594631737216 0.8217020034790039 -0.13070477545261383 -0.336863249540329
1790642594643073311 0.8217020034790039 -0.13070477545261383 -0.336863249540329
1790642594663203896 0.8217020034790039 -0.13070477545261383 -0.336863249540329
1790642594683245293 0.8217020034790039 -0.13070477545261383 -0.336863249540329
1790642594703031160 0.8217020034790039 -0.13070477545261383 -0.336863249540329
1790642594723165521 0.8217020034790039 -0.13070477545261383 -0.336863249540329
1790642594743111523 0.8217020034790039 -0.13070477545261383 -0.336863249540329
1790642594764204290 0.8217020034790039 -0.13070477545261383 -0.33686327934265137
1790642594783349556 0.8217020034790039 -0.13070477545261383 -0.336863249540329
1790642594803292901 0.8217020034790039 -0.13070477545261383 -0.336863249540329
1790642594823589764 0.8217020034790039 -0.13070477545261383 -0.33686327934265137
1790642594843289068 0.8217020034790039 -0.13070477545261383 -0.33686327934265137
1790642594863361699 0.8217020034790039 -0.13070477545261383 -0.33686327934265137
1790642594883752774 0.8217020034790039 -0.13070477545261383 -0.33686327934265137
1790642594903426925 0.8217020034790039 -0.13070477545261383 -0.33686327934265137
1790642594924221792 0.8217020034790039 -0.13070477545261383 -0.33686330914497375
1790642594943477846 0.8217020034790039 -0.13070477545261383 -0.33686330914497375
1790642594963565133 0.8217020034790039 -0.13070477545261383 -0.33686330914497375
1790642594983655845 0.8217020034790039 -0.13070477545261383 -0.33686330914497375
1790642595003733851 0.8217020034790039 -0.13070477545261383 -0.33686330914497375
1790642595023931831 0.8217020034790039 -0.13070477545261383 -0.33686336874961853
1790642595043970380 0.8217020034790039 -0.13070477545261383 -0.33686330914497375
1790642595063849403 0.8217020034790039 -0.13070477545261383 -0.33686330914497375
1790642595083863951 0.8217020034790039 -0.13070477545261383 -0.33686330914497375
1790642595103774815 0.8217020034790039 -0.13070477545261383 -0.33686330914497375
1790642595124174915 0.8217020034790039 -0.13070477545261383 -0.33686330914497375
1790642595143905036 0.8217020034790039 -0.13070477545261383 -0.33686330914497375
1790642595163992195 0.8217020034790039 -0.13070477545261383 -0.33686327934265137
1790642595184414183 0.8217020034790039 -0.13070477545261383 -0.33686327934265137
1790642595204034092 0.8217020034790039 -0.13070477545261383 -0.33686330914497375
1790642595224138372 0.8217020034790039 -0.13070477545261383 -0.33686327934265137
1790642595244116951 0.8217020034790039 -0.13070477545261383 -0.33686330914497375
1790642595264100234 0.8217020034790039 -0.13070477545261383 -0.33686327934265137
1790642595284252676 0.8217020034790039 -0.13070477545261383 -0.33686327934265137
1790642595310323654 0.8217020034790039 -0.13070477545261383 -0.33686327934265137
1790642595330226550 0.8217020034790039 -0.13070477545261383 -0.33689332008361816
1790642595350473396 0.8217020034790039 -0.13070477545261383 -0.33689332008361816
1790642595370232510 0.8217020034790039 -0.13070477545261383 -0.33689332008361816
1790642595390330933 0.8217020034790039 -0.13070477545261383 -0.33689332008361816
1790642595410359242 0.8217020034790039 -0.13070477545261383 -0.33689332008361816
1790642595430767854 0.8217020034790039 -0.13070477545261383 -0.33689332008361816
1790642595453962400 0.8217020034790039 -0.13070477545261383 -0.33689332008361816
1790642595470446025 0.8217020034790039 -0.13070477545261383 -0.33689332008361816
1790642595490645732 0.8217020034790039 -0.13070477545261383 -0.33689332008361816
1790642595510636920 0.8217020034790039 -0.13070477545261383 -0.33689332008361816
1790642595530600170 0.8217020034790039 -0.13070477545261383 -0.33689332008361816
1790642595553322889 0.8217020034790039 -0.13070477545261383 -0.33689332008361816
1790642595572765191 0.8217020034790039 -0.13070477545261383 -0.33689332008361816
1790642595633557153 0.8217020034790039 -0.13070477545261383 -0.33689332008361816
1790642595638852401 0.8217020034790039 -0.13070477545261383 -0.33689332008361816
1790642595659056749 0.8217020034790039 -0.13070477545261383 -0.33689332008361816
1790642595678852345 0.8217020034790039 -0.13070477545261383 -0.33689332008361816
1790642595698956881 0.8217020034790039 -0.13070477545261383 -0.33689332008361816
1790642595719045448 0.8217020034790039 -0.13070477545261383 -0.33689332008361816
1790642595742887379 0.8217020034790039 -0.13070477545261383 -0.33689332008361816
1790642595765024507 0.8217020034790039 -0.13070477545261383 -0.33689332008361816
1790642595784995213 0.8217020034790039 -0.13070477545261383 -0.33689332008361816
1790642595813074207 0.8217020034790039 -0.13070477545261383 -0.33689332008361816
1790642595829931671 0.8217020034790039 -0.13070477545261383 -0.33689332008361816
1790642595849275409 0.8217020034790039 -0.13070477545261383 -0.33689332008361816
1790642595869153824 0.8217020034790039 -0.13070477545261383 -0.33689332008361816
1790642595889214966 0.8217020034790039 -0.13070477545261383 -0.33689332008361816
1790642595909261227 0.8217020034790039 -0.13070477545261383 -0.33689332008361816
1790642595929634286 0.8217020034790039 -0.13070477545261383 -0.33689332008361816
1790642595949445178 0.8217020034790039 -0.13070477545261383 -0.33689332008361816
1790642595969377515 0.8217020034790039 -0.13070477545261383 -0.33689332008361816
1790642595989420896 0.8217020034790039 -0.13070477545261383 -0.33689332008361816
1790642596009519928 0.8217020034790039 -0.13070477545261383 -0.33689332008361816
1790642596029597423 0.8217020034790039 -0.13070477545261383 -0.33689332008361816
1790642596049429500 0.8217020034790039 -0.13070477545261383 -0.33689332008361816
1790642596069559541 0.8217020034790039 -0.13070477545261383 -0.33689332008361816
1790642596089827859 0.8217020034790039 -0.13070477545261383 -0.33689332008361816
1790642596109529979 0.8217020034790039 -0.13070477545261383 -0.33689332008361816
1790642596129658068 0.8217020034790039 -0.13070477545261383 -0.33689332008361816
1790642596149856239 0.8217020034790039 -0.13070477545261383 -0.33689332008361816
1790642596171714636 0.8217020034790039 -0.13070477545261383 -0.33689332008361816
1790642596192239700 0.8217020034790039 -0.13070477545261383 -0.33689332008361816
1790642596214169204 0.8217020034790039 -0.13070477545261383 -0.33689332008361816
1790642596233839739 0.8217020034790039 -0.13070477545261383 -0.33689332008361816
1790642596254574763 0.8217020034790039 -0.13070477545261383 -0.33689332008361816
1790642596274107501 0.8217020034790039 -0.13070477545261383 -0.33689332008361816
1790642596293916153 0.8217020034790039 -0.13070477545261383 -0.33689332008361816
1790642596314097748 0.8217020034790039 -0.13070477545261383 -0.33689332008361816
1790642596334282415 0.8217020034790039 -0.13070477545261383 -0.33689332008361816
1790642596354322692 0.8217020034790039 -0.13070477545261383 -0.33689332008361816
1790642596374006859 0.8217020034790039 -0.13070477545261383 -0.33689332008361816
1790642596396102705 0.8217020034790039 -0.13070477545261383 -0.33689332008361816
1790642596416191913 0.8217020034790039 -0.13070477545261383 -0.33689332008361816
1790642596436150107 0.8217020034790039 -0.13070477545261383 -0.33689332008361816
1790642596464439605 0.8217020034790039 -0.13070477545261383 -0.33689332008361816
1790642596484280514 0.8217020034790039 -0.13070477545261383 -0.33689332008361816
1790642596504345977 0.8217020034790039 -0.13070477545261383 -0.33689332008361816
1790642596524427408 0.8217020034790039 -0.13070477545261383 -0.33689332008361816
1790642596544505254 0.8217020034790039 -0.13070477545261383 -0.33689332008361816
1790642596564524507 0.8217020034790039 -0.13070477545261383 -0.33689332008361816
1790642596599168335 0.8217020034790039 -0.13070477545261383 -0.33689332008361816
1790642596612021353 0.8217020034790039 -0.13070477545261383 -0.33689332008361816
1790642596639714892 0.8217020034790039 -0.13070477545261383 -0.33689332008361816
1790642596658704984 0.8217020034790039 -0.13070477545261383 -0.33689332008361816
1790642596679250017 0.8217020034790039 -0.13070477545261383 -0.33689332008361816
1790642596698630140 0.8217020034790039 -0.13070477545261383 -0.33689332008361816
1790642596718613743 0.8217020034790039 -0.13070477545261383 -0.3368932604789734
1790642596738765673 0.8217020034790039 -0.13070477545261383 -0.3368932604789734
1790642596759034471 0.8217020034790039 -0.13070477545261383 -0.33691486716270447
1790642596779116478 0.8217020034790039 -0.13070477545261383 -0.3369239568710327
1790642596798841735 0.8217020034790039 -0.13070477545261383 -0.336933434009552
1790642596818868060 0.8217020034790039 -0.13070477545261383 -0.33694788813591003
1790642596839026038 0.8217020034790039 -0.13070477545261383 -0.33693209290504456
1790642596858946502 0.8217020034790039 -0.13070477545261383 -0.3369442820549011
1790642596878848694 0.8217020034790039 -0.13070477545261383 -0.33696529269218445
1790642596899233689 0.8217020034790039 -0.13070477545261383 -0.33695584535598755
1790642596919185643 0.8217020034790039 -0.13070477545261383 -0.3369605839252472
1790642596939110364 0.8217020034790039 -0.13070477545261383 -0.33695825934410095
1790642596959344665 0.8217020034790039 -0.13070477545261383 -0.33695805072784424
1790642596979163365 0.8217020034790039 -0.13070477545261383 -0.33694249391555786
1790642596999161401 0.8217020034790039 -0.13070477545261383 -0.3369330167770386
1790642597019219663 0.8217020034790039 -0.13070477545261383 -0.33692359924316406
1790642597039323687 0.8217020034790039 -0.13070477545261383 -0.3369290232658386
1790642597059483393 0.8217020034790039 -0.13070477545261383 -0.3369238078594208
1790642597079302573 0.8217020034790039 -0.13070477545261383 -0.3369385004043579
1790642597099252063 0.8217020034790039 -0.13070477545261383 -0.3369487226009369
1790642597119468315 0.8217020034790039 -0.13070477545261383 -0.336942583322525
1790642597139369355 0.8217020034790039 -0.13070477545261383 -0.3369360864162445
1790642597159441185 0.8217020034790039 -0.13070477545261383 -0.3369571268558502
1790642597179598267 0.8217020034790039 -0.13070477545261383 -0.3369446098804474
1790642597199507275 0.8217020034790039 -0.13070477545261383 -0.33694037795066833
1790642597219696134 0.8217020034790039 -0.13070477545261383 -0.33692997694015503
1790642597239643000 0.8217020034790039 -0.13070477545261383 -0.3369233310222626
1790642597259845236 0.8217020034790039 -0.13070477545261383 -0.3369206190109253
1790642597287298925 0.8217020034790039 -0.13070477545261383 -0.3369179368019104
1790642597305941995 0.8217020034790039 -0.13070477545261383 -0.3369268476963043
1790642597325801273 0.8217020034790039 -0.13070477545261383 -0.33695128560066223
1790642597345800589 0.8217020034790039 -0.13070477545261383 -0.33695507049560547
1790642597365734878 0.8217020034790039 -0.13070477545261383 -0.3369678854942322
1790642597386161251 0.8217020034790039 -0.13070477545261383 -0.33695757389068604
1790642597406135381 0.8217020034790039 -0.13070477545261383 -0.33694544434547424
1790642597426082855 0.8217020034790039 -0.13070477545261383 -0.3369750380516052
1790642597446670450 0.8217020034790039 -0.13070477545261383 -0.3369791805744171
1790642597465955113 0.8217020034790039 -0.13070477545261383 -0.33699312806129456
1790642597486487538 0.8217020034790039 -0.13070477545261383 -0.3369881510734558
1790642597506122327 0.8217020034790039 -0.13070477545261383 -0.33696797490119934
1790642597526191726 0.8217020034790039 -0.13070477545261383 -0.3369624614715576
1790642597546316614 0.8217020034790039 -0.13070477545261383 -0.3369743525981903
1790642597566317210 0.8217020034790039 -0.13070477545261383 -0.3369845151901245
1790642597586689724 0.8217020034790039 -0.13070477545261383 -0.3369988799095154
1790642597624838875 0.8217020034790039 -0.13070477545261383 -0.33697354793548584
1790642597646333161 0.8217020034790039 -0.13070477545261383 -0.3369825780391693
1790642597666548486 0.8217020034790039 -0.13070477545261383 -0.33698248863220215
1790642597690842018 0.8217020034790039 -0.13070477545261383 -0.3369714021682739
1790642597710445959 0.8217020034790039 -0.13070477545261383 -0.3369586765766144
1790642597734512538 0.8217020034790039 -0.13070477545261383 -0.33692529797554016
1790642597754615090 0.8217020034790039 -0.13070477545261383 -0.3369310200214386
1790642597774582949 0.8217020034790039 -0.13070477545261383 -0.33693811297416687
1790642597805254397 0.8217020034790039 -0.13070477545261383 -0.3369482457637787
1790642597814978652 0.8217020034790039 -0.13070477545261383 -0.3369389474391937
1790642597834859691 0.8217020034790039 -0.13070477545261383 -0.3369480073451996
1790642597854817693 0.8217020034790039 -0.13070477545261383 -0.3369448184967041
1790642597874880115 0.8217020034790039 -0.13070477545261383 -0.3369585871696472
1790642597894753121 0.8217020034790039 -0.13070477545261383 -0.3369666635990143
1790642597914913371 0.8217020034790039 -0.13070477545261383 -0.3369764983654022
1790642597938561023 0.8217020034790039 -0.13070477545261383 -0.33696791529655457
1790642597957430438 0.8217020034790039 -0.13070477545261383 -0.3369517922401428
1790642597976936646 0.8217020034790039 -0.13070477545261383 -0.3369784653186798
1790642597997023741 0.8217020034790039 -0.13070477545261383 -0.336946964263916
1790642598018960189 0.8217020034790039 -0.13070477545261383 -0.3369520902633667
1790642598039369313 0.8217020034790039 -0.13070477545261383 -0.33696410059928894
1790642598059300882 0.8217020034790039 -0.13070477545261383 -0.33696189522743225
1790642598079439339 0.8217020034790039 -0.13070477545261383 -0.33697548508644104
1790642598099043887 0.8217020034790039 -0.13070477545261383 -0.3369861841201782
1790642598119304077 0.8217020034790039 -0.13070477545261383 -0.336976021528244
1790642598139135418 0.8217020034790039 -0.13070477545261383 -0.33698996901512146
1790642598159458523 0.8217020034790039 -0.13070477545261383 -0.33697709441185
1790642598179464271 0.8217020034790039 -0.13070477545261383 -0.336986780166626
1790642598199460802 0.8217020034790039 -0.13070477545261383 -0.3369896709918976
1790642598223721598 0.8217020034790039 -0.13070477545261383 -0.3369806706905365
1790642598243545099 0.8217020034790039 -0.13070477545261383 -0.3369717001914978
1790642598263551838 0.8217020034790039 -0.13070477545261383 -0.336988627910614
1790642598283590996 0.8217020034790039 -0.13070477545261383 -0.33698734641075134
1790642598311508447 0.8217020034790039 -0.13070477545261383 -0.33699509501457214
1790642598331632152 0.8217020034790039 -0.13070477545261383 -0.33696651458740234
1790642598353900485 0.8217020034790039 -0.13070477545261383 -0.33697032928466797
1790642598371565565 0.8217020034790039 -0.13070477545261383 -0.3369527757167816
1790642598391640819 0.8217020034790039 -0.13070477545261383 -0.3369717001914978
1790642598411681033 0.8217020034790039 -0.13070477545261383 -0.3369525671005249
1790642598431710845 0.8217020034790039 -0.13070477545261383 -0.33694419264793396
1790642598454217556 0.8217020034790039 -0.13070477545261383 -0.3369583487510681
1790642598473929372 0.8217020034790039 -0.13070477545261383 -0.33694517612457275
1790642598495608786 0.8217020034790039 -0.13070477545261383 -0.3369370698928833
1790642598514002694 0.8217020034790039 -0.13070477545261383 -0.3369266390800476
1790642598533951320 0.8217020034790039 -0.13070477545261383 -0.3368929922580719
1790642598554234679 0.8217020034790039 -0.13070477545261383 -0.3368794023990631
1790642598574056996 0.8217020034790039 -0.13070477545261383 -0.3368961215019226
1790642598640203729 0.8217020034790039 -0.13070477545261383 -0.33691397309303284
1790642598660362955 0.8217020034790039 -0.13070477545261383 -0.3369201719760895
1790642598680444738 0.8217020034790039 -0.13070477545261383 -0.33692866563796997
1790642598700258318 0.8217020034790039 -0.13070477545261383 -0.33693256974220276
1790642598720520876 0.8217020034790039 -0.13070477545261383 -0.33693885803222656
1790642598740305079 0.8217020034790039 -0.13070477545261383 -0.33692124485969543
1790642598760508275 0.8217020034790039 -0.13070477545261383 -0.3369254767894745
1790642598782602137 0.8217020034790039 -0.13070477545261383 -0.3369353413581848
1790642598802432102 0.8217020034790039 -0.13070477545261383 -0.3369363248348236
1790642598824651473 0.8217020034790039 -0.13070477545261383 -0.3369598090648651
1790642598844542945 0.8217020034790039 -0.13070477545261383 -0.3369598090648651
1790642598864437040 0.8217020034790039 -0.13070477545261383 -0.3369598090648651
1790642598886928358 0.8217020034790039 -0.13070477545261383 -0.3369598090648651
1790642598906782996 0.8217020034790039 -0.13070477545261383 -0.3369598090648651
1790642598926653411 0.8217020034790039 -0.13070477545261383 -0.3369598090648651
1790642598946968739 0.8217020034790039 -0.13070477545261383 -0.3369597792625427
1790642598966688171 0.8217020034790039 -0.13070477545261383 -0.3369597792625427
1790642598986813124 0.8217020034790039 -0.13070477545261383 -0.3369597792625427
1790642599010067128 0.8217020034790039 -0.13070477545261383 -0.3369598090648651
1790642599027127512 0.8217020034790039 -0.13070477545261383 -0.3369598090648651
1790642599046934692 0.8217020034790039 -0.13070477545261383 -0.3369597792625427
1790642599066893878 0.8217020034790039 -0.13070477545261383 -0.3369597792625427
1790642599086997934 0.8217020034790039 -0.13070477545261383 -0.3369598090648651
1790642599107058052 0.8217020034790039 -0.13070477545261383 -0.3369598090648651
1790642599127329506 0.8217020034790039 -0.13070477545261383 -0.3369598090648651
1790642599147400089 0.8217020034790039 -0.13070477545261383 -0.3369597792625427
1790642599167268231 0.8217020034790039 -0.13070477545261383 -0.3369598090648651
1790642599188005720 0.8217020034790039 -0.13070477545261383 -0.3369598090648651
1790642599207059590 0.8217020034790039 -0.13070477545261383 -0.3369597792625427
1790642599227175167 0.8217020034790039 -0.13070477545261383 -0.3369597792625427
1790642599249914974 0.8217020034790039 -0.13070477545261383 -0.3369597792625427
1790642599271213765 0.8217020034790039 -0.13070477545261383 -0.3369597792625427
1790642599291397440 0.8217020034790039 -0.13070477545261383 -0.3369597792625427
1790642599311265102 0.8217020034790039 -0.13070477545261383 -0.3369597792625427
1790642599331455754 0.8217020034790039 -0.13070477545261383 -0.3369597792625427
1790642599351421660 0.8217020034790039 -0.13070477545261383 -0.3369597792625427
1790642599371596343 0.8217020034790039 -0.13070477545261383 -0.3369597792625427
1790642599392869340 0.8217020034790039 -0.13070477545261383 -0.3369597792625427
1790642599411508474 0.8217020034790039 -0.13070477545261383 -0.3369597792625427
1790642599431635571 0.8217020034790039 -0.13070477545261383 -0.3369597792625427
1790642599453618453 0.8217020034790039 -0.13070477545261383 -0.3369598090648651
1790642599473510404 0.8217020034790039 -0.13070477545261383 -0.3369598090648651
1790642599493617052 0.8217020034790039 -0.13070477545261383 -0.3369598090648651
1790642599513722644 0.8217020034790039 -0.13070477545261383 -0.3369598090648651
1790642599533831340 0.8217020034790039 -0.13070477545261383 -0.3369598388671875
1790642599553829472 0.8217020034790039 -0.13070477545261383 -0.3369598090648651
1790642599573903382 0.8217020034790039 -0.13070477545261383 -0.3369598388671875
1790642599598822188 0.8217020034790039 -0.13070477545261383 -0.3369598388671875
1790642599634111578 0.8217020034790039 -0.13070477545261383 -0.3369598090648651
1790642599656008344 0.8217020034790039 -0.13070477545261383 -0.3369598090648651
1790642599674138466 0.8217020034790039 -0.13070477545261383 -0.3369598090648651
1790642599694030129 0.8217020034790039 -0.13070477545261383 -0.3369598090648651
1790642599714018053 0.8217020034790039 -0.13070477545261383 -0.3369598388671875
1790642599736037864 0.8217020034790039 -0.13070477545261383 -0.3369598388671875
1790642599756833435 0.8217020034790039 -0.13070477545261383 -0.3369598388671875
1790642599778325417 0.8217020034790039 -0.13070477545261383 -0.3369598388671875
1790642599798319517 0.8217020034790039 -0.13070477545261383 -0.3369598388671875
1790642599818304048 0.8217020034790039 -0.13070477545261383 -0.3369598388671875
1790642599838439753 0.8217020034790039 -0.13070477545261383 -0.3369598388671875
1790642599867276409 0.8217020034790039 -0.13070477545261383 -0.3369598388671875
1790642599882661783 0.8217020034790039 -0.13070477545261383 -0.3369598388671875
1790642599902511556 0.8217020034790039 -0.13070477545261383 -0.3369598388671875
1790642599922559994 0.8217020034790039 -0.13070477545261383 -0.3369598388671875
1790642599942637713 0.8217020034790039 -0.13070477545261383 -0.3369598388671875
1790642599962464670 0.8217020034790039 -0.13070477545261383 -0.3369598388671875
1790642599982502323 0.8217020034790039 -0.13070477545261383 -0.3369598388671875
1790642600002526600 0.8217020034790039 -0.13070477545261383 -0.3369598388671875
1790642600022655776 0.8217020034790039 -0.13070477545261383 -0.3369598388671875
1790642600042682933 0.8217020034790039 -0.13070477545261383 -0.3369598388671875
1790642600062726635 0.8217020034790039 -0.13070477545261383 -0.3369598388671875
1790642600082803233 0.8217020034790039 -0.13070477545261383 -0.3369598388671875
1790642600106666669 0.8217020034790039 -0.13070477545261383 -0.3369598388671875
1790642600126829159 0.8217020034790039 -0.13070477545261383 -0.3369598388671875
1790642600146920158 0.8217020034790039 -0.13070477545261383 -0.3369598388671875
1790642600166921906 0.8217020034790039 -0.13070477545261383 -0.3369598388671875
1790642600187376440 0.8217020034790039 -0.13070477545261383 -0.3369598388671875
1790642600207027422 0.8217020034790039 -0.13070477545261383 -0.3369598388671875
1790642600226924141 0.8217020034790039 -0.13070477545261383 -0.3369598388671875
1790642600246963779 0.8217020034790039 -0.13070477545261383 -0.3369598388671875
1790642600266981335 0.8217020034790039 -0.13070477545261383 -0.3369598388671875
1790642600294000703 0.8217020034790039 -0.13070477545261383 -0.3369598388671875
1790642600307075394 0.8217020034790039 -0.13070477545261383 -0.3369598388671875
1790642600327247613 0.8217020034790039 -0.13070477545261383 -0.3369598388671875
1790642600347352372 0.8217020034790039 -0.13070477545261383 -0.3369598388671875
1790642600367167809 0.8217020034790039 -0.13070477545261383 -0.3369598984718323
1790642600387421343 0.8217020034790039 -0.13070477545261383 -0.3369598984718323
1790642600407542455 0.8217020034790039 -0.13070477545261383 -0.3369598984718323
1790642600437519700 0.8217020034790039 -0.13070477545261383 -0.3369598984718323
1790642600457479302 0.8217020034790039 -0.13070477545261383 -0.3369598984718323
1790642600477370229 0.8217020034790039 -0.13070477545261383 -0.3369598984718323
1790642600497511374 0.8217020034790039 -0.13070477545261383 -0.3369598388671875
1790642600517651880 0.8217020034790039 -0.13070477545261383 -0.3369598388671875
1790642600537445043 0.8217020034790039 -0.13070477545261383 -0.3369598388671875
1790642600559748770 0.8217020034790039 -0.13070477545261383 -0.3369598388671875
1790642600581930251 0.8217020034790039 -0.13070477545261383 -0.3369276821613312
1790642600628963112 0.8217020034790039 -0.13070477545261383 -0.3369276821613312
1790642600645943364 0.8217020034790039 -0.13070477545261383 -0.3369276821613312
1790642600665927063 0.8217020034790039 -0.13070477545261383 -0.3369276821613312
1790642600685836328 0.8217020034790039 -0.13070477545261383 -0.3369276821613312
1790642600706015458 0.8217020034790039 -0.13070477545261383 -0.3369276821613312
1790642600725933139 0.8217020034790039 -0.13070477545261383 -0.3369276821613312
1790642600747924885 0.8217020034790039 -0.13070477545261383 -0.3369276821613312
1790642600765948571 0.8217020034790039 -0.13070477545261383 -0.3369276821613312
1790642600786197624 0.8217020034790039 -0.13070477545261383 -0.3369276821613312
1790642600806173099 0.8217020034790039 -0.13070477545261383 -0.3369276821613312
1790642600826066362 0.8217020034790039 -0.13070477545261383 -0.3369276821613312
1790642600846040429 0.8217020034790039 -0.13070477545261383 -0.3369276821613312
1790642600866127748 0.8217020034790039 -0.13070477545261383 -0.33692774176597595
1790642600886225404 0.8217020034790039 -0.13070477545261383 -0.33692774176597595
1790642600906106539 0.8217020034790039 -0.13070477545261383 -0.33692774176597595
1790642600926351496 0.8217020034790039 -0.13070477545261383 -0.33692774176597595
1790642600946534147 0.8217020034790039 -0.13070477545261383 -0.33692774176597595
1790642600966257932 0.8217020034790039 -0.13070477545261383 -0.33692774176597595
1790642600986288993 0.8217020034790039 -0.13070477545261383 -0.33692774176597595
1790642601006435546 0.8217020034790039 -0.13070477545261383 -0.3369276821613312
1790642601026325235 0.8217020034790039 -0.13070477545261383 -0.3369276821613312
1790642601046453035 0.8217020034790039 -0.13070477545261383 -0.3369276821613312
1790642601072527197 0.8217020034790039 -0.13070477545261383 -0.3369276821613312
1790642601092609011 0.8217020034790039 -0.13070477545261383 -0.3369276821613312
1790642601112461890 0.8217020034790039 -0.13070477545261383 -0.3369276821613312
1790642601134569112 0.8217020034790039 -0.13070477545261383 -0.3369276821613312
1790642601154708304 0.8217020034790039 -0.13070477545261383 -0.3369276523590088
1790642601174597856 0.8217020034790039 -0.13070477545261383 -0.3369276821613312
1790642601196743895 0.8217020034790039 -0.13070477545261383 -0.3369276523590088
1790642601216847726 0.8217020034790039 -0.13070477545261383 -0.3369276523590088
1790642601236727678 0.8217020034790039 -0.13070477545261383 -0.3369276821613312
1790642601256814932 0.8217020034790039 -0.13070477545261383 -0.3369276523590088
1790642601277526750 0.8217020034790039 -0.13070477545261383 -0.3369276523590088
1790642601296771226 0.8217020034790039 -0.13070477545261383 -0.3369276523590088
1790642601318124728 0.8217020034790039 -0.13070477545261383 -0.3369276523590088
1790642601336941286 0.8217020034790039 -0.13070477545261383 -0.3369276523590088
1790642601358986906 0.8217020034790039 -0.13070477545261383 -0.3369276523590088
1790642601379037167 0.8217020034790039 -0.13070477545261383 -0.3369276523590088
1790642601399040931 0.8217020034790039 -0.13070477545261383 -0.3369276523590088
1790642601419389506 0.8217020034790039 -0.13070477545261383 -0.3369276821613312
1790642601450173192 0.8217020034790039 -0.13070477545261383 -0.3369276821613312
1790642601469458181 0.8217020034790039 -0.13070477545261383 -0.33692774176597595
1790642601489249202 0.8217020034790039 -0.13070477545261383 -0.33692774176597595
1790642601509296711 0.8217020034790039 -0.13070477545261383 -0.33692774176597595
1790642601529538562 0.8217020034790039 -0.13070477545261383 -0.33692774176597595
1790642601549267181 0.8217020034790039 -0.13070477545261383 -0.33692774176597595
1790642601573522662 0.8217020034790039 -0.13070477545261383 -0.33692774176597595
1790642601633794442 0.8217020034790039 -0.13070477545261383 -0.33692774176597595
1790642601651722076 0.8217020034790039 -0.13070477545261383 -0.33692774176597595
1790642601671468040 0.8217020034790039 -0.13070477545261383 -0.33692774176597595
1790642601692120912 0.8217020034790039 -0.13070477545261383 -0.33692774176597595
1790642601711660149 0.8217020034790039 -0.13070477545261383 -0.33692774176597595
1790642601736760169 0.8217020034790039 -0.13070477545261383 -0.3369276821613312
1790642601755667386 0.8217020034790039 -0.13070477545261383 -0.33692774176597595
1790642601775825491 0.8217020034790039 -0.13070477545261383 -0.33692774176597595
1790642601795621152 0.8217020034790039 -0.13070477545261383 -0.3369276821613312
1790642601815988511 0.8217020034790039 -0.13070477545261383 -0.3369276821613312
1790642601835878735 0.8217020034790039 -0.13070477545261383 -0.3369276821613312
1790642601855867746 0.8217020034790039 -0.13070477545261383 -0.3369276821613312
1790642601877934775 0.8217020034790039 -0.13070477545261383 -0.3369276821613312
1790642601897933195 0.8217020034790039 -0.13070477545261383 -0.3369276821613312
1790642601920140067 0.8217020034790039 -0.13070477545261383 -0.3369276821613312
1790642601947513598 0.8217020034790039 -0.13070477545261383 -0.3369276821613312
1790642601960279983 0.8217020034790039 -0.13070477545261383 -0.3369276821613312
1790642601980121054 0.8217020034790039 -0.13070477545261383 -0.3369276821613312
1790642602000022670 0.8217020034790039 -0.13070477545261383 -0.3369276821613312
1790642602020155206 0.8217020034790039 -0.13070477545261383 -0.3369276821613312
1790642602042524004 0.8217020034790039 -0.13070477545261383 -0.3369276523590088
1790642602060145101 0.8217020034790039 -0.13070477545261383 -0.3369276821613312
1790642602080280101 0.8217020034790039 -0.13070477545261383 -0.3369276821613312
1790642602100209270 0.8217020034790039 -0.13070477545261383 -0.3369276821613312
1790642602120354254 0.8217020034790039 -0.13070477545261383 -0.3369276821613312
1790642602140281087 0.8217020034790039 -0.13070477545261383 -0.3369276821613312
1790642602160582365 0.8217020034790039 -0.13070477545261383 -0.3369276821613312
1790642602180451436 0.8217020034790039 -0.13070477545261383 -0.3369276821613312
1790642602200364765 0.8217020034790039 -0.13070477545261383 -0.3369276821613312
1790642602220705275 0.8217020034790039 -0.13070477545261383 -0.3369276821613312
1790642602240465127 0.8217020034790039 -0.13070477545261383 -0.3369276821613312
1790642602262637887 0.8217020034790039 -0.13070477545261383 -0.3369276821613312
1790642602284671474 0.8217020034790039 -0.13070477545261383 -0.3369276821613312
1790642602304846732 0.8217020034790039 -0.13070477545261383 -0.33692774176597595
1790642602325451058 0.8217020034790039 -0.13070477545261383 -0.3368901014328003
1790642602344883316 0.8217020034790039 -0.13070477545261383 -0.3368901014328003
1790642602364761732 0.8217020034790039 -0.13070477545261383 -0.3368901014328003
1790642602384796280 0.8217020034790039 -0.13070477545261383 -0.3368901312351227
1790642602405551364 0.8217020034790039 -0.13070477545261383 -0.3368901014328003
1790642602424900771 0.8217020034790039 -0.13070477545261383 -0.3368901014328003
1790642602445165567 0.8217020034790039 -0.13070477545261383 -0.3368901014328003
1790642602465329048 0.8217020034790039 -0.13070477545261383 -0.3368901014328003
1790642602485115780 0.8217020034790039 -0.13070477545261383 -0.3368901014328003
1790642602504955667 0.8217020034790039 -0.13070477545261383 -0.3368901014328003
1790642602538071970 0.8217020034790039 -0.13070477545261383 -0.3368901014328003
1790642602545649168 0.8217020034790039 -0.13070477545261383 -0.3368901014328003
1790642602565379035 0.8217020034790039 -0.13070477545261383 -0.3368900716304779
1790642602586493842 0.8217020034790039 -0.13070477545261383 -0.3368900716304779
1790642602647695986 0.8217020034790039 -0.13070477545261383 -0.3368900716304779
1790642602669215542 0.8217020034790039 -0.13070477545261383 -0.3368900716304779
1790642602689561812 0.8217020034790039 -0.13070477545261383 -0.3368900716304779
1790642602709315136 0.8217020034790039 -0.13070477545261383 -0.3368900716304779
1790642602729428375 0.8217020034790039 -0.13070477545261383 -0.3368900716304779
1790642602749494445 0.8217020034790039 -0.13070477545261383 -0.3368900716304779
1790642602769539522 0.8217020034790039 -0.13070477545261383 -0.3368900716304779
1790642602790116455 0.8217020034790039 -0.13070477545261383 -0.3368900716304779
1790642602809673357 0.8217020034790039 -0.13070477545261383 -0.3368900716304779
1790642602829493691 0.8217020034790039 -0.13070477545261383 -0.3368901014328003
1790642602849613299 0.8217020034790039 -0.13070477545261383 -0.3368901014328003
1790642602869517251 0.8217020034790039 -0.13070477545261383 -0.3368901014328003
1790642602891986436 0.8217020034790039 -0.13070477545261383 -0.3368901014328003
1790642602914238142 0.8217020034790039 -0.13070477545261383 -0.3368901014328003
1790642602933984970 0.8217020034790039 -0.13070477545261383 -0.3368901014328003
1790642602953844633 0.8217020034790039 -0.13070477545261383 -0.3368901014328003
1790642602975724264 0.8217020034790039 -0.13070477545261383 -0.3368901014328003
1790642602996375888 0.8217020034790039 -0.13070477545261383 -0.3368901014328003
1790642603015755824 0.8217020034790039 -0.13070477545261383 -0.3368901014328003
1790642603036091790 0.8217020034790039 -0.13070477545261383 -0.3368901014328003
1790642603056005663 0.8217020034790039 -0.13070477545261383 -0.3368901014328003
1790642603075899055 0.8217020034790039 -0.13070477545261383 -0.3368901014328003
1790642603096052744 0.8217020034790039 -0.13070477545261383 -0.3368901014328003
1790642603116384038 0.8217020034790039 -0.13070477545261383 -0.3368901014328003
1790642603135970604 0.8217020034790039 -0.13070477545261383 -0.3368901014328003
1790642603155997121 0.8217020034790039 -0.13070477545261383 -0.3368901014328003
1790642603176109016 0.8217020034790039 -0.13070477545261383 -0.3368901014328003
1790642603198341490 0.8217020034790039 -0.13070477545261383 -0.3368901014328003
1790642603216128096 0.8217020034790039 -0.13070477545261383 -0.3368901014328003
1790642603236201718 0.8217020034790039 -0.13070477545261383 -0.3368901014328003
1790642603256195721 0.8217020034790039 -0.13070477545261383 -0.3368900716304779
1790642603276359010 0.8217020034790039 -0.13070477545261383 -0.3368900716304779
1790642603296428952 0.8217020034790039 -0.13070477545261383 -0.3368900716304779
1790642603316382794 0.8217020034790039 -0.13070477545261383 -0.3368900716304779
1790642603336336060 0.8217020034790039 -0.13070477545261383 -0.3368900716304779
1790642603356417650 0.8217020034790039 -0.13070477545261383 -0.3368900716304779
1790642603386522659 0.8217020034790039 -0.13070477545261383 -0.3368900418281555
1790642603406517654 0.8217020034790039 -0.13070477545261383 -0.3368900418281555
1790642603426532394 0.8217020034790039 -0.13070477545261383 -0.3368900418281555
1790642603446952971 0.8217020034790039 -0.13070477545261383 -0.3368900418281555
1790642603466534002 0.8217020034790039 -0.13070477545261383 -0.3368900418281555
1790642603486716459 0.8217020034790039 -0.13070477545261383 -0.3368900716304779
1790642603506727647 0.8217020034790039 -0.13070477545261383 -0.3368900418281555
1790642603526726355 0.8217020034790039 -0.13070477545261383 -0.3368900418281555
1790642603546860586 0.8217020034790039 -0.13070477545261383 -0.3368900418281555
1790642603567017443 0.8217020034790039 -0.13070477545261383 -0.3368900418281555
1790642603592388639 0.8217020034790039 -0.13070477545261383 -0.3368900418281555
1790642603649059473 0.8217020034790039 -0.13070477545261383 -0.3368900418281555
1790642603670902847 0.8217020034790039 -0.13070477545261383 -0.3368900418281555
1790642603691236253 0.8217020034790039 -0.13070477545261383 -0.3368900418281555
1790642603711194127 0.8217020034790039 -0.13070477545261383 -0.3368900418281555
1790642603731118656 0.8217020034790039 -0.13070477545261383 -0.3368900418281555
1790642603751128788 0.8217020034790039 -0.13070477545261383 -0.3368900418281555
1790642603771367823 0.8217020034790039 -0.13070477545261383 -0.3368900418281555
1790642603793129754 0.8217020034790039 -0.13070477545261383 -0.3368900418281555
1790642603813383862 0.8217020034790039 -0.13070477545261383 -0.3368900418281555
1790642603833832376 0.8217020034790039 -0.13070477545261383 -0.3368900418281555
1790642603856064305 0.8217020034790039 -0.13070477545261383 -0.3368900418281555
1790642603875381679 0.8217020034790039 -0.13070477545261383 -0.3368900418281555
1790642603896601033 0.8217020034790039 -0.13070477545261383 -0.3368900418281555
1790642603915366966 0.8217020034790039 -0.13070477545261383 -0.3368900418281555
1790642603935516654 0.8217020034790039 -0.13070477545261383 -0.3368900418281555
1790642603959887243 0.8217020034790039 -0.13070477545261383 -0.3368900418281555
1790642603981609013 0.8217020034790039 -0.13070477545261383 -0.3368900418281555
1790642604001618025 0.8217020034790039 -0.13070477545261383 -0.3368900418281555
1790642604021510105 0.8217020034790039 -0.13070477545261383 -0.3368900418281555
1790642604041534765 0.8217020034790039 -0.13070477545261383 -0.3368900418281555
1790642604064240566 0.8217020034790039 -0.13070477545261383 -0.3368900418281555
1790642604082053285 0.8217020034790039 -0.13070477545261383 -0.33693942427635193
1790642604101875603 0.8217020034790039 -0.13070477545261383 -0.33693942427635193
1790642604121848774 0.8217020034790039 -0.13070477545261383 -0.33693942427635193
1790642604141923708 0.8217020034790039 -0.13070477545261383 -0.33693936467170715
1790642604161849805 0.8217020034790039 -0.13070477545261383 -0.33693942427635193
1790642604182147722 0.8217020034790039 -0.13070477545261383 -0.33693942427635193
1790642604201857076 0.8217020034790039 -0.13070477545261383 -0.33693942427635193
1790642604221885737 0.8217020034790039 -0.13070477545261383 -0.33693942427635193
1790642604242068738 0.8217020034790039 -0.13070477545261383 -0.33693942427635193
1790642604261999380 0.8217020034790039 -0.13070477545261383 -0.33693942427635193
1790642604282149452 0.8217020034790039 -0.13070477545261383 -0.33693942427635193
1790642604302051484 0.8217020034790039 -0.13070477545261383 -0.33693942427635193
1790642604323487613 0.8217020034790039 -0.13070477545261383 -0.33693942427635193
1790642604342552595 0.8217020034790039 -0.13070477545261383 -0.33693942427635193
1790642604367876270 0.8217020034790039 -0.13070477545261383 -0.33693942427635193
1790642604384521304 0.8217020034790039 -0.13070477545261383 -0.33693942427635193
1790642604404407176 0.8217020034790039 -0.13070477545261383 -0.33693942427635193
1790642604424439453 0.8217020034790039 -0.13070477545261383 -0.33693942427635193
1790642604454336935 0.8217020034790039 -0.13070477545261383 -0.3369394540786743
1790642604472664166 0.8217020034790039 -0.13070477545261383 -0.3369394540786743
1790642604494374544 0.8217020034790039 -0.13070477545261383 -0.3369394540786743
1790642604514765615 0.8217020034790039 -0.13070477545261383 -0.33693942427635193
1790642604534523387 0.8217020034790039 -0.13070477545261383 -0.33693942427635193
1790642604556766613 0.8217020034790039 -0.13070477545261383 -0.3369394540786743
1790642604576743080 0.8217020034790039 -0.13070477545261383 -0.3369394540786743
1790642604627547395 0.8217020034790039 -0.13070477545261383 -0.3369394540786743
1790642604635602975 0.8217020034790039 -0.13070477545261383 -0.3369394540786743
1790642604655022753 0.8217020034790039 -0.13070477545261383 -0.3369394540786743
1790642604677041652 0.8217020034790039 -0.13070477545261383 -0.3369394540786743
1790642604696753822 0.8217020034790039 -0.13070477545261383 -0.3369394540786743
1790642604718980696 0.8217020034790039 -0.13070477545261383 -0.3369394540786743
1790642604738946826 0.8217020034790039 -0.13070477545261383 -0.3369394540786743
1790642604759018304 0.8217020034790039 -0.13070477545261383 -0.3369394540786743
1790642604779643719 0.8217020034790039 -0.13070477545261383 -0.3369394540786743
1790642604802975428 0.8217020034790039 -0.13070477545261383 -0.3369394838809967
1790642604824755823 0.8217020034790039 -0.13070477545261383 -0.3369394540786743
1790642604843069358 0.8217020034790039 -0.13070477545261383 -0.3369394540786743
1790642604863216422 0.8217020034790039 -0.13070477545261383 -0.3369394540786743
1790642604883090198 0.8217020034790039 -0.13070477545261383 -0.3369394540786743
1790642604905131945 0.8217020034790039 -0.13070477545261383 -0.3369394838809967
1790642604925292354 0.8217020034790039 -0.13070477545261383 -0.3369394838809967
1790642604945503612 0.8217020034790039 -0.13070477545261383 -0.3369394838809967
1790642604965399629 0.8217020034790039 -0.13070477545261383 -0.3369463086128235
1790642604987769194 0.8217020034790039 -0.13070477545261383 -0.3369479477405548
1790642605005555737 0.8217020034790039 -0.13070477545261383 -0.33695125579833984
1790642605025521067 0.8217020034790039 -0.13070477545261383 -0.3369426131248474
1790642605045417372 0.8217020034790039 -0.13070477545261383 -0.3369623124599457
1790642605065416687 0.8217020034790039 -0.13070477545261383 -0.33695071935653687
1790642605085418691 0.8217020034790039 -0.13070477545261383 -0.3369444012641907
1790642605105630173 0.8217020034790039 -0.13070477545261383 -0.33694711327552795
1790642605125485228 0.8217020034790039 -0.13070477545261383 -0.3369314670562744
1790642605145592195 0.8217020034790039 -0.13070477545261383 -0.3369440734386444
1790642605165972131 0.8217020034790039 -0.13070477545261383 -0.3369421660900116
1790642605185717742 0.8217020034790039 -0.13070477545261383 -0.33693382143974304
1790642605206135407 0.8217020034790039 -0.13070477545261383 -0.3369411826133728
1790642605225893755 0.8217020034790039 -0.13070477545261383 -0.3369566798210144
1790642605246025747 0.8217020034790039 -0.13070477545261383 -0.33696359395980835
1790642605265791423 0.8217020034790039 -0.13070477545261383 -0.33698394894599915
1790642605286076379 0.8217020034790039 -0.13070477545261383 -0.33697348833084106
1790642605307967082 0.8217020034790039 -0.13070477545261383 -0.3369784355163574
1790642605328318697 0.8217020034790039 -0.13070477545261383 -0.3369808495044708
1790642605348031636 0.8217020034790039 -0.13070477545261383 -0.33700451254844666
1790642605367904355 0.8217020034790039 -0.13070477545261383 -0.3370126783847809
1790642605388211520 0.8217020034790039 -0.13070477545261383 -0.3370092809200287
1790642605408154994 0.8217020034790039 -0.13070477545261383 -0.33699801564216614
1790642605428666486 0.8217020034790039 -0.13070477545261383 -0.3369932770729065
1790642605448499108 0.8217020034790039 -0.13070477545261383 -0.3370125889778137
1790642605470245967 0.8217020034790039 -0.13070477545261383 -0.33700263500213623
1790642605490287556 0.8217020034790039 -0.13070477545261383 -0.3370186984539032
1790642605512341272 0.8217020034790039 -0.13070477545261383 -0.3370133340358734
1790642605532228552 0.8217020034790039 -0.13070477545261383 -0.33703088760375977
1790642605554349534 0.8217020034790039 -0.13070477545261383 -0.3370307683944702
1790642605575019207 0.8217020034790039 -0.13070477545261383 -0.33703505992889404
1790642605605325310 0.8217020034790039 -0.13070477545261383 -0.3370361328125
1790642605644397160 0.8217020034790039 -0.13070477545261383 -0.3370555639266968
1790642605666258678 0.8217020034790039 -0.13070477545261383 -0.33704227209091187
1790642605684635894 0.8217020034790039 -0.13070477545261383 -0.3370448052883148
1790642605704530791 0.8217020034790039 -0.13070477545261383 -0.33703356981277466
1790642605724622525 0.8217020034790039 -0.13070477545261383 -0.33704426884651184
1790642605748761747 0.8217020034790039 -0.13070477545261383 -0.33703145384788513
1790642605768708453 0.8217020034790039 -0.13070477545261383 -0.3370414972305298
1790642605798006524 0.8217020034790039 -0.13070477545261383 -0.3370686173439026
1790642605808732237 0.8217020034790039 -0.13070477545261383 -0.33707505464553833
1790642605830065482 0.8217020034790039 -0.13070477545261383 -0.3369297683238983
1790642605848986428 0.8217020034790039 -0.13070477545261383 -0.33691734075546265
1790642605868869868 0.8217020034790039 -0.13070477545261383 -0.3368890583515167
1790642605888953794 0.8217020034790039 -0.13070477545261383 -0.3369024693965912
1790642605908940981 0.8217020034790039 -0.13070477545261383 -0.3369160294532776
1790642605929252178 0.8217020034790039 -0.13070477545261383 -0.3369126617908478
1790642605950466348 0.8217020034790039 -0.13070477545261383 -0.3369104564189911
1790642605969129622 0.8217020034790039 -0.13070477545261383 -0.3369140028953552
1790642605989179307 0.8217020034790039 -0.13070477545261383 -0.33690690994262695
1790642606009124797 0.8217020034790039 -0.13070477545261383 -0.3369002044200897
1790642606029151409 0.8217020034790039 -0.13070477545261383 -0.3369315266609192
1790642606049253480 0.8217020034790039 -0.13070477545261383 -0.3369183838367462
1790642606069318526 0.8217020034790039 -0.13070477545261383 -0.33689773082733154
1790642606089319889 0.8217020034790039 -0.13070477545261383 -0.3368977904319763
1790642606109219170 0.8217020034790039 -0.13070477545261383 -0.33691245317459106
1790642606129540704 0.8217020034790039 -0.13070477545261383 -0.3368992209434509
1790642606149480753 0.8217020034790039 -0.13070477545261383 -0.33690905570983887
1790642606169378562 0.8217020034790039 -0.13070477545261383 -0.3369161784648895
1790642606191681054 0.8217020034790039 -0.13070477545261383 -0.33688971400260925
1790642606213413064 0.8217020034790039 -0.13070477545261383 -0.33688339591026306
1790642606233347289 0.8217020034790039 -0.13070477545261383 -0.33689674735069275
1790642606253535987 0.8217020034790039 -0.13070477545261383 -0.33690258860588074
1790642606273513574 0.8217020034790039 -0.13070477545261383 -0.336911141872406
1790642606293619772 0.8217020034790039 -0.13070477545261383 -0.336910218000412
1790642606313685426 0.8217020034790039 -0.13070477545261383 -0.3369137942790985
1790642606335635907 0.8217020034790039 -0.13070477545261383 -0.3368995785713196
1790642606355615286 0.8217020034790039 -0.13070477545261383 -0.33692416548728943
1790642606375661163 0.8217020034790039 -0.13070477545261383 -0.3369287848472595
1790642606396189583 0.8217020034790039 -0.13070477545261383 -0.3369200527667999
1790642606416023902 0.8217020034790039 -0.13070477545261383 -0.33692124485969543
1790642606446044268 0.8217020034790039 -0.13070477545261383 -0.33689191937446594
1790642606465895867 0.8217020034790039 -0.13070477545261383 -0.33689767122268677
1790642606486197432 0.8217020034790039 -0.13070477545261383 -0.3368960916996002
1790642606505931235 0.8217020034790039 -0.13070477545261383 -0.3368992507457733
1790642606525969112 0.8217020034790039 -0.13070477545261383 -0.33690258860588074
1790642606547972554 0.8217020034790039 -0.13070477545261383 -0.3368958830833435
1790642606568176100 0.8217020034790039 -0.13070477545261383 -0.3368980288505554
1790642606636497348 0.8217020034790039 -0.13070477545261383 -0.33687928318977356
1790642606644336154 0.8217020034790039 -0.13070477545261383 -0.3368743062019348
1790642606664356750 0.8217020034790039 -0.13070477545261383 -0.3368655741214752
1790642606691963601 0.8217020034790039 -0.13070477545261383 -0.3368758261203766
1790642606706503065 0.8217020034790039 -0.13070477545261383 -0.33686187863349915
1790642606726399241 0.8217020034790039 -0.13070477545261383 -0.33687835931777954
1790642606747036433 0.8217020034790039 -0.13070477545261383 -0.33686885237693787
1790642606766426801 0.8217020034790039 -0.13070477545261383 -0.3368755280971527
1790642606786555017 0.8217020034790039 -0.13070477545261383 -0.33686593174934387
1790642606806572221 0.8217020034790039 -0.13070477545261383 -0.3368816673755646
1790642606826578481 0.8217020034790039 -0.13070477545261383 -0.3368781805038452
1790642606846827244 0.8217020034790039 -0.13070477545261383 -0.33689817786216736
1790642606866718140 0.8217020034790039 -0.13070477545261383 -0.336896687746048
1790642606890779536 0.8217020034790039 -0.13070477545261383 -0.3369101285934448
1790642606908829670 0.8217020034790039 -0.13070477545261383 -0.33691033720970154
1790642606929066753 0.8217020034790039 -0.13070477545261383 -0.33691948652267456
1790642606948775947 0.8217020034790039 -0.13070477545261383 -0.33693382143974304
1790642606970781982 0.8217020034790039 -0.13070477545261383 -0.3369395434856415
1790642606990962903 0.8217020034790039 -0.13070477545261383 -0.3369162380695343
1790642607010788037 0.8217020034790039 -0.13070477545261383 -0.3369033634662628
1790642607030983871 0.8217020034790039 -0.13070477545261383 -0.33692631125450134
1790642607054362397 0.8217020034790039 -0.13070477545261383 -0.3369016647338867
1790642607071055977 0.8217020034790039 -0.13070477545261383 -0.3369000554084778
1790642607093020922 0.8217020034790039 -0.13070477545261383 -0.33690598607063293
1790642607113217908 0.8217020034790039 -0.13070477545261383 -0.33690086007118225
1790642607133086979 0.8217020034790039 -0.13070477545261383 -0.3369181156158447
1790642607153240636 0.8217020034790039 -0.13070477545261383 -0.33689749240875244
1790642607173150220 0.8217020034790039 -0.13070477545261383 -0.336887001991272
1790642607194800404 0.8217020034790039 -0.13070477545261383 -0.33688783645629883
1790642607213332057 0.8217020034790039 -0.13070477545261383 -0.33687490224838257
1790642607233237418 0.8217020034790039 -0.13070477545261383 -0.33689191937446594
1790642607253582568 0.8217020034790039 -0.13070477545261383 -0.33688125014305115
1790642607273243601 0.8217020034790039 -0.13070477545261383 -0.33687683939933777
1790642607293527022 0.8217020034790039 -0.13070477545261383 -0.33688774704933167
1790642607313365756 0.8217020034790039 -0.13070477545261383 -0.33687686920166016
1790642607333458931 0.8217020034790039 -0.13070477545261383 -0.3368670642375946
1790642607353641388 0.8217020034790039 -0.13070477545261383 -0.3368602395057678
1790642607373375768 0.8217020034790039 -0.13070477545261383 -0.3368602693080902
1790642607397601200 0.8217020034790039 -0.13070477545261383 -0.33685749769210815
1790642607417458815 0.8217020034790039 -0.13070477545261383 -0.3368578255176544
1790642607437705306 0.8217020034790039 -0.13070477545261383 -0.3368629217147827
1790642607457800145 0.8217020034790039 -0.13070477545261383 -0.336861789226532
1790642607477808869 0.8217020034790039 -0.13070477545261383 -0.33684125542640686
1790642607497698261 0.8217020034790039 -0.13070477545261383 -0.33685043454170227
1790642607517873710 0.8217020034790039 -0.13070477545261383 -0.3368619680404663
1790642607537957316 0.8217020034790039 -0.13070477545261383 -0.33685749769210815
1790642607557819379 0.8217020034790039 -0.13070477545261383 -0.33685609698295593
1790642607577882313 0.8217020034790039 -0.13070477545261383 -0.33688777685165405
1790642607637403189 0.8217020034790039 -0.13070477545261383 -0.33688777685165405
1790642607653085793 0.8217020034790039 -0.13070477545261383 -0.33688777685165405
1790642607672391135 0.8217020034790039 -0.13070477545261383 -0.33688777685165405
1790642607692043719 0.8217020034790039 -0.13070477545261383 -0.33688777685165405
1790642607712210016 0.8217020034790039 -0.13070477545261383 -0.33688777685165405
1790642607732109841 0.8217020034790039 -0.13070477545261383 -0.33688777685165405
1790642607752166662 0.8217020034790039 -0.13070477545261383 -0.33688777685165405
1790642607772679082 0.8217020034790039 -0.13070477545261383 -0.33688777685165405
1790642607793943141 0.8217020034790039 -0.13070477545261383 -0.33688777685165405
1790642607812339142 0.8217020034790039 -0.13070477545261383 -0.33688777685165405
1790642607834253718 0.8217020034790039 -0.13070477545261383 -0.33688777685165405
1790642607854360493 0.8217020034790039 -0.13070477545261383 -0.33688777685165405
1790642607874466852 0.8217020034790039 -0.13070477545261383 -0.33688777685165405
1790642607894528889 0.8217020034790039 -0.13070477545261383 -0.33688777685165405
1790642607914553582 0.8217020034790039 -0.13070477545261383 -0.33688777685165405
1790642607934512128 0.8217020034790039 -0.13070477545261383 -0.33688777685165405
1790642607954978594 0.8217020034790039 -0.13070477545261383 -0.33688777685165405
1790642607974551657 0.8217020034790039 -0.13070477545261383 -0.33688777685165405
1790642607996725792 0.8217020034790039 -0.13070477545261383 -0.33688777685165405
1790642608016931579 0.8217020034790039 -0.13070477545261383 -0.33688777685165405
1790642608036730312 0.8217020034790039 -0.13070477545261383 -0.33688777685165405
1790642608061017538 0.8217020034790039 -0.13070477545261383 -0.33688777685165405
1790642608080719052 0.8217020034790039 -0.13070477545261383 -0.33688777685165405
1790642608100840900 0.8217020034790039 -0.13070477545261383 -0.33688777685165405
1790642608123004443 0.8217020034790039 -0.13070477545261383 -0.33688777685165405
1790642608142841738 0.8217020034790039 -0.13070477545261383 -0.33688777685165405
1790642608165981376 0.8217020034790039 -0.13070477545261383 -0.33688777685165405
1790642608183301023 0.8217020034790039 -0.13070477545261383 -0.33688780665397644
1790642608204984840 0.8217020034790039 -0.13070477545261383 -0.33688780665397644
1790642608226637391 0.8217020034790039 -0.13070477545261383 -0.33688780665397644
1790642608244985871 0.8217020034790039 -0.13070477545261383 -0.33688780665397644
1790642608265076581 0.8217020034790039 -0.13070477545261383 -0.33688777685165405
1790642608285140283 0.8217020034790039 -0.13070477545261383 -0.33688780665397644
1790642608305359157 0.8217020034790039 -0.13070477545261383 -0.33688780665397644
1790642608325352681 0.8217020034790039 -0.13070477545261383 -0.33688777685165405
1790642608345429983 0.8217020034790039 -0.13070477545261383 -0.33688780665397644
1790642608368511603 0.8217020034790039 -0.13070477545261383 -0.33688780665397644
1790642608385989208 0.8217020034790039 -0.13070477545261383 -0.33688780665397644
1790642608405372472 0.8217020034790039 -0.13070477545261383 -0.33688780665397644
1790642608427415692 0.8217020034790039 -0.13070477545261383 -0.33688780665397644
1790642608447833964 0.8217020034790039 -0.13070477545261383 -0.33688780665397644
1790642608469492052 0.8217020034790039 -0.13070477545261383 -0.33688780665397644
1790642608489448454 0.8217020034790039 -0.13070477545261383 -0.33688780665397644
1790642608509561405 0.8217020034790039 -0.13070477545261383 -0.33688780665397644
1790642608529636083 0.8217020034790039 -0.13070477545261383 -0.33688780665397644
1790642608552088980 0.8217020034790039 -0.13070477545261383 -0.33688780665397644
1790642608571846464 0.8217020034790039 -0.13070477545261383 -0.33688780665397644
1790642608596172539 0.8217020034790039 -0.13070477545261383 -0.33688780665397644
1790642608641803795 0.8217020034790039 -0.13070477545261383 -0.33688780665397644
1790642608662135057 0.8217020034790039 -0.13070477545261383 -0.33688780665397644
1790642608681909086 0.8217020034790039 -0.13070477545261383 -0.33688780665397644
1790642608702236764 0.8217020034790039 -0.13070477545261383 -0.33688780665397644
1790642608732150406 0.8217020034790039 -0.13070477545261383 -0.33688780665397644
1790642608752662858 0.8217020034790039 -0.13070477545261383 -0.33688780665397644
1790642608773041129 0.8217020034790039 -0.13070477545261383 -0.3368878662586212
1790642608795458441 0.8217020034790039 -0.13070477545261383 -0.33688780665397644
1790642608813088882 0.8217020034790039 -0.13070477545261383 -0.3368878662586212
1790642608832203754 0.8217020034790039 -0.13070477545261383 -0.3368878662586212
1790642608852444421 0.8217020034790039 -0.13070477545261383 -0.3368878662586212
1790642608872319765 0.8217020034790039 -0.13070477545261383 -0.3368878662586212
1790642608894671474 0.8217020034790039 -0.13070477545261383 -0.33688780665397644
1790642608914794890 0.8217020034790039 -0.13070477545261383 -0.33688780665397644
1790642608934248076 0.8217020034790039 -0.13070477545261383 -0.3368878662586212
1790642608955504263 0.8217020034790039 -0.13070477545261383 -0.3368878662586212
